<?xml version='1.0'?><FundNews><NewsData Fund='Detail'><News1>&#09; ช่วง 2 เดือนที่ผ่านมาตลาดหุ้นปรับตัวลดลงมากถึง 55.48 จุด คิดเป็นร้อยละ 7.67 จากปัจจัยลบดังกล่าวที่รุมเร้าเข้ามาในตลาด ทำให้ตลาดหุ้นไทยปรับตัวลดลงมากกว่าตลาดหุ้นอื่นๆในแถบเอเชียด้วยกัน ผู้จัดการกองทุนคาดว่าตลาดหุ้นน่าจะมีเทคนิเคิลรีบาวด์ได้บ้าง แต่คงปรับขึ้นไม่มากนัก เนื่องจากเดือนธันวาคมจะเป็นช่วงวันหยุดยาวของนักลงทุนต่างประเทศ อีกทั้งตลาดขาดปัจจัยบวกใหม่ๆเข้ามากระตุ้น ซึ่งน่าจะทำให้ภาวะการลงทุนในตลาดหุ้นซบเซา   ในเดือนนี้ ผู้จัดการกองทุนยังคงถือเงินสดไว้ก่อน เนื่องจากตลาดยังมีความผันผวนสูง และผู้จัดการกองทุนจะหาจังหวะเข้าลงทุนในจังหวะที่เหมาะสมต่อไป</News1><News2>&#13;&#09;</News2><News3>&#13;&#09;</News3> </NewsData>  </FundNews> 
