<?xml version='1.0'?><FundNews><NewsData Fund='Detail'><News1>&#09;ในเดือนนี้ ผู้จัดการกองทุนได้มีการปรับพอร์ตการลงทุนโดยเลือกซื้อหุ้นธนาคารพาณิชย์ หุ้นรับเหมาก่อสร้างที่ได้ประโยชน์จากเมกะโปรเจคท์ของรัฐบาล หุ้นกลุ่มอาหารซึ่งได้รับผลดีจากการส่งออก และขายทำกำไรในหุ้นกลุ่มพลังงานและกลุ่มสื่อสารบางตัว ในระยะสั้น ผู้จัดการกองทุนคาดว่าตลาดหุ้นน่าจะแกว่งตัวอยู่ในช่วงแคบๆ โดยนักลงทุนสถาบันทั้งในและต่างประเทศคงเริ่มปรับพอร์ตเพื่อเตรียมเงินสำหรับการจองซื้อหุ้นจอง (IPO) ขนาดใหญ่ เช่น เบียร์ช้าง และ การไฟฟ้าฝ่ายผลิต ฯ ในไตรมาสสี่ปีนี้ ซึ่งจะทำให้ภาวะการลงทุนในตลาดหุ้นกลับมาคึกคักอีกได้ </News1><News2>&#13;&#09;</News2><News3>&#13;&#09;</News3> </NewsData>  </FundNews> 
