<?xml version='1.0'?><FundNews><NewsData Fund='Detail'><News1>&#09;ในเดือนนี้ ผู้จัดการกองทุนได้ทยอยเพิ่มน้ำหนักการลงทุนมากขึ้นในช่วงที่ตลาดปรับตัวลดลงโดยเน้นเลือกซื้อหุ้นกลุ่มธนาคารพาณิชย์ หุ้นกลุ่มสื่อสาร หุ้นหลักทรัพย์ และหุ้นกลุ่มขนส่งเป็นหลัก รวมถึงจองซื้อหุ้นจองใหม่ๆ และขายทำกำไรในหุ้นบางตัวบ้าง รวมถึงหุ้นจองที่เข้าตลาดในวันแรก เพื่อลดความเสี่ยง ช่วง 2 เดือนที่ผ่านมาตลาดหุ้นปรับตัวลดลงมากถึง 55.48 จุด คิดเป็นร้อยละ 7.67 จากปัจจัยลบดังกล่าวที่รุมเร้าเข้ามาในตลาด ทำให้ตลาดหุ้นไทยปรับตัวลดลงมากกว่าตลาดหุ้นอื่นๆในแถบเอเชียด้วยกัน ผู้จัดการกองทุนคาดว่าตลาดหุ้นน่าจะมีเทคนิเคิลรีบาวด์ได้บ้าง แต่คงปรับขึ้นไม่มากนัก เนื่องจากเดือนธันวาคมจะเป็นช่วงวันหยุดยาวของนักลงทุนต่างประเทศ อีกทั้งตลาดขาดปัจจัยบวกใหม่ๆเข้ามากระตุ้น ซึ่งน่าจะทำให้ภาวะการลงทุนในตลาดหุ้นซบเซา </News1><News2>&#13;&#09;</News2><News3>&#13;&#09;</News3> </NewsData>  </FundNews> 
