<?xml version='1.0'?><FundNews><NewsData Fund='Detail'><News1>&#09;สำหรับเดือนนี้ ในส่วนของตราสารหนี้ ผู้จัดการกองทุนได้ดำเนินการไถ่ถอนกองทุน STSF และกองทุน TSBF ในช่วงต้นเดือน พ.ย. และเปลี่ยนมาเข้าลงทุนในกองทุน T-CASH แทน  ส่วนของหุ้นนั้น ผู้จัดการกองทุนได้เลือกซื้อหุ้นเพิ่ม โดยซื้อหุ้นกลุ่มหุ้นหลักทรัพย์ และหุ้นกลุ่มสื่อสาร รวมถึงจองซื้อหุ้น CAWOW อย่างไรก็ตาม ผู้จัดการกองทุนได้ขายหุ้นบางตัวออกบ้าง รวมถึงหุ้นจองที่เข้าตลาดในวันแรก เพื่อลดความเสี่ยงจากภาวะตลาดหุ้นที่ลดลงโดยตลอด และผู้จัดการกองทุนจะบริหารเงินกองทุนของท่านภายใต้กรอบนโยบายที่กำหนดไว้อย่างเต็มที่ต่อไป </News1><News2>&#13;&#09;</News2><News3>&#13;&#09;</News3> </NewsData>  </FundNews> 
