<?xml version='1.0'?><FundNews><NewsData Fund='Detail'><News1>&#09;สำหรับเดือนนี้ ในส่วนของตราสารหนี้ ไม่มีรายการลงทุนเพิ่มเติม ส่วนของหุ้นนั้น ผู้จัดการกองทุนได้ซื้อหุ้นพลังงานที่ได้ประโยชน์จากราคาน้ำมันที่สูงขึ้น ต่อมาได้ขายหุ้นพลังงานดังกล่าวออก เนื่องจากท่านต้องการลดความเสี่ยงจากการลงทุน อย่างไรก็ตาม ผู้จัดการกองทุนจะกลับเข้าลงทุนในตลาดหุ้นในจังหวะที่เหมาะสมต่อไป</News1><News2>&#13;&#09;</News2><News3>&#13;&#09;</News3> </NewsData>  </FundNews> 
