<?xml version='1.0'?><FundNews><NewsData Fund='Detail'><News1>&#09;สำหรับเดือนนี้ ในส่วนของตราสารหนี้ ผู้จัดการกองทุนได้ไถ่ถอนกองทุนเปิดสินสมบัติทั้งจำนวน ส่วนของหุ้นนั้น ผู้จัดการกองทุนได้เลือกซื้อหุ้นธนาคารพาณิชย์ หุ้นรับเหมาก่อสร้างที่ได้ประโยชน์จากเมกะโปรเจคท์ของรัฐบาล หุ้นกลุ่มอาหารซึ่งได้รับผลดีจากการส่งออก หุ้นสื่อสารและหุ้นกลุ่มหลักทรัพย์ อย่างไรก็ตาม ผู้จัดการกองทุนจะเข้าลงทุนในตลาดหุ้นในจังหวะที่เหมาะสมต่อไป</News1><News2>&#13;&#09;</News2><News3>&#13;&#09;</News3> </NewsData>  </FundNews> 
