<?xml version='1.0'?><FundNews><NewsData Fund='Detail'><News1>&#09;ในเดือนนี้ ไม่มีรายการลงทุนในตราสารหนี้เพิ่มเติม ผู้จัดการกองทุนได้มีการปรับพอร์ตการลงทุนโดยเลือกซื้อหุ้นธนาคารพาณิชย์ หุ้นรับเหมาก่อสร้างที่ได้ประโยชน์จากเมกะโปรเจคท์ของรัฐบาล หุ้นกลุ่มอาหารซึ่งได้รับผลดีจากการส่งออก และขายทำกำไรในหุ้นกลุ่มพลังงานและกลุ่มสื่อสารบางตัว </News1><News2>&#13;&#09;</News2><News3>&#13;&#09;</News3> </NewsData>  </FundNews> 
