<?xml version='1.0'?><FundNews><NewsData Fund='Detail'><News1>&#09;ในเดือนนี้ ผู้จัดการกองทุนได้มีการปรับพอร์ตการลงทุนโดยเลือกซื้อหุ้นกลุ่มสื่อสาร และหุ้นรับเหมาก่อสร้างที่ได้ประโยชน์จากเมกะโปรเจคท์ของรัฐบาล และขายหุ้นในกลุ่มปิโตรเคมีเพื่อลดความเสี่ยงจากแนวโน้มอัตรากำไรที่ลดลง และขายทำกำไรในหุ้นสื่อสารบ้าง</News1><News2>&#13;&#09;</News2><News3>&#13;&#09;</News3> </NewsData>  </FundNews> 
