<?xml version='1.0'?><FundNews><NewsData Fund='Detail'><News1>&#09;ในเดือนนี้ ในส่วนของตราสารหนี้ ผู้จัดการกองทุนได้แบ่งเงินบางส่วนเพื่อลงทุนในหน่วยลงทุนของกองทุนตราสารหนี้ภาครัฐระยะสั้น ในส่วนของหุ้นนั้น ผู้จัดการกองทุนได้ทยอยเพิ่มน้ำหนักการลงทุนในหุ้นมากขึ้นในช่วงที่ตลาดปรับตัวลดลงโดยเน้นเลือกซื้อหุ้นกลุ่มธนาคารพาณิชย์ และหุ้นกลุ่มสื่อสารเป็นหลัก รวมถึงจองซื้อหุ้นจองใหม่ๆ และขายทำกำไรในหุ้นบางตัวบ้าง </News1><News2>&#13;&#09;</News2><News3>&#13;&#09;</News3> </NewsData>  </FundNews> 
