<?xml version='1.0'?><FundNews><NewsData Fund='Detail'><News1>&#09;ในเดือนตุลาคม ผู้จัดการกองทุนลงทุนในตั๋วเงินคลังและพันธบัตรรัฐวิสาหกิจระยะสั้นอายุ 1 เดือน และ 6 เดือน และทยอยลงทุนเพิ่มเติมในหุ้นกลุ่มธนาคารพาณิชย์ในช่วงที่ดัชนีตลาดหลักทรัพย์ฯ ปรับตัวลดลง ทั้งนี้ผู้จัดการกองทุนจะบริหารเงินกองทุนของท่านภายใต้กรอบนโยบายอย่างเต็มความสามารถต่อไป</News1><News2>&#13;&#09;</News2><News3>&#13;&#09;</News3> </NewsData>  </FundNews> 
