<?xml version="1.0"?>
<FundNews>
   <NewsData Fund="Detail">
      <News1>ตลาดตราสารหนี้เดือนกุมภาพันธ์ปรับตัวดีขึ้น ปริมาณการซื้อขายเฉลี่ยต่อวันสูงถึง 18,870 ล้านบาท นักลงทุนให้ความสนใจในตราสารหนี้ระยะสั้นค่อนข้างมาก คาดว่าส่วนหนึ่งเป็นผลมาจากความต้องการพักเงินของเงินทุนที่ไหลเข้าตลาดหุ้น สำหรับอัตราผลตอบแทน (Yield) ของพันธบัตรรัฐบาลระยะสั้นปรับตัวเพิ่มขึ้น ในขณะที่อัตราผลตอบแทนระยะปานกลางและระยะยาวปรับตัวลดลง แม้ว่าในช่วงต้นเดือนกุมภาพันธ์ธนาคารกลางสหรัฐฯ ได้ปรับขึ้นอัตราดอกเบี้ยติดต่อกันเป็นครั้งที่ 6 อีกร้อยละ 0.25 ต่อปี มาอยู่ที่ร้อยละ 2.50 ต่อปี เนื่องจากภาคการผลิตยังคงขยายตัว ภาวะการจ้างงานค่อยๆ ปรับดีขึ้น และอัตราเงินเฟ้อยังควบคุมได้ และได้มีแถลงการณ์ที่ทำให้นักลงทุนคาดว่าการปรับขึ้นอัตราดอกเบี้ยในอนาคตจะเป็นอย่างค่อยเป็นค่อยไป ในเดือนกุมภาพันธ์ผลตอบแทน (Return) จากการลงทุนในพันธบัตรรัฐบาลปรับตัวเพิ่มขึ้นร้อยละ 0.73 และหุ้นกู้เอกชนปรับตัวเพิ่มขึ้นร้อยละ 0.50 แนวโน้มการลงทุนในตลาดตราสารหนี้ในเดือนมีนาคม นักลงทุนคงให้ความสนใจกับปัจจัยเรื่องการปรับขึ้นอัตราดอกเบี้ยในประเทศซึ่งจะมีการประชุมคณะกรรมการนโยบายการเงินช่วงต้นเดือน กลยุทธ์การลงทุนยังคงให้ความสำคัญกับการลงทุนในตราสารหนี้ที่มีอายุคงเหลือไม่ยาวมาก เพื่อลดความผันผวนของอัตราผลตอบแทน</News1>
      <News2>ตลาดหุ้นเดือนกุมภาพันธ์ยังคงสดใสต่อเนื่องจากเดือนที่แล้ว ดัชนีตลาดหลักทรัพย์ฯ ปรับตัวเพิ่มขึ้นถึง 39.64 จุด หรือร้อยละ 5.65 มาปิดที่ 741.55 จุด ด้วยปริมาณการซื้อขายเฉลี่ยต่อวัน 22,800 ล้านบาท โดยปัจจัยที่มีผลต่อภาวะการลงทุนในตลาดหุ้นมีดังนี้ 1) แรงซื้อของนักลงทุนต่างชาติที่ยังคงเข้ามาในตลาดหุ้นไทยอย่างต่อเนื่องอีกกว่า 31,600 ล้านบาท 2) พรรคไทยรักไทยชนะการเลือกตั้งทั่วไปอย่างถล่มทลายและคาดว่าจะเป็นรัฐบาลพรรคเดียว ทำให้นักลงทุนเห็นว่าการเมืองไทยจะมีเสถียรภาพมากยิ่งขึ้น 3) การประกาศผลกำไรของปี 2547 ที่ดีกว่าคาดการณ์ของหุ้นกลุ่มหลักๆ รวมทั้งการประกาศจ่ายเงินปันผลในอัตราที่สูง 4) ราคาน้ำมันในตลาดโลกปรับตัวสูงขึ้นมาก และรัฐบาลประกาศปรับขึ้นราคาน้ำมันดีเซลอีกลิตรละ 60 สตางค์ หลังจากที่ต้องแบกรับภาระแทนประมาณ 70,000 ล้านบาท แนวโน้มในระยะสั้น ตลาดหุ้นไทยน่าจะปรับฐานหลังจากปรับตัวเพิ่มขึ้นโดยตลอดตั้งแต่ต้นปี เป็นการตอบรับข่าวดีต่างๆ ไปมากแล้ว โดยปัจจัยที่ต้องติดตามอย่างใกล้ชิด คือ แรงซื้อของนักลงทุนต่างชาติ ดังนั้น หากนักลงทุนต่างชาติเริ่มเทขายทำกำไรก็น่าจะทำให้ตลาดหุ้นมีความผันผวนได้ อย่างไรก็ตาม ผู้จัดการกองทุนเชื่อว่าดัชนีตลาดหลักทรัพย์ฯ ที่ประมาณ 700 จุด จะเป็นระดับที่สามารถทยอยสะสมหุ้นปัจจัยพื้นฐานดีอีกครั้งหนึ่ง </News2>
      <News3>ในเดือนกุมภาพันธ์ ผู้จัดการกองทุนลงทุนเพิ่มเติมในพันธบัตรรัฐวิสาหกิจระยะปานกลาง และพักเงินในพันธบัตรระยะสั้นไปบางส่วน  นอกจากนี้ได้ทยอยขายทำกำไรในหุ้นออกไปในช่วงที่ดัชนีตลาดหลักทรัพย์ฯ ปรับสูงขึ้น ทั้งนี้ ผู้จัดการกองทุนจะบริหารจัดการเงินกองทุนของท่านภายใต้กรอบนโยบายอย่างเต็มความสามารถและในจังหวะที่เหมาะสมต่อไป</News3>
   </NewsData>
</FundNews>