<?xml version='1.0'?><FundNews><NewsData Fund='Detail'><News1>&#09;ในเดือนกันยายน ผู้จัดการกองทุนลงทุนเพิ่มเติมในตั๋วเงินคลัง และทยอยซื้อหุ้นกลุ่มธนาคารพาณิชย์เพิ่มเติม นอกจากนี้ได้ขายทำกำไรหุ้น บมจ. ปตท. ออกไปบางส่วน ทั้งนี้ ผู้จัดการกองทุนจะบริหารเงินกองทุนของท่านภายใต้กรอบนโยบายอย่างเต็มความสามารถต่อไป</News1><News2>&#13;&#09;</News2><News3>&#13;&#09;</News3> </NewsData>  </FundNews> 
