<?xml version='1.0'?><FundNews><NewsData Fund='Detail'><News1>&#09;ในเดือนสิงหาคม ผู้จัดการกองทุนลงทุนเพิ่มเติมในตั๋วเงินคลัง และซื้อหุ้นของ บมจ. การบินไทยไปบางส่วน ทั้งนี้ ผู้จัดการกองทุนจะบริหารเงินกองทุนของท่านภายใต้กรอบนโยบายอย่างเต็มความสามารถและในจังหวะที่เหมาะสมต่อไป</News1><News2>&#13;&#09;</News2><News3>&#13;&#09;</News3> </NewsData>  </FundNews> 
