<?xml version='1.0'?><FundNews><NewsData Fund='Detail'><News1>&#09;ในช่วงต้นเดือนพฤศจิกายน ผู้จัดการกองทุนลงทุนในตั๋วเงินคลังและลงทุนเพิ่มเติมเล็กน้อยในหุ้นธนาคารพาณิชย์ แต่หลังจากที่ท่านได้แจ้งยกเลิกสัญญามอบหมายให้จัดการกองทุน ผู้จัดการกองทุนได้ขายหุ้นที่มีกำไรมากกว่า 10% จากราคาทุนออกไป หลังจากนั้นได้คงสถานะการลงทุนไว้เพื่อเตรียมส่งมอบหลักทรัพย์ตามความประสงค์ต่อไป สุดท้ายนี้ บลจ. ธนชาต ขอขอบคุณที่ท่านได้ให้ความไว้วางใจในการบริหารจัดการเงินกองทุนของท่าน และหวังเป็นอย่างยิ่งว่าจะมีโอกาสได้รับความไว้วางใจจากท่านอีกในโอกาสต่อไป</News1><News2>&#13;&#09;</News2><News3>&#13;&#09;</News3> </NewsData>  </FundNews> 
