<?xml version='1.0'?><FundNews><NewsData Fund='Detail'><News1>&#09;ในเดือนนี้ ผู้จัดการกองทุนได้ปรับพอร์ตการลงทุน โดยเน้นเลือกซื้อหุ้นกลุ่มธนาคารพาณิชย์ หุ้นกลุ่มสื่อสาร หุ้นกลุ่มผู้รับเหมาและหุ้นพัฒนาอุตสาหกรรมเป็นหลัก และได้ขายทำกำไรในหุ้นบางตัวออกบ้าง ผู้จัดการกองทุนจะบริหารเงินกองทุนของท่านภายใต้กรอบนโยบายที่กำหนดไว้อย่างเต็มที่ต่อไป</News1><News2>&#13;&#09;</News2><News3>&#13;&#09;</News3> </NewsData>  </FundNews> 
