<?xml version='1.0'?><FundNews><NewsData Fund='Detail'><News1>&#09;ในเดือนนี้ ผู้จัดการกองทุนได้ทยอยเพิ่มน้ำหนักการลงทุนในหุ้นมากขึ้นในช่วงที่ตลาดปรับตัวลดลงโดยเน้นเลือกซื้อหุ้นกลุ่มธนาคารพาณิชย์ และหุ้นกลุ่มสื่อสารเป็นหลัก รวมถึงจองซื้อหุ้นจองใหม่ๆ และขายทำกำไรในหุ้นบางตัวบ้าง และผู้จัดการกองทุนจะบริหารเงินกองทุนของท่านภายใต้กรอบนโยบายที่กำหนดไว้อย่างเต็มที่ต่อไป</News1><News2>&#13;&#09;</News2><News3>&#13;&#09;</News3> </NewsData>  </FundNews> 
