<?xml version='1.0'?><FundNews><NewsData Fund='Detail'><News1>&#09;ในเดือนนี้ ผู้จัดการกองทุนได้เลือกซื้อหุ้นกลุ่มสื่อสาร และหุ้นพลังงานที่ได้ประโยชน์จากราคาน้ำมันที่สูงขึ้นในช่วงต้นเดือน อย่างไรก็ตาม ต่อมาผู้จัดการกองทุนต้องขายหุ้นกลุ่มต่างๆที่ลงทุนออก เนื่องจากท่านได้แจ้งความประสงค์ลดเงินลงทุนของกองทุนลง</News1><News2>&#13;&#09;</News2><News3>&#13;&#09;</News3> </NewsData>  </FundNews> 
