<?xml version='1.0'?><FundNews><NewsData Fund='Detail'><News1>&#09;สำหรับเดือนนี้ ในส่วนของตราสารหนี้ กองทุนของท่านได้รับเงินต้นพร้อมผลประโยชน์คืนจากกองทุนเปิดธนชาติตั๋วเงินคลังคุ้มครองเงินต้น 6M/1 ซึ่งครบครบกำหนดอายุ และในช่วงต้นเดือน ต.ค. ผู้จัดการกองทุนจะเลือกลงทุนในกองทุนเปิดธนชาตพันธบัตรรัฐคุ้มครองเงินต้น 1 ซึ่งเน้นการลงทุนในตราสารหนี้ภาครัฐระยะสั้นไม่เกิน 6 เดือน โดยยังคงรักษาสัดส่วนตามนโยบายการลงทุนที่ท่านได้กำหนดไว้ ส่วนของหุ้นนั้น ผู้จัดการกองทุนได้มีการปรับพอร์ตการลงทุนโดยเลือกซื้อหุ้นธนาคารพาณิชย์ หุ้นรับเหมาก่อสร้างที่ได้ประโยชน์จากเมกะโปรเจคท์ของรัฐบาล หุ้นกลุ่มอาหารซึ่งได้รับผลดีจากการส่งออก และขายทำกำไรในหุ้นกลุ่มพลังงานและกลุ่มสื่อสารบางตัว </News1><News2>&#13;&#09;</News2><News3>&#13;&#09;</News3> </NewsData>  </FundNews> 
