<?xml version='1.0'?><FundNews><NewsData Fund='Detail'><News1>&#09;สำหรับเดือนนี้ ในส่วนของตราสารหนี้ ไม่มีรายการลงทุนเพิ่มเติม ส่วนของหุ้นนั้น ผู้จัดการกองทุนได้มีการปรับพอร์ตการลงทุนโดยเลือกซื้อหุ้นกลุ่มสื่อสาร หุ้นรับเหมาก่อสร้างที่ได้ประโยชน์จากเมกะโปรเจคท์ของรัฐบาล และหุ้นพลังงานที่ได้ประโยชน์จากราคาน้ำมันที่สูงขึ้น เพื่อเพิ่มสัดส่วนการลงทุนในหุ้น และขายหุ้นในกลุ่มปิโตรเคมีเพื่อลดความเสี่ยงจากแนวโน้มอัตรากำไรที่ลดลง และขายทำกำไรในหุ้นสื่อสารและหุ้นปูนซีเมนต์บ้าง </News1><News2>&#13;&#09;</News2><News3>&#13;&#09;</News3> </NewsData>  </FundNews> 
