<?xml version='1.0'?><FundNews><NewsData Fund='Detail'><News1>&#09;สำหรับเดือนนี้ ในส่วนของตราสารหนี้ ไม่มีรายการลงทุนเพิ่มเติม ส่วนของหุ้นนั้น ผู้จัดการกองทุนได้มีการปรับพอร์ตการลงทุนโดยขายทำกำไรหุ้นกลุ่มพลังงาน กลุ่มสื่อสารบางตัว และหุ้นหลักทรัพย์ และเลือกซื้อหุ้นบางตัวในช่วงตลาดปรับตัวลดลง อย่างไรก็ตาม เป็นการเน้นขายทำกำไรมากกว่าเพื่อเตรียมจ่ายคืนผลประโยชน์ประจำเดือน</News1><News2>&#13;&#09;</News2><News3>&#13;&#09;</News3> </NewsData>  </FundNews> 
