<?xml version='1.0'?><FundNews><NewsData Fund='Detail'><News1>&#09;สำหรับเดือนนี้ ในส่วนของตราสารหนี้ ไม่มีรายการลงทุนเพิ่มเติม ส่วนของหุ้นนั้น ผู้จัดการกองทุนได้ขายทำกำไรหุ้นกลุ่มธนาคารพาณิชย์ และหุ้นกลุ่มสื่อสาร เพื่อเตรียมจ่ายคืนผลประโยชน์ประจำเดือน และผู้จัดการกองทุนจะบริหารเงินกองทุนของท่านภายใต้กรอบนโยบายที่กำหนดไว้อย่างเต็มที่ต่อไป </News1><News2>&#13;&#09;</News2><News3>&#13;&#09;</News3> </NewsData>  </FundNews> 
