<?xml version='1.0'?><FundNews><NewsData Fund='Detail'><News1>&#09;ในเดือนนี้ ในส่วนของตราสารหนี้ ผู้จัดการกองทุนได้ไถ่ถอนกองทุนธนชาติทุนทวี 4 ซึ่งเป็นกองทุนตราสารหนี้ทั่วไปทั้งหมด และเปลี่ยนไปลงทุนในหน่วยลงทุนของกองทุนเปิดธนชาตพันธบัตรรัฐคุ้มครองเงินต้น 1 ซึ่งเน้นการลงทุนในตราสารหนี้ภาครัฐระยะสั้นไม่เกิน 6 เดือน และกองทุนเปิดธนชาตบริหารเงินซึ่งเน้นการลงทุนในตราสารหนี้ระยะสั้นและสามารถไถ่ถอนได้ทุกวัน ในส่วนของหุ้นนั้น ผู้จัดการกองทุนได้ทยอยเพิ่มน้ำหนักการลงทุนในหุ้นมากขึ้นในช่วงที่ตลาดปรับตัวลดลงโดยเน้นเลือกซื้อหุ้นกลุ่มธนาคารพาณิชย์ และหุ้นกลุ่มสื่อสารเป็นหลัก รวมถึงจองซื้อหุ้นจองใหม่ๆ และขายทำกำไรในหุ้นบางตัวบ้าง </News1><News2>&#13;&#09;</News2><News3>&#13;&#09;</News3> </NewsData>  </FundNews> 
