<?xml version='1.0'?><FundNews><NewsData Fund='Detail'><News1>&#09;ในเดือนนี้ ผู้จัดการกองทุนได้ทยอยซื้อหุ้นเพิ่มมากขึ้นในช่วงที่ตลาดปรับตัวลดลง โดยเน้นเลือกซื้อหุ้นกลุ่มธนาคารพาณิชย์ หุ้นหลักทรัพย์ หุ้นกลุ่มสื่อสาร และหุ้นกลุ่มขนส่งเป็นหลัก รวมถึงจองซื้อหุ้นจองใหม่ๆ อย่างไรก็ตาม หลังจากที่มีการระงับการขายหุ้นของ บมจ. กฟผ ผู้จัดการกองทุนได้ขายทำกำไรในหุ้นบางตัวออกบ้าง รวมถึงหุ้นจองที่เข้าตลาดในวันแรก เพื่อลดความเสี่ยงจากภาวะตลาดหุ้นที่ลดลงโดยตลอด และผู้จัดการกองทุนจะบริหารเงินกองทุนของท่านภายใต้กรอบนโยบายที่กำหนดไว้อย่างเต็มที่ต่อไป </News1><News2>&#13;&#09;</News2><News3>&#13;&#09;</News3> </NewsData>  </FundNews> 
