﻿<?xml version='1.0'?><FundNews><NewsData Fund='Detail'><News1>&#09;ในเดือนนี้ ผู้จัดการกองทุนได้ทยอยซื้อสะสมหุ้นบางตัว โดยเน้นกลุ่มพลังงานซึ่งมีปัจจัยพื้นฐานดี และราคาปรับตัวลดลงมาก รวมทั้งจองซื้อหุ้น IPO ใหม่ๆบางส่วน ในระยะสั้นหุ้นน่าจะดีดกลับได้ เนื่องจากปรับตัวลดลงมากโดยตลอดจากปัจจัยลบที่เข้ามากระทบภาวะการลงทุน แต่อาจจะเผชิญแรงขายทำให้ตลาดหุ้นไปได้ไม่ไกล แต่ในระยะยาว ดัชนีตลาดหลักทรัพย์ มีโอกาสจะปรับขึ้นแบบค่อยเป็นค่อยไป ตามแนวโน้มเศรษฐกิจและผลประกอบการของบริษัทจดทะเบียนที่ปรับตัวดีขึ้น</News1><News2>&#13;&#09;วรรค2 ในเดือนนี้ ผู้จัดการกองทุนได้ทยอยซื้อสะสมหุ้นบางตัว โดยเน้นกลุ่มพลังงานซึ่งมีปัจจัยพื้นฐานดี และราคาปรับตัวลดลงมาก รวมทั้งจองซื้อหุ้น IPO ใหม่ๆบางส่วน ในระยะสั้นหุ้นน่าจะดีดกลับได้ เนื่องจากปรับตัวลดลงมากโดยตลอดจากปัจจัยลบที่เข้ามากระทบภาวะการลงทุน แต่อาจจะเผชิญแรงขายทำให้ตลาดหุ้นไปได้ไม่ไกล แต่ในระยะยาว ดัชนีตลาดหลักทรัพย์ มีโอกาสจะปรับขึ้นแบบค่อยเป็นค่อยไป ตามแนวโน้มเศรษฐกิจและผลประกอบการของบริษัทจดทะเบียนที่ปรับตัวดีขึ้น</News2><News3>&#13;&#09;วรรค3 ในเดือนนี้ ผู้จัดการกองทุนได้ทยอยซื้อสะสมหุ้นบางตัว โดยเน้นกลุ่มพลังงานซึ่งมีปัจจัยพื้นฐานดี และราคาปรับตัวลดลงมาก รวมทั้งจองซื้อหุ้น IPO ใหม่ๆบางส่วน ในระยะสั้นหุ้นน่าจะดีดกลับได้ เนื่องจากปรับตัวลดลงมากโดยตลอดจากปัจจัยลบที่เข้ามากระทบภาวะการลงทุน แต่อาจจะเผชิญแรงขายทำให้ตลาดหุ้นไปได้ไม่ไกล แต่ในระยะยาว ดัชนีตลาดหลักทรัพย์ มีโอกาสจะปรับขึ้นแบบค่อยเป็นค่อยไป ตามแนวโน้มเศรษฐกิจและผลประกอบการของบริษัทจดทะเบียนที่ปรับตัวดีขึ้น</News3> </NewsData>  </FundNews> 
