<?xml version='1.0'?><FundNews><NewsData Fund='Detail'><News1>&#09;ในระยะสั้น ผู้จัดการกองทุนคาดว่าตลาดหุ้นน่าจะปรับตัวเพิ่มขึ้นได้บ้าง เนื่องจากช่วงที่ผ่านมาตลาดหุ้นปรับตัวลดลงมากกว่าที่คาดไว้ โดยราคาหุ้นได้สะท้อนข่าวลบไปมากแล้ว และในวันที่ 16 – 17 พ.ย. ก็จะให้นักลงทุนรายย่อยจองซื้อหุ้นจอง (IPO) ของการไฟฟ้าฝ่ายผลิต ฯ และคาดว่าจะเข้าจดทะเบียนในตลาดหุ้นได้ในวันที่ 30 พ.ย. นี้ ซึ่งน่าจะกระตุ้นภาวะการลงทุนในตลาดหุ้นได้ </News1><News2>&#13;&#09;</News2><News3>&#13;&#09;</News3> </NewsData>  </FundNews> 
