<?xml version='1.0'?><FundNews><NewsData Fund='Detail'><News1>&#09;ในระยะสั้น ผู้จัดการกองทุนคาดว่าตลาดหุ้นน่าจะแกว่งตัวอยู่ในช่วงแคบๆ โดยนักลงทุนสถาบันทั้งในและต่างประเทศคงเริ่มปรับพอร์ตเพื่อเตรียมเงินสำหรับการจองซื้อหุ้นจอง (IPO) ขนาดใหญ่ เช่น เบียร์ช้าง และ การไฟฟ้าฝ่ายผลิต ฯ ในไตรมาสสี่ปีนี้ ซึ่งจะทำให้ภาวะการลงทุนในตลาดหุ้นกลับมาคึกคักอีกได้ </News1><News2>&#13;&#09;ในเดือนนี้ ไม่มีรายการลงทุนเพิ่มเติมใดๆอีก เนื่องจากขณะนี้ผู้จัดการกองทุนได้ลงทุนจนเต็มมูลค่าแล้ว </News2><News3>&#13;&#09;</News3> </NewsData>  </FundNews> 
