<?xml version='1.0'?><FundNews><NewsData Fund='Detail'><News1>&#09;ในระยะสั้น ผู้จัดการกองทุนคาดว่าตลาดหุ้นน่าจะแกว่งตัวขึ้นได้ โดยมีการปรับฐานเป็นระยะๆ ด้วยสภาพคล่องที่ไหลเข้าลงทุนในตลาดหุ้น โดยเฉพาะแรงซื้อจากนักลงทุนจากต่างประเทศ เนื่องจากตลาดหุ้นไทยยังมีแนวโน้มขึ้นได้อีก เมื่อเปรียบเทียบกับตลาดหุ้นในเอเซียด้วยกัน และคาดว่าในไตรมาสที่สี่ จะมีหุ้นจอง (IPO) ขนาดใหญ่ เช่น เบียร์ช้าง และ การไฟฟ้าฝ่ายผลิต ฯ ซึ่งน่าจะทำให้ตลาดหุ้นกลับมาคึกคักได้ อย่างไรก็ตาม ปัจจัยลบที่ยังคงถ่วงตลาดหุ้นอยู่  คือราคาน้ำมันที่ยังคงปรับตัวเพิ่มขึ้นถึงระดับ 70 เหรียญ สรอ. ต่อบาร์เรล ในเดือนนี้ ไม่มีรายการลงทุนเพิ่มเติมใดๆอีก เนื่องจากขณะนี้ผู้จัดการกองทุนได้ลงทุนจนเต็มมูลค่าแล้ว </News1><News2>&#13;&#09;</News2><News3>&#13;&#09;</News3> </NewsData>  </FundNews> 
