<?xml version='1.0'?><FundReport><Data Fund='Master File'><News1>&#09;ตลาดตราสารหนี้ในเดือนสิงหาคมปรับตัวดีขึ้นต่อเนื่อง อัตราผลตอบแทนพันธบัตร (Yield) ทุกช่วงอายุปรับตัวลดลง โดย Yield ระยะยาวปรับตัวลดลงค่อนข้างมาก จากการที่นักลงทุนคาดว่าทิศทางอัตราดอกเบี้ยในครึ่งปีหลังมีแนวโน้มทรงตัวหรืออาจลดลงได้ ประกอบกับในการประชุมธนาคารกลางสหรัฐฯ เมื่อวันที่ 8 สิงหาคม มีมติไม่ปรับขึ้นอัตราดอกเบี้ย Fed Fund เป็นครั้งแรกหลังจากที่ได้ปรับขึ้นอย่างต่อเนื่องถึง 17 ครั้งในรอบกว่า 2 ปี และแม้ว่าจะมีธนาคารพาณิชย์บางแห่งประกาศปรับขึ้นอัตราดอกเบี้ยเงินฝากกันอีกรอบ ซึ่งคาดว่าเป็นกลยุทธ์ดึงดูดผู้ลงทุนระยะสั้นมากกว่าภาวะขาดสภาพคล่อง ก็ไม่ได้ส่งผลกระทบต่อตลาดตราสารหนี้มากนัก สำหรับผลตอบแทน (Return) จากการลงทุนในตลาดตราสารหนี้เดือนสิงหาคม ดัชนีพันธบัตรรัฐบาลปรับเพิ่มขึ้น 1.47% และดัชนีหุ้นกู้เอกชนปรับเพิ่มขึ้น 1.02%  แนวโน้มคาดว่าอัตราดอกเบี้ยที่อยู่ในจุดสูงสุดแล้วจะเป็นปัจจัยสนับสนุนให้ภาวะตลาดตราสารหนี้ปรับตัวดีขึ้นได้ต่อเนื่อง กลยุทธ์การลงทุนจะขยาย duration ของกองทุนโดยทยอยลงทุนในตราสารหนี้ที่มีอายุยาวขึ้น</News1><News2>&#13;&#09;สำหรับการลงทุนในตลาดหุ้น ดัชนีตลาดหลักทรัพย์ในเดือน ส.ค. ปิดที่ 690.90 จุด ปรับตัวลดลง 0.59 จุด หรือประมาณ 0.09% จากราคาปิด ณ.สิ้นเดือนก.ค.ที่  691.49 จุด โดยดัชนีตลาดหลักทรัพย์แกว่งคัวอยู่ในกรอบแคบๆตลอดทั้งเดือน โดยในช่วงแรก ดัชนีฯปรับตัวขึ้นต่อเนื่องจากเดือนที่แล้ว และทำระดับสูงสุดของเดือนอยู่ที่ 715.30 จุดในวันที่ 16 ส.ค. แต่ต่อมามีแรงขายทำกำไรจากนักลงทุนที่เทขายหุ้นพลังงานออกมาอย่างต่อเนื่องตามราคาน้ำมันและราคาcommodity ต่าง ๆ ที่ปรับตัวลดลงอย่างรวดเร็ว และเริ่มมีแรงซื้อจากนักลงทุนต่างประเทศกลับเข้ามาในช่วงท้ายของเดือน สำหรับปัจจัยหลักๆที่มีผลกระทบต่อภาวะการลงทุนคือ 1) นักลงทุนคาดว่า ธนาคารกลางสหรัฐฯ คงไม่ปรับอัตราดอกเบี้ยขึ้นอีก จากตัวเลขต่างๆทางเศรษฐกิจที่แสดงให้เห็นว่าเศรษฐกิจชะลอตัวลง และธนาคารกลางสหรัฐฯ ก็ประกาศตรึงอัตราดอกเบี้ยระยะสั้นที่ 5.25% ตามคาด 2) ราคาน้ำมันในตลาดโลกปรับตัวลดลงต่ำกว่า 70 เหรียญ สรอ. ต่อบาร์เรล เนื่องจากความต้องการใช้น้ำมันชะลอตัวลงและพายุที่พัดกระหน่ำเข้าสหรัฐฯนั้นไม่รุนแรงอย่างที่คาดไว้ 3) ข่าวคาร์บอมบ์เพื่อลอบสังหารนายกรัฐมนตรี และตำรวจสามารถจับกุมผู้ต้องสงสัยได้ก่อนเกิดเหตุ 4) สถาบันจัดอันดับความน่าเชื่อถือระหว่างประเทศ มูดี้ส์ อินเวสเตอร์ เซอร์วิส  ประกาศปรับเพิ่มอันดับความแข็งแกร่งทางการเงินของ ธนาคารกสิกรไทย  และธนาคารกรุงเทพ เป็น D+ จาก D สะท้อนให้เห็นถึงฐานเงินทุนที่แข็งแกร่ง  การปรับปรุงคุณภาพสินเชื่อ และประสิทธิภาพในการทำกำไรที่เพิ่มสูงขึ้น 5) ธปท.รายงานตัวเลขดุลบัญชีเดินสะพัดในเดือนก.ค.’49 เกินดุล 309 ล้านดอลลาร์สหรัฐ  ตัวเลขดุลการค้า ขาดดุล 223 ล้านดอลลาร์สหรัฐ ส่งออกขยายตัวเพิ่มขึ้น 18.1% และนำเข้าเพิ่มขึ้น 16.3% และดัชนีเชื่อมั่นทางธุรกิจอยู่ที่ 43.1 ลดลงจากเดือนมิ.ย.อยู่ที่ 43.7 เป็นระดับที่ต่ำกว่า 50 ต่อเนื่องเป็นเดือนที่ 27 6) ข่าวลอบวางระเบิด 23 จุดใน 5 อำเภอ จ.ยะลา แต่ไม่มีผลกระทบต่อตลาดมากนัก  ตลอดทั้งเดือนนักลงทุนต่างชาติเป็นผู้ซื้อสุทธิ 9.382.36 ล้านบาท นักลงทุนสถาบันเป็นผู้ขายสุทธิ 4.068.91  ล้านบาท และนักลงทุนรายย่อยเป็นผู้ขายสุทธิ 5.313.44 ล้านบาท </News2><News3>&#13;&#09;ในระยะสั้น ผู้จัดการกองทุนคาดว่าตลาดหุ้นน่าจะปรับตัวเพิ่มขึ้นได้ เนื่องจากแนวโน้มอัตราดอกเบี้ยในประเทศน่าจะถึงจุดสูงสุดและอาจจะปรับลดลงได้จากตัวเลขเงินเฟ้อในเดือน ส.ค. ที่สูงขึ้นเพียง 3.8% หากราคาน้ำมันในตลาดโลกไม่ปรับตัวเพิ่มขึ้นมาก ซึ่งจะส่งผลให้มีแรงซื้อกลับเข้ามาลงทุนในตลาดหุ้นเพิ่มขึ้นได้</News3><News4>&#13;&#09;</News4><News5></News5><News6></News6> </Data>  </FundReport> 
