<?xml version='1.0'?><FundReport><Data Fund='Master File'><News1>&#09;ภาวะตลาดตราสารหนี้ในเดือนมิถุนายนเริ่มมีความผันผวน อัตราผลตอบแทนพันธบัตร (Yield) ทุกช่วงอายุปรับตัวเพิ่มขึ้น โดย Yield ระยะยาวปรับตัวเพิ่มขึ้นมากกว่าระยะสั้น ส่วนหนึ่งเป็นผลมาจากอัตราผลตอบแทน US Treasury ของสหรัฐฯ ปรับตัวเพิ่มขึ้นมาก เนื่องจากนักลงทุนกลับมากังวลเกี่ยวกับอัตราดอกเบี้ยที่อาจจะปรับตัวสูงขึ้นได้ต่อเนื่องเพราะแรงกดดันของเงินเฟ้อ นอกจากนี้ธนาคารแห่งประเทศไทยได้ปรับขึ้นอัตราดอกเบี้ย R/P 14 วัน มาอยู่ที่ 5.00% และธนาคารกลางสหรัฐฯ ได้ปรับขึ้นอัตราดอกเบี้ย Fed Fund มาอยู่ที่ 5.25% สำหรับผลตอบแทน (Return) จากการลงทุนในตลาดตราสารหนี้เดือนมิถุนายน ดัชนีพันธบัตรรัฐบาลปรับตัวลดลง -0.45% และดัชนีหุ้นกู้เอกชนปรับตัวเพิ่มขึ้นเพียง 0.05% แนวโน้มคาดว่าอัตราดอกเบี้ยจะเข้าใกล้จุดสูงสุดแล้ว กลยุทธ์การลงทุนจะทยอยลงทุนในตราสารหนี้ที่มี duration ยาวขึ้นกว่าเดิม โดยเน้นที่อายุ 1-2 ปี เนื่องจากเป็นช่วงที่มีความชันที่สุดใน Yield Curve  แต่อย่างไรก็ตามจะพิจารณาลงทุนอย่างระมัดระวังเพื่อไม่ให้ผลตอบแทนของกองทุนมีความผันผวน</News1><News2>&#13;&#09; ดัชนีตลาดหลักทรัพย์ในเดือนมิถุนายน 2549 ปิดที่ 678.13 จุด ปรับตัวลดลง 31.30 จุด หรือ 4.41% จากราคาปิด ณ สิ้นเดือนพฤษภาคม ที่ 709.43 จุด โดยราคาหุ้นปรับตัวลดลงไปถึงจุดต่ำสุดที่ 641.03 จุด ก่อนที่จะเริ่มฟื้นตัวขึ้นในช่วงสัปดาห์สุดท้าย และเป็นเดือนที่มีมูลค่าซื้อขายค่อนข้างเงียบเหงา โดยมีปัจจัยหลักๆที่มีผลกระทบด้านลบต่อเนื่องจากเดือนที่แล้วคือ นักลงทุนกังวลเกี่ยวกับอัตราเงินเฟ้อและความเสี่ยงที่อัตราดอกเบี้ยของสหรัฐฯยังมีแนวโน้มที่จะปรับตัวเพิ่มขึ้นต่อเนื่องได้อีก ราคาสินค้าโภคภัณฑ์ในตลาดล่วงหน้า เช่น ราคาทองคำ ยังคงปรับตัวผันผวนอย่างมาก  และแรงเทขายหุ้นหลักๆของนักลงทุนต่างชาติ ปัจจัยในประเทศที่ส่งผลลบคือ คำวินิจฉัยของสำนักงานอัยการสูงสุดที่เห็นว่าพรรคไทยรักไทยและพรรคประชาธิปัตย์กระทำความผิดกฏหมายเลือกตั้ง ส่งผลให้สถานการณ์การเมืองแย่ลงอีกและน่าจะต้องเลื่อนกำหนดการเลือกตั้งในวันที่ 15 ตุลาคม ออกไป ทำให้ต้องมีรัฐบาลรักษาการต่อไปอีกหลายเดือนกว่าจะมีการเลือกตั้ง และคาดว่าจะสามารถตั้งรัฐบาลใหม่ได้ในช่วงต้นปีหน้า ขณะที่เศรษฐกิจโดยรวมเริ่มชะลอตัวลงจากผลกระทบจากราคาน้ำมัน ความเชื่อมั่นของนักลงทุน ภาวะสุญญากาศทางการเมือง และความเชื่อมั่นของผู้บริโภค ตลอดทั้งเดือนนักลงทุนต่างชาติเป็นผู้ขายสุทธิ 13,065.57 ล้านบาท ส่วนนักลงทุนสถาบันเป็นผู้ซื้อสุทธิ 7,717.26 ล้านบาท และนักลงทุนรายย่อยเป็นผู้ซื้อสุทธิ 5,348.31 ล้านบาท ดัชนีตลาดหลักทรัพย์ฯ ในระดับปัจจุบันคิดเป็นค่า P/E เพียงแค่ 9 เท่า เนื่องจากตลาดปรับตัวลดลงอย่างมาก และราคาหุ้นหลักๆที่ดีหลายตัวปรับตัวลดลงต่ำกว่าปัจจัยพื้นฐานแล้ว แต่เนื่องจากสภาวะการลงทุนในตลาดหุ้นยังปกคลุมไปด้วยหลายปัจจัย คือ แนวโน้มอัตราดอกเบี้ยของสหรัฐฯ แรงเทขายของนักลงทุนต่างชาติ ความไม่แน่นอนทางการเมือง และเศรษฐกิจที่ชะลอตัวลง ทำให้ผู้จัดการกองทุนคาดว่าตลาดหุ้นจะแกว่งตัวอยู่ในช่วงแคบๆระดับ 650 – 700 จุด อย่างไรก็ตาม บลจ. ธนชาต จะใช้ความสามารถและความระมัดระวังในการบริหารกองทุนส่วนบุคคลของท่านอย่างเต็มที่</News2><News3>&#13;&#09;</News3><News4>&#13;&#09;</News4><News5></News5><News6></News6> </Data>  </FundReport> 
