<?xml version="1.0"?>
<FundReport>
   <Data Fund=" Master File">
      <News1>ภาวะการซื้อขายตราสารหนี้ในเดือนมกราคมเริ่มต้นเดือนแรกของปี 2547 ด้วยบรรยากาศการลงทุนที่ปรับตัวดีขึ้น จากปัจจัยเรื่องโรคไข้หวัดนกซึ่งส่งผลกระทบต่อการลงทุนในตลาดหุ้นอย่างมาก และทำให้นักลงทุนบางกลุ่มหันมาลงทุนในตลาดตราสารหนี้มากขึ้น  โดยมีปริมาณการซื้อขายเฉลี่ยต่อวันเพิ่มขึ้นถึง 12,200 ล้านบาท ส่งผลให้อัตราผลตอบแทนพันธบัตรรัฐบาลปรับตัวลดลงตลอดทุกช่วงอายุ และนักลงทุนยังคงให้ความสนใจลงทุนในหุ้นกู้ภาคเอกชนคุณภาพดีและอายุไม่ยาว สำหรับผลตอบแทนของตลาดตราสารหนี้ในเดือนมกราคมวัดจากดัชนีพันธบัตรรัฐบาลเริ่มปรับตัวเพิ่มขึ้นร้อยละ 14.88 ต่อปี และดัชนีหุ้นกู้ภาคเอกชนปรับตัวเพิ่มขึ้นร้อยละ 12.65 ต่อปี
</News1>
      <News2>สำหรับแนวโน้มการลงทุนในตลาดตราสารหนี้ในระยะข้างหน้า แม้ว่านักลงทุนจะมีความมั่นใจเข้าลงทุนมากขึ้น แต่แนวโน้มอัตราดอกเบี้ยที่คาดการณ์กันว่าจะเปลี่ยนเป็นทิศทางขาขึ้นได้ในระยะยาว น่าจะยังเป็นปัจจัยหลักที่มีผลต่อการตัดสินใจลงทุนของนักลงทุนอยู่  ซึ่งจะส่งผลให้อัตราผลตอบแทนและราคาตราสารหนี้ในตลาดรองมีความผันผวน โอกาสที่จะได้รับผลตอบแทนที่ดีจากการลงทุนในตราสารหนี้ในปี 2547 จะค่อนข้างจำกัด และกลยุทธ์การลงทุนที่เหมาะสมในสถานการณ์เช่นนี้ ผู้จัดการกองทุนจะยังคงเน้นการลงทุนในตราสารระยะสั้นและระยะกลาง เพื่อลดความเสี่ยงหากอัตราดอกเบี้ยปรับตัวสูงขึ้นในอนาคต
</News2>
      <News3>ภาวะการลงทุนในตลาดหุ้นไทยเดือนมกราคมมีความผันผวนมาก โดยดัชนีตลาดหลักทรัพย์ฯ ปรับลดลงจาก 772.15 จุด ณ สิ้นเดือนธันวาคม มาปิดที่ 698.90 จุด ณ สิ้นเดือนมกราคม หรือปรับลดลงถึงร้อยละ 9.49 ด้วยปริมาณการซื้อขายเฉลี่ย 41,172 ล้านบาทต่อวัน ใกล้เคียงกับเดือนธันวาคมที่ 41,287 ล้านบาทต่อวัน ปัจจัยที่มีผลกระทบอย่างมากต่อภาวะการลงทุนของตลาดหุ้นไทย ได้แก่ การระบาดของโรคไข้หวัดนกซึ่งมีการแพร่กระจายไปในหลายจังหวัดและพบว่ามีผู้ติดเชื้อมากขึ้น แม้จะยังไม่มีหลักฐานชี้ชัดว่าเชื้อดังกล่าวจะสามารถติดต่อระหว่างคนไปสู่คนได้ แต่นักลงทุนก็หวาดวิตกและถือเป็นโอกาสของนักลงทุนต่างประเทศในการขายทำกำไรเพื่อลดสัดส่วนการลงทุนในตลาดหุ้นไทยและย้ายไปลงทุนในตลาดหุ้นอื่นในภูมิภาคนี้  ซึ่งตลาดหุ้นไทยได้ปรับตัวเพิ่มขึ้นถึงร้อยละ 116.60 ในปี 2546 นอกจากนี้สถานการณ์ความไม่สงบใน 3 จังหวัดภาคใต้ และข่าวลือการลดทุนเพื่อล้างขาดทุนสะสมของ บมจ. ทีพีไอ ก็เป็นปัจจัยลบที่กดดันตลาดหุ้นไทยด้วย
</News3>
      <News4 />
      <News5 />
      <News6 />
   </Data>
</FundReport>