<?xml version='1.0'?><FundReport><Data Fund='Master File'><News1>&#09;ภาวะการลงทุนในตลาดตราสารหนี้เดือนธันวาคมปรับตัวดีขึ้นต่อเนื่อง ปริมาณการซื้อขายเพิ่มขึ้น 10% จากเดือนพฤศจิกายน นักลงทุนให้ความสนใจลงทุนในตราสารหนี้ระยะสั้น ส่วนหนึ่งเพื่อพักเงินข้ามปี  อัตราผลตอบแทนพันธบัตร (Yield) ระยะสั้นปรับตัวเพิ่มขึ้นตามการปรับขึ้นของอัตราดอกเบี้ย R/P 14 วัน อีก 0.25% มาอยู่ที่ 4.00% ต่อปี ในการประชุมคณะกรรมการนโยบายการเงินครั้งสุดท้ายของปี 2548 ในขณะที่ Yield ระยะปานกลางและระยะยาวปรับตัวลดลง สำหรับผลตอบแทน (Return) จากการลงทุนในตลาดตราสารหนี้เดือนธันวาคม ดัชนีพันธบัตรรัฐบาลปรับตัวเพิ่มขึ้น 3.26% และดัชนีหุ้นกู้เอกชนปรับตัวเพิ่มขึ้น 1.21% ตลอดทั้งปี 2548 ดัชนีพันธบัตรรัฐบาลปรับตัวลดลง –0.24% และดัชนีหุ้นกู้เอกชนปรับตัวเพิ่มขึ้น 1.17% แนวโน้มการลงทุนในตลาดตราสารหนี้คาดว่า Yield ระยะสั้นจะเคลื่อนไหวไปในทิศทางเดียวกันกับการปรับขึ้นอัตราดอกเบี้ย R/P 14 วัน ซึ่งคาดว่าจะไปสูงสุดในไตรมาสที่ 2 ของปีนี้ ส่วน Yield ระยะปานกลางและระยะยาวน่าจะทรงตัวหรือปรับลดลงได้หากนักลงทุนมั่นใจในทิศทางของตลาด สำหรับกลยุทธ์การลงทุนจะเน้นลงทุนในตราสารหนี้ระยะสั้นและระยะปานกลางเป็นหลัก </News1><News2>&#13;&#09;ดัชนีตลาดหลักทรัพย์ฯ ปิดสิ้นปี 2548 ที่ 713.73 จุด ปรับตัวเพิ่มขึ้น 6.89% จากสิ้นเดือนพฤศจิกายน และตลอดทั้งปี 2548 ปรับตัวเพิ่มขึ้น 6.83% โดยราคาหุ้นในเดือนธันวาคมปรับสูงขึ้นตลอดทั้งเดือนจากแรงซื้อกลับของนักลงทุนต่างชาติเพื่อปรับพอร์ตการลงทุนช่วงสิ้นปี ปัจจัยสนับสนุนที่สำคัญ ได้แก่ 1) การประกาศตัวเลข GDP ไตรมาสที่ 3 ซึ่งขยายตัว 5.3% สูงกว่าสองไตรมาสที่ผ่านมา 2) นายกรัฐมนตรีถอนฟ้อง นายสนธิ ลิ้มทองกุล ทำให้ความกังวลเรื่องการเมืองคลี่คลาย 3) ศาลล้มละลายกลางยกคำร้องของ นายประชัย เลี่ยวไพรัตน์ ที่ขอให้ระงับการขายหุ้น TPI และกำหนดราคาขายหุ้นสูงกว่า 3.30 บาท 4) ตัวเลขขาดดุลการค้าของเดือนพฤศจิกายนลดลงเหลือ 201 ล้านดอลลาร์สหรัฐฯ และดุลบัญชีเดินสะพัดเกินดุล 441 ล้านดอลลาร์สหรัฐฯ 5) ราคาน้ำมันดิบในตลาดโลกปรับตัวลดลงเนื่องจากอากาศในทวีปอเมริกาไม่หนาวอย่างที่คาดการณ์ไว้ แนวโน้มคาดว่า ตลาดหุ้นในช่วงต้นปี 2549 น่าจะปรับขึ้นต่อได้ เนื่องจากนักลงทุนต่างชาติกลับมาเป็นผู้ซื้อสุทธิมากขึ้นในเดือนธันวาคม และที่ผ่านมาตลาดหุ้นไทยยังปรับตัวเพิ่มขึ้นน้อยกว่าตลาดหุ้นอื่นๆ ในแถบเอเชียด้วยกัน นอกจากนี้ปัจจัยลบที่รุมเร้ามาตลอดปี 2548 น่าจะสะท้อนไปในราคาหุ้นเกือบหมดแล้ว </News2><News3>&#13;&#09;</News3><News4>&#13;&#09;</News4><News5></News5><News6></News6> </Data>  </FundReport> 
