<?xml version='1.0'?><FundReport><Data Fund='Master File'><News1>&#09;ภาวะตลาดตราสารหนี้โดยรวมในเดือนตุลาคมยังคงปรับตัวดีขึ้นเล็กน้อย แม้ว่าในระหว่างเดือนจะมีความผันผวนเกิดขึ้นบ้าง และเส้นอัตราผลตอบแทนพันธบัตรรัฐบาล (Yield Curve) มีความชันขึ้นกว่าเดิม เนื่องจากอัตราผลตอบแทนพันธบัตรรัฐบาล (Yield) ระยะยาวปรับตัวเพิ่มขึ้น ในขณะที่ Yield ระยะสั้นปรับตัวลดลง ส่วนหนึ่งเป็นผลมาจากความผันผวนของอัตราผลตอบแทนพันธบัตรรัฐบาลของสหรัฐฯ หลังจากประกาศตัวเลขความเชื่อมั่นของผู้บริโภคที่เพิ่มสูงขึ้น ทำให้นักลงทุนคาดว่าเศรษฐกิจสหรัฐฯ อาจไม่ชะลอตัวลงมากอย่างที่หลายฝ่ายคาดการณ์ไว้ แต่ในช่วงปลายเดือนเมื่อธนาคารกลางสหรัฐฯ ประกาศคงอัตราดอกเบี้ย Fed Fund ไว้ในระดับเดิมที่ 5.25% ส่งผลให้บรรยากาศการลงทุนกลับมาดีขึ้น สำหรับผลตอบแทน (Return) จากการลงทุนในตลาดตราสารหนี้เดือนตุลาคม ดัชนีพันธบัตรรัฐบาลปรับเพิ่มขึ้น 0.40% และดัชนีหุ้นกู้เอกชนปรับเพิ่มขึ้น 0.64%  แนวโน้มการลงทุนในตลาดตราสารหนี้น่าจะทรงตัวอยู่ได้ จากปัจจัยเรื่องอัตราดอกเบี้ยที่ผ่านจุดสูงสุดไปแล้ว และคาดการณ์ว่าน่าจะปรับตัวลดลงได้ในปีหน้า  </News1><News2>&#13;&#09;ดัชนีตลาดหลักทรัพย์ฯ ในเดือนตุลาคม ปิดที่ 722.46 จุด ปรับตัวเพิ่มขึ้น 5.30% จากสิ้นเดือนกันยายน จากผลของปัจจัยดังต่อไปนี้ 1) การปรับตัวเพิ่มขึ้นของตลาดหุ้นทั่วโลกจากการที่นักลงทุนคาดว่ามีความเป็นไปได้สูงที่ธนาคารกลางสหรัฐฯ จะประกาศปรับลดอัตราดอกเบี้ย Fed Fund ในช่วงต้นปีหน้า 2) ราคาน้ำมันในตลาดโลกที่ปรับตัวลดลงอย่างรวดเร็วและอยู่ต่ำกว่าระดับ 60 ดอลลาร์ สรอ. ต่อบาร์เรล  จากอุปสงค์ที่ชะลอลง แม้กลุ่มโอเปคจะประกาศลดอัตราการผลิต ทำให้นักลงทุนคลายความกังวลเกี่ยวกับอัตราเงินเฟ้อ 3) ปัจจัยด้านการเมืองที่เริ่มคลี่คลายในทางที่ดีขึ้น โดยคณะรัฐมนตรีในรัฐบาลใหม่ที่ได้รับการแต่งตั้งได้รับการตอบรับที่ดีจากประชาชนและนักลงทุนโดยเฉพาะตำแหน่งสำคัญทางเศรษฐกิจ 4) อัตราเงินเฟ้อของไทยที่ชะลอลงตามการปรับตัวลดลงของราคาน้ำมัน 5) ธนาคารแห่งประเทศไทยปรับเพิ่มตัวเลขคาดการณ์อัตราการขยายตัวของเศรษฐกิจปี 2549 เป็น 4.50 – 5.00% จากเดิม 4.00 – 5.00% และปี 2550 เป็น 4.50 – 5.50% จากเดิม 4.00 – 5.30%  ตลอดทั้งเดือนนักลงทุนต่างชาติซื้อสุทธิ 18,270 ล้านบาท นักลงทุนรายย่อยขายสุทธิ  12,042 ล้านบาท  และนักลงทุนสถาบันขายสุทธิ 6,228 ล้านบาท ในระยะสั้น คาดว่าตลาดหุ้นไทยน่าจะปรับตัวเพิ่มขึ้นได้ตามแนวโน้มของตลาดหุ้นทั่วโลกจากเม็ดเงินที่ไหลกลับเข้าลงทุนในหุ้น เนื่องจากการปรับตัวลดลงของราคาน้ำมันและความคาดหวังที่อัตราดอกเบี้ยจะปรับตัวลดลง</News2><News3>&#13;&#09;</News3><News4>&#13;&#09;</News4><News5></News5><News6></News6> </Data>  </FundReport> 
