<?xml version='1.0'?><FundReport><Data Fund='Master File'><News1>&#09;ตลาดตราสารหนี้ในเดือนสิงหาคมยังปรับตัวลดลงต่อเนื่องจากเดือนกรกฎาคม อัตราผลตอบแทนพันธบัตร ปรับตัวเพิ่มขึ้นทำให้ราคาตลาดของตราสารหนี้ลดต่ำลง โดยอัตราผลตอบแทนระยะปานกลางและระยะยาวปรับตัวเพิ่มขึ้นมากกว่าอัตราผลตอบแทนระยะสั้น เนื่องจากความกังวลเกี่ยวกับทิศทางการปรับขึ้นอัตราดอกเบี้ยมาตรฐานของธนาคารแห่งประเทศไทยซึ่งอาจแรงกว่าที่เคยคาดการณ์เพราะอัตราเงินเฟ้อได้เร่งตัวขึ้นมากตั้งแต่เดือนกรกฎาคม ทำให้นักลงทุนชะลอการลงทุนในตราสารหนี้ระยะปานกลางถึงระยะยาว และหันมาลงทุนในตราสารหนี้ระยะสั้นเพื่อลดผลการขาดทุนจากอัตราผลตอบแทน (Yield) ที่อาจจะปรับตัวสูงขึ้นได้อีก ในส่วนของผลตอบแทน (Return) จากการลงทุนในตราสารหนี้เดือนสิงหาคม พันธบัตรรัฐบาลปรับตัวลดลงติดลบร้อยละ 1.35 และหุ้นกู้เอกชนปรับตัวลดลงติดลบร้อยละ 0.56 แนวโน้มการลงทุนในตลาดตราสารหนี้เดือนกันยายนคาดว่าจะทรงตัวได้ ส่วนหนึ่งน่าจะเป็นผลมาจากทิศทางการเคลื่อนไหวของอัตราผลตอบแทนพันธบัตรของสหรัฐฯ ที่ปรับตัวลดลงจากความกังวลเกี่ยวกับภาวะเศรษฐกิจที่จะได้รับผลกระทบจากพายุเฮอริเคน และอาจทำให้ธนาคารกลางสหรัฐฯ ปรับขึ้นอัตราดอกเบี้ยได้อีกไม่มากนัก อย่างไรก็ตาม ผู้จัดการกองทุนจะยังคงเน้นลงทุนในตราสารหนี้ระยะสั้นเพื่อลดความเสี่ยงจากความผันผวนของตลาด</News1><News2>&#13;&#09;ดัชนีตลาดหลักทรัพย์ฯ ในเดือนสิงหาคมปิดที่ 697.85 จุด ปรับตัวเพิ่มขึ้น 22.18 จุด หรือร้อยละ 3.28 จากสิ้นเดือนกรกฎาคม เนื่องจากแรงซื้อของนักลงทุนต่างประเทศเป็นหลัก ด้วยปัจจัยสนับสนุนที่ว่าตลาดหุ้นไทยมีราคาถูกกว่าตลาดหุ้นอื่นในแถบเอเซีย และตลาดหุ้นไทยยังปรับตัวขึ้นน้อยกว่า อีกทั้งนักลงทุนเชื่อว่าแนวโน้มเศรษฐกิจในช่วงครึ่งปีหลังจะค่อยๆ ฟื้นตัวดีขึ้น จากปริมาณการส่งออกที่จะเพิ่มขึ้นและการนำเข้าน้ำมันที่จะลดลงภายหลังการลอยตัวราคาขายปลีกซึ่งน่าจะทำให้ประชาชนใช้น้ำมันน้อยลง นักลงทุนเริ่มเห็นสัญญาณที่ดีขึ้นจากการประกาศตัวเลขดุลบัญชีเดินสะพัดในเดือนกรกฏาคมที่กลับมาเกินดุลได้ 169 ล้านดอลลาร์ สรอ. สำหรับการประกาศผลประกอบการไตรมาสสองของบริษัทจดทะเบียนฯ ยังคงมีการเติบโตของผลกำไรแต่ในอัตราที่ชะลอลง ตลอดทั้งเดือนนี้นักลงทุนต่างประเทศเป็นผู้ซื้อสุทธิเพิ่มอีก 17,880 ล้านบาท นักลงทุนสถาบันเป็นผู้ขายสุทธิ 8,630 ล้านบาท และนักลงทุนรายย่อยเป็นผู้ขายสุทธิ 9,250 ล้านบาท แนวโน้มในระยะสั้น ผู้จัดการกองทุนคาดว่าดัชนีตลาดหลักทรัพย์ฯ น่าจะแกว่งตัวขึ้นได้ แต่อาจมีการปรับฐานเป็นระยะๆ จากสภาพคล่องที่จะไหลเข้าตลาดหุ้น โดยเฉพาะแรงซื้อจากนักลงทุนต่างประเทศ และคาดว่าในไตรมาสสี่ของปีนี้จะมีหุ้นจอง (IPO) ขนาดใหญ่ เช่น การไฟฟ้าฝ่ายผลิตฯ ซึ่งน่าจะทำให้ตลาดหุ้นกลับมาคึกคักได้ อย่างไรก็ตาม ปัจจัยลบที่ถ่วงตลาดหุ้นยังคงเป็นเรื่องราคาน้ำมันดิบที่ปรับตัวเพิ่มขึ้นทำสถิติสูงสุดอย่างต่อเนื่อง</News2><News3>&#13;&#09;</News3><News4>&#13;&#09;</News4><News5></News5><News6></News6> </Data>  </FundReport> 
