<?xml version='1.0'?><FundReport><Data Fund='Master File'><News1>&#09;ภาวะการลงทุนในตลาดตราสารหนี้เดือนพฤษภาคมชะลอตัวลงจากที่ผ่านมา อัตราผลตอบแทนพันธบัตร (Yield) เคลื่อนไหวแตกต่างกันในพันธบัตรแต่ละช่วงอายุ โดย Yield ระยะสั้นปรับตัวลดลง ในขณะที่ Yield ระยะยาวอายุตั้งแต่ 7 ปี ขึ้นไปปรับตัวเพิ่มขึ้น โดยมีความผันผวนในตลาดตราสารหนี้เกิดขึ้นในช่วงปลายเดือน ภายหลังจากที่ ธปท. มีมติปรับลดอัตราดอกเบี้ยนโยบายลง 0.50% มาอยู่ที่ 3.50% ในการประชุมวันที่ 23 พฤษภาคม และเห็นว่าอัตราดอกเบี้ยในระดับดังกล่าวเหมาะสมที่จะสนับสนุนการขยายตัวทางเศรษฐกิจแล้ว ทำให้นักลงทุนคาดว่า ธปท. จะไม่มีการปรับลดอัตราดอกเบี้ยลงอีกในช่วงที่เหลือของปีนี้ จึงเทขายพันธบัตรระยะยาวออกมา และเข้าลงทุนในพันธบัตรระยะสั้นเพื่อลดความเสี่ยง สำหรับผลตอบแทนของดัชนีตราสารหนี้ (Total Return of ThaiBMA Composite Bond Index) ซึ่งรวมทั้งพันธบัตรและหุ้นกู้ในเดือนพฤษภาคม ปรับตัวเพิ่มขึ้นเพียง 0.49%  แนวโน้มการลงทุนในตลาดตราสารหนี้ อาจจะมีความผันผวนอยู่เนื่องจากนักลงทุนคาดว่าอัตราดอกเบี้ยไม่มีแนวโน้มที่จะปรับลดลงได้มากกว่านี้ ซึ่งผิดไปจากที่เคยคาดการณ์กันไว้แต่แรก นอกจากนี้ปริมาณพันธบัตรรัฐบาลที่ออกมาเสนอขายซึ่งส่วนใหญ่เป็นพันธบัตรระยะยาว น่าจะเป็นอีกปัจจัยหนึ่งที่กดดันตลาดในช่วงนี้ </News1><News2>&#13;&#09;ดัชนีตลาดหลักทรัพย์ฯ ในเดือนพฤษภาคม ปิดที่ 737.40 จุด ปรับตัวเพิ่มขึ้น 5.47% จากสิ้นเดือนเมษายนตามการปรับขึ้นอย่างร้อนแรงของตลาดหุ้นทั่วโลกโดยเฉพาะตลาดหุ้นจีน และในช่วงต้นเดือนมีแรงซื้อเข้ามาในหุ้นกลุ่มพลังงานตามราคาน้ำมันและค่าการกลั่นที่ปรับตัวสูงขึ้น โดยมีปัจจัยภายนอกที่สำคัญคือ การที่รัฐบาลจีนอนุญาตให้กองทุนรวมของจีนสามารถลงทุนนอกประเทศได้เพื่อลดความร้อนแรงของตลาดหุ้นจีน และการที่ธนาคารกลางจีนประกาศขยายช่วงการปรับตัวของเงินหยวนเป็น 0.5% จาก 0.3% ส่วนปัจจัยภายในที่สำคัญ คือ การที่ ธปท. ปรับลดอัตราดอกเบี้ยนโยบาย ส่งผลให้ธนาคารพาณิชย์หลายแห่งปรับลดอัตราดอกเบี้ยลงอีก และในวันที่ 30 พฤษภาคม คณะตุลาการรัฐธรรมนูญมีคำสั่งไม่ยุบพรรคประชาธิปัตย์ แต่มีคำวินิจฉัยให้ยุบพรรคไทยรักไทย รวมถึงมีมติให้เพิกถอนสิทธิเลือกตั้งของกรรมการบริหารพรรคที่ถูกยุบเป็นเวลา 5 ปีมีผลบังคับใช้ย้อนหลังได้ ตลอดทั้งเดือนนักลงทุนต่างชาติซื้อสุทธิ 24,289 ล้านบาท และนักลงทุนสถาบันขายสุทธิ 6,112 ล้านบาท ส่วนนักลงทุนรายย่อยขายสุทธิ 18,177 ล้านบาท ในระยะสั้น ผู้จัดการกองทุนคาดว่าดัชนีตลาดหลักทรัพย์ฯ จะยังคงปรับตัวเพิ่มขึ้นจากแรงซื้ออย่างหนาแน่นของนักลงทุนต่างชาติ หลังจากที่ผ่านมาตลาดหุ้นของไทยปรับตัวขึ้นน้อยกว่าตลาดหุ้นเอเซียอื่นๆ เพราะปัจจัยทางการเมืองภายในประเทศ ซึ่งขณะนี้นักลงทุนเห็นว่าปัจจัยทางการเมืองคลี่คลายไปในทิศทางที่ดีขึ้นและคาดว่าจะมีการเลือกตั้งทั่วไปได้ในเดือนธันวาคมนี้</News2><News3>&#13;&#09;</News3><News4>&#13;&#09;</News4><News5></News5><News6></News6> </Data>  </FundReport> 
