<?xml version='1.0'?><FundReport><Data Fund='Master File'><News1>&#09;ภาวะตลาดตราสารหนี้ในเดือนแรกของปี 2549 ปรับตัวดีขึ้นต่อเนื่องจากปลายปีที่แล้ว ปริมาณการซื้อขายยังคงหนาแน่นที่ระดับ 18,430 ล้านบาทต่อวัน ส่วนหนึ่งเป็นผลมาจากเงินบาทที่แข็งค่าขึ้นทำให้มีความต้องการลงทุนจากนักลงทุนต่างประเทศเข้ามา อัตราผลตอบแทนพันธบัตร (Yield) ระยะสั้นปรับตัวเพิ่มขึ้นตามอัตราดอกเบี้ย R/P 14 วัน ที่ปรับเพิ่มขึ้นอีก 0.25% มาอยู่ที่ 4.25% ต่อปี ในขณะที่ Yield ระยะปานกลางปรับตัวลดลง ส่วน Yield ระยะยาวปรับตัวเพิ่มขึ้น เนื่องจากตราสารหนี้ระยะปานกลางได้รับความสนใจจากนักลงทุนมากกว่าตราสารหนี้ระยะยาว หลังจากที่ก่อนหน้านี้ Yield ระยะยาวได้ปรับตัวลดลงมาค่อนข้างมากแล้ว สำหรับผลตอบแทน (Return) จากการลงทุนในตลาดตราสารหนี้เดือนมกราคม ดัชนีพันธบัตรรัฐบาลปรับตัวเพิ่มขึ้น 0.37% และดัชนีหุ้นกู้เอกชนปรับตัวเพิ่มขึ้น 0.79% แนวโน้มการลงทุนในตลาดตราสารหนี้ คาดว่าอัตราดอกเบี้ย R/P 14 วัน น่าจะใกล้จุดสูงสุดแล้ว นักลงทุนน่าจะมั่นใจในทิศทางของตลาดมากขึ้น แต่ Spread ระหว่าง Yield ระยะสั้นและระยะยาวแคบลงมากทำให้การลงทุนในตราสารหนี้ระยะยาวเริ่มให้ผลตอบแทนที่ไม่คุ้มความเสี่ยงหากตลาดเกิดความผันผวน กลยุทธ์การลงทุนจึงเน้นลงทุนในตราสารหนี้ระยะสั้นและระยะปานกลางเป็นหลัก </News1><News2>&#13;&#09;ดัชนีตลาดหลักทรัพย์ฯ ในเดือนมกราคมปิดที่ 762.63 จุด ปรับตัวเพิ่มขึ้น 6.85% จากต้นปี โดยราคาหุ้นปรับตัวเพิ่มขึ้นตลอดทั้งเดือนจากแรงซื้อของนักลงทุนต่างประเทศที่เข้ามาอย่างต่อเนื่อง ซึ่งเป็นไปในทิศทางเดียวกันกับตลาดหุ้นทั่วโลก จากผลของปัจจัยดังต่อไปนี้ 1) นักลงทุนคาดว่าการปรับขึ้นอัตราดอกเบี้ยโลกซึ่งนำโดยการปรับขึ้นอัตราดอกเบี้ยของสหรัฐฯ ใกล้จุดสูงสุดแล้ว ทำให้มีเม็ดเงินไหลเข้ามาลงทุนในตลาดหุ้นเพิ่มขึ้น 2) ข่าวการขายหุ้นSHIN ของตระกูลชินวัตรและดามาพงศ์ทั้งหมดให้กับกลุ่มเทมาเสค โฮลดิ้งส์ ผ่านบริษัทซีดาร์ โฮลดิ้งส์ และบริษัท แอสแปน โฮลดิ้งส์  รวมมูลค่า 7.33 หมื่นล้านบาท ส่งผลให้ค่าเงินบาทปรับตัวแข็งค่าขึ้นมากถึงระดับ 38.80 บาท ต่อดอลลาร์ สรอ. ซึ่งถือว่าเป็นการแข็งค่าขึ้นสูงสุดในรอบ 10 เดือน 3) ธปท. คาดการณ์เศรษฐกิจไทยปี 2549 ขยายตัว 4.75-5.75% เพิ่มขึ้นจากเดิมที่คาดไว้ 4.5-6.0% 4) ดัชนีความเชื่อมั่นของผู้บริโภคล่าสุดในเดือนธันวาคม 2548 ปรับเพิ่มขึ้นต่อเนื่องเป็นเดือนที่สี่ ในเดือนมกราคมนักลงทุนต่างประเทศเป็นผู้ซื้อสุทธิ 74,816 ล้านบาท นักลงทุนสถาบันและนักลงทุนรายย่อยเป็นผู้ขายสุทธิ 24,040 ล้านบาท และ 50,776 ล้านบาท ตามลำดับ แนวโน้มการลงทุนในตลาดหุ้น คาดว่าดัชนีตลาดหลักทรัพย์ฯ น่าจะเริ่มปรับฐานหลังจากปรับตัวเพิ่มขึ้นมาก โดยปัจจัยที่ต้องจับตามอง คือ ประเด็นเรื่องการเมือง อย่างไรก็ตาม ผู้จัดการกองทุนเชื่อว่า แรงซื้อจากนักลงทุนต่างประเทศน่าจะยังเข้ามาต่อเนื่อง จากค่าเงินดอลลาร์ สรอ. ที่มีแนวโน้มอ่อนค่าลง ทำให้มีเงินทุนที่ไหลเข้าลงทุนในแถบเอเซียมากขึ้น ส่งผลให้ตลาดหุ้นไทยมีแนวโน้มที่ดีขึ้นได้</News2><News3>&#13;&#09;</News3><News4>&#13;&#09;</News4><News5></News5><News6></News6> </Data>  </FundReport> 
