<?xml version='1.0'?><FundReport><Data Fund='Master File'><News1>&#09;ภาวะตลาดกองทุนรวมผสมในเดือน4ปรับตัวดีขึ้นต่อเนื่อง อัตราผลตอบแทน (Yield) ของพันธบัตรไทยโดยส่วนใหญ่ปรับตัวลดลง สวนทางกับอัตราผลตอบแทนของพันธบัตรสหรัฐฯ ที่ปรับตัวสูงขึ้น จากการที่ธนาคารกลางสหรัฐฯ ปรับอัตราดอกเบี้ยขึ้นอีกร้อยละ 0.25 เป็นร้อยละ 2.75 ต่อปี ในการประชุมเมื่อวันที่ 22 มีนาคม และแถลงการณ์ภายหลังการประชุมได้ก่อให้เกิดความวิตกว่าการปรับขึ้นอัตราดอกเบี้ยของสหรัฐฯ อาจไม่เป็นแบบค่อยเป็นค่อยไปหากอัตราเงินเฟ้อเพิ่มสูงขึ้นต่อเนื่อง แต่ปัจจัยที่ทำให้นักลงทุนในประเทศหันมาสนใจลงทุนในตราสารหนี้เพิ่มขึ้น มาจากความกังวลเกี่ยวกับอัตราการขยายตัวของเศรษฐกิจไทยที่จะได้รับผลกระทบจากการประกาศขึ้นราคาน้ำมันดีเซล และคาดว่าการปรับขึ้นอัตราดอกเบี้ยอาจชะลอออกไปหากเศรษฐกิจเติบโตลดลง สำหรับผลตอบแทน (Return) ในเดือนมีนาคมจากการลงทุนในพันธบัตรรัฐบาลปรับตัวเพิ่มขึ้นร้อยละ 1.62 และหุ้นกู้เอกชนปรับตัวเพิ่มขึ้นร้อยละ 0.86 แนวโน้มการลงทุนในตลาดตราสารหนี้เดือนเมษายนน่าจะทรงตัว ความกังวลเรื่องการชะลอตัวของเศรษฐกิจจากภาวะราคาน้ำมันที่ปรับสูงขึ้นจะทำให้การลงทุนในตราสารหนี้ได้รับความสนใจอยู่ แต่ปัจจัยหลักที่มีอิทธิพลต่อการลงทุนยังคงเป็นแนวโน้มการปรับเพิ่มขึ้นของอัตราดอกเบี้ย กลยุทธ์การลงทุนของผู้จัดการกองทุนยังเน้นลงทุนในตราสารหนี้ระยะสั้นและระยะปานกลาง </News1><News2>&#13;&#09;ภาวะตลาดหุ้นในเดือน4 ผันผวนมาก ดัชนีตลาดหลักทรัพย์ฯ ปรับตัวลดลง 60.06 จุด หรือร้อยละ 8.10 มาปิดที่ 681.49 จุด ด้วยปริมาณซื้อขายเฉลี่ยวันละ 16,650 ล้านบาท โดยได้รับผลกระทบจากปัจจัยหลักๆ ดังนี้ 1) แรงขายทำกำไรของนักลงทุนต่างชาติโดยเป็นผู้ขายสุทธิในเดือนนี้ 10,141 ล้านบาท หลังจากเป็นผู้ซื้อสุทธิมาตลอดหลายเดือน 2) ราคาน้ำมันในตลาดโลกอยู่ในระดับสูง จนทำให้รัฐบาลจำต้องประกาศปรับขึ้นราคาน้ำมันดีเซล 3 บาทต่อลิตร เพื่อลดภาระของกองทุนน้ำมัน 3) ค่าเงินดอลลาร์ สรอ. ที่กลับมาแข็งค่าขึ้นเมื่อเทียบกับเงินบาทและเงินสกุลเอเซียอื่นๆ ทำให้มีแรงขายทำกำไรในตลาดหุ้นทั่วเอเซีย 4) ตัวเลขเศรษฐกิจที่ประกาศออกมาส่งสัญญาณว่าเศรษฐกิจเริ่มชะลอตัว เนื่องจากผลกระทบจากราคาน้ำมันและรายได้จากการท่องเที่ยวที่ซบเซาจากคลื่นสึนามิ ในระยะสั้นตลาดหุ้นได้ปรับตัวลดลงมาอย่างมาก และดัชนีตลาดหลักทรัพย์ฯ ที่ระดับ 700 จุด เป็นระดับที่ตลาดหุ้นมีค่า PER ที่ประมาณ 10 เท่า ดังนั้น ผู้จัดการกองทุนจึงคาดว่า ตลาดหุ้นน่าจะดีดกลับได้บ้าง เนื่องจากอยู่ในภาวะขายมากเกินไป สำหรับปัจจัยที่ต้องติดตามอย่างใกล้ชิด คือ แรงขายทำกำไรของนักลงทุนต่างชาติ และการอ่อนค่าลงของเงินบาท ว่าจะส่งผลให้มีเงินทุนไหลออกจากตลาดหุ้นหรือไม่ อย่างไรก็ตาม ผู้จัดการกองทุนเชื่อว่า ตลาดหุ้นไทยมีราคาถูกและยังน่าลงทุน การปรับฐานในระยะสั้นน่าจะเป็นจังหวะให้ทยอยสะสมหุ้นปัจจัยพื้นฐานดีอย่างระมัดระวัง </News2><News3>&#13;&#09;</News3><News4>&#13;&#09;</News4><News5></News5><News6></News6> </Data>  </FundReport> 
