<?xml version='1.0'?><FundReport><Data Fund='Master File'><News1>&#09;ภาวะตลาดตราสารหนี้ในเดือนเมษายนปรับตัวดีขึ้นเล็กน้อย แม้ว่าในช่วงครึ่งแรกของเดือนภาวะการลงทุนยังคงผันผวนต่อเนื่องจากเดือนมีนาคม จากการที่ธนาคารแห่งประเทศไทยได้ปรับขึ้นอัตราดอกเบี้ย R/P 14 วัน อีก 0.25% เป็น 4.75% ต่อปี ในวันที่ 10 เมษายน และธนาคารพาณิชย์หลายแห่งปรับขึ้นอัตราดอกเบี้ยค่อนข้างมากเพื่อดึงเงินฝากและรักษาฐานลูกค้า ซึ่งส่งผลให้ความต้องการลงทุนในตราสารหนี้ลดลง แต่ในช่วงครึ่งหลังของเดือนบรรยากาศการลงทุนเริ่มกลับมาดีขึ้น เนื่องจากนักลงทุนเริ่มเห็นว่าการปรับเพิ่มขึ้นของอัตราดอกเบี้ยใกล้จะถึงจุดสูงสุดแล้ว ประกอบกับค่าเงินบาทที่แข็งขึ้นทำให้มีความต้องการลงทุนในพันธบัตรเพิ่มขึ้น สำหรับผลตอบแทน (Return) จากการลงทุนในตลาดตราสารหนี้เดือนเมษายน ดัชนีพันธบัตรรัฐบาลปรับตัวเพิ่มขึ้น 0.68% และดัชนีหุ้นกู้เอกชนปรับตัวเพิ่มขึ้น 0.37% แนวโน้มของตลาดตราสารหนี้ คาดว่าอัตราผลตอบแทนพันธบัตร (Yield) น่าจะกลับมาผันผวนอีกครั้ง เนื่องจากราคาน้ำมันที่พุ่งสูงขึ้นจะกดดันให้อัตราเงินเฟ้อเพิ่มขึ้นต่อเนื่อง และส่งผลให้อัตราดอกเบี้ยยังต้องปรับเพิ่มขึ้นได้ต่อ </News1><News2>&#13;&#09;ดัชนีตลาดหลักทรัพย์ฯ ในเดือนเมษายน ปิดที่ 768.29 จุด ปรับตัวเพิ่มขึ้น 4.78% จากสิ้นเดือนมีนาคม โดยราคาหุ้นปรับตัวเพิ่มขึ้นตั้งแต่ต้นเดือนหลังจากที่การเลือกตั้งทั่วไปในวันที่ 2 เมษายน ผ่านไปด้วยดี และไม่มีเหตุการณ์ชุมนุมประท้วงรุนแรงเกิดขึ้น โดยปัจจัยในประเทศที่สำคัญ คือ การประกาศเว้นวรรคทางการเมืองของ พ.ต.ท.ดร.ทักษิณ ชินวัตร โดยไม่ขอรับตำแหน่งนายกรัฐมนตรีในสมัยต่อไป ทำให้นักลงทุนมองว่าปัจจัยทางการเมืองที่คลุมเครือมานานน่าจะคลี่คลายไปได้ด้วยดี ส่วนปัจจัยต่างประเทศ ได้แก่ 1) การอ่อนค่าลงของเงินดอลลาร์ สรอ. ที่ทำให้เงินบาทและเงินสกุลหลักในแถบเอเซียแข็งค่าขึ้น ส่งผลให้มีการเคลื่อนย้ายเงินลงทุนเข้ามาในภูมิภาคเอเซียมากขึ้น นอกจากนี้การลดการถือครองสินทรัพย์ที่เป็นเงินสกุลดอลลาร์ สรอ. ของธนาคารกลางในประเทศต่างๆ และเพิ่มการถือครองสินทรัพย์ในสกุลอื่นแทน ยิ่งส่งผลให้ค่าเงินดอลลาร์ สรอ. ปรับตัวผันผวนในขาลง 2) การปรับเพิ่มขึ้นของราคาน้ำมันดิบในตลาดโลกจากความกังวลเรื่องความขัดแย้งระหว่างอิหร่านกับชาติตะวันตกในโครงการนิวเคลียร์ และปัญหาในไนจีเรีย ก็เป็นอีกหนึ่งปัจจัยที่ทำให้ดัชนีหลักทรัพย์ฯ ปรับตัวเพิ่มขึ้น เนื่องจากนักลงทุนหันมาเพิ่มน้ำหนักการลงทุนในหุ้นกลุ่มพลังงานที่จะได้รับผลดีจากการเพิ่มขึ้นของราคาน้ำมัน สำหรับแนวโน้มการลงทุนในตลาดหุ้น คาดว่าดัชนีตลาดหลักทรัพย์ฯ น่าจะปรับตัวในทิศทางที่ดีขึ้นได้ จากการที่สถานการณ์การเมืองคลี่คลายลง และมีแรงหนุนจากเม็ดเงินที่ยังคงไหลเข้าลงทุนในตลาดหุ้นแถบเอเซียอย่างต่อเนื่อง ส่วนปัจจัยที่ยังต้องติดตาม คือ หากราคาน้ำมันยังคงพุ่งสูงขึ้นไม่หยุดอาจส่งผลให้ภาวะเศรษฐกิจทั่วโลกถดถอย </News2><News3>&#13;&#09;</News3><News4>&#13;&#09;</News4><News5></News5><News6></News6> </Data>  </FundReport> 
