<?xml version='1.0'?><FundReport><Data Fund='Master File'><News1>&#09;ภาวะตลาดตราสารหนี้ในเดือนกุมภาพันธ์ยังคงปรับตัวดีขึ้นต่อเนื่อง ปริมาณการซื้อขายเฉลี่ยต่อวันเพิ่มขึ้นจากเดือนมกราคม 3.8% พันธบัตรรัฐบาลได้รับความสนใจจากนักลงทุนมากที่สุด อัตราผลตอบแทนพันธบัตร (Yield) ระยะยาวปรับตัวลดลงมาก เนื่องจากนักลงทุนเห็นว่าปริมาณพันธบัตรระยะยาวที่จะออกใหม่ (Supply) มีไม่มาก โดยเฉพาะอย่างยิ่งหากการระดมทุนเพื่อใช้ในโครงการ Mega Project ยังชะลอออกไป จึงทำให้นักลงทุนสถาบันที่ลงทุนระยะยาว เช่น บริษัทประกัน เข้ามาลงทุนในตลาดรองกันมากขึ้น ในส่วนของ Yield ระยะสั้นปรับตัวเพิ่มขึ้นเล็กน้อยตามทิศทางอัตราดอกเบี้ย สำหรับผลตอบแทน (Return) จากการลงทุนในตลาดตราสารหนี้เดือนกุมภาพันธ์ ดัชนีพันธบัตรรัฐบาลปรับตัวเพิ่มขึ้น 1.09% และดัชนีหุ้นกู้เอกชนปรับตัวเพิ่มขึ้น 0.77% แนวโน้มการลงทุนในตลาดตราสารหนี้ คาดว่าการประชุมคณะกรรมการนโยบายการเงินของธนาคารแห่งประเทศไทยในวันที่ 8 มีนาคม นี้ จะมีการปรับขึ้นอัตราดอกเบี้ย R/P 14 วัน อีกครั้ง ซึ่งจะส่งผลให้ Yield ปรับตัวเพิ่มขึ้นได้ แต่ความต้องการลงทุนในตราสารหนี้ของนักลงทุนที่ยังมีมากอย่างต่อเนื่อง น่าจะเป็นปัจจัยสนับสนุนการลงทุนได้ กลยุทธ์การลงทุนยังคงเน้นลงทุนในตราสารหนี้ระยะสั้นและระยะปานกลางเป็นหลัก </News1><News2>&#13;&#09;ดัชนีตลาดหลักทรัพย์ฯ ในเดือนกุมภาพันธ์ปิดที่ 744.05 จุด ปรับตัวลดลง 2.44% จากสิ้นเดือนมกราคม โดยราคาหุ้นปรับตัวผันผวนลดลงโดยตลอด จากสถานการณ์การเมืองที่ตึงเครียดมากขึ้นเนื่องจากแกนนำกลุ่มพันธมิตรเพื่อประชาธิปไตยที่เรียกร้องให้นายกรัฐมนตรีลาออก อย่างไรก็ตาม นายกรัฐมนตรีตัดสินใจยุบสภาในวันที่ 24 กุมภาพันธ์ เพื่อลดกระแสกดดัน และประกาศให้มีการเลือกตั้งทั่วไปในวันที่ 2 เมษายน ทำให้นักลงทุนกลับเข้าช้อนซื้อหุ้นเนื่องจากเห็นว่าความอึมครึมทางการเมืองหมดไป ส่งผลให้ตลาดหุ้นดีดตัวกลับมาได้ในช่วงปลายเดือน โดยมีปัจจัยสำคัญ ได้แก่ 1) สถานการณ์การเมืองที่ตึงเครียดจากประเด็นการขายหุ้น SHIN ของตระกูลชินวัตรและดามาพงศ์ให้กับกลุ่มเทมาเสค โฮลดิ้งส์ ทำให้เกิดกระแสต่อต้านทุนต่างชาติในวงกว้าง 2) ตัวเลขเศรษฐกิจไทยในเดือนมกราคมโดยรวมยังมีเสถียรภาพ แม้ว่าจะขาดดุลการค้าเพิ่มเป็น 388 ล้านดอลลาร์ สรอ. แต่ยังเกินดุลบัญชีเดินสะพัด 504 ล้านดอลลาร์ สรอ. ตัวเลขความเชื่อมั่นต่อเศรษฐกิจในอนาคตของธนาคารแห่งประเทศไทยในเดือนมกราคมลดลงมาอยู่ที่ 53.2 จาก 53.4 ในเดือนธันวาคม 2548 และดัชนีความเชื่อมั่นทางธุรกิจเดือนมกราคมลดลงเป็นครั้งแรกในรอบ 4 เดือนมาอยู่ที่ 45.2 และ 3) นักลงทุนต่างชาติยังคงเป็นผู้ซื้อสุทธิของตลาดหุ้นไทยในเดือนนี้อีก 19,088 ล้านบาท ซึ่งเป็นเม็ดเงินลงทุนที่ไหลเข้าตลาดหุ้นทั่วโลกอย่างต่อเนื่อง แนวโน้มในระยะสั้นคาดว่าปัจจัยทางการเมืองจะมีอิทธิพลต่อตลาดหุ้นเป็นอย่างมาก จากการที่ผู้นำพรรคฝ่ายค้านทั้ง 3 พรรคมีมติคว่ำบาตรการเลือกตั้งครั้งนี้ ซึ่งหากสถานการณ์การเมืองยืดเยื้อ ก็จะส่งผลเสียต่อภาวะการลงทุนโดยเฉพาะจากนักลงทุนต่างชาติที่ไม่เข้าใจสถานการณ์ทางการเมืองของบ้านเราได้</News2><News3>&#13;&#09;</News3><News4>&#13;&#09;</News4><News5></News5><News6></News6> </Data>  </FundReport> 
