<?xml version='1.0'?><FundReport><Data Fund='Master File'><News1>&#09;บรรยากาศการลงทุนในตลาดตราสารหนี้เดือนพฤศจิกายนเริ่มปรับตัวดีขึ้นหลังจากประสบกับภาวะผันผวนต่อเนื่องมาตั้งแต่เดือนกรกฎาคม อัตราผลตอบแทนพันธบัตร (Yield) ระยะปานกลางและระยะยาวปรับตัวลดลงจากแรงซื้อของนักลงทุนที่เห็นว่า Yield ได้ปรับตัวขึ้นมามากจากช่วงกลางปีจนอยู่ในระดับที่น่าสนใจลงทุน ในขณะที่อัตราผลตอบแทนพันธบัตรระยะสั้นปรับตัวเพิ่มขึ้นเล็กน้อย สำหรับผลตอบแทน (Return) จากการลงทุนในตลาดตราสารหนี้เดือนพฤศจิกายน ดัชนีพันธบัตรรัฐบาลปรับตัวเพิ่มขึ้น 2.49% และดัชนีหุ้นกู้เอกชนปรับตัวเพิ่มขึ้น 0.70% แนวโน้มการเคลื่อนไหวของอัตราผลตอบแทนพันธบัตรโดยรวมยังคงปรับตัวเพิ่มขึ้นตามทิศทางอัตราดอกเบี้ย ซึ่งจะกดดันให้ราคาตลาดของตราสารหนี้ปรับตัวลดลง อย่างไรก็ตามตัวเลขอัตราเงินเฟ้อทั่วไปล่าสุดในเดือนพฤศจิกายนที่ชะลอลงมาอยู่ที่ 5.9% จาก 6.2% ในเดือนตุลาคม ทำให้คาดว่าในการประชุมคณะกรรมการนโยบายการเงินครั้งสุดท้ายของปีนี้ การปรับขึ้นอัตราดอกเบี้ย R/P 14 วัน น่าจะไม่รุนแรง และคาดว่าอัตราดอกเบี้ย R/P 14 วัน จะไปสูงสุดที่ระดับ 4.75% ต่อปี ในช่วงกลางปี 2549 ซึ่งจะทำให้นักลงทุนมีความมั่นใจในทิศทางของตลาดมากขึ้น ในระยะนี้ผู้จัดการกองทุนยังคงใช้กลยุทธ์เน้นการลงทุนอย่างระมัดระวังไม่ให้อายุเฉลี่ยของตราสารหนี้ในกองทุน (Portfolio Duration) ยาวมากนัก เพื่อลดผลกระทบจากความผันผวนของตลาดตราสารหนี้ให้กับกองทุน </News1><News2>&#13;&#09;ดัชนีตลาดหลักทรัพย์ฯ ในเดือนพฤศจิกายนปิดที่ 667.75 จุด ปรับตัวลดลง 2.18% จากสิ้นเดือนตุลาคม โดยราคาหุ้นในช่วงสัปดาห์แรกของเดือนปรับตัวเพิ่มขึ้นจากแรงซื้อกลับของนักลงทุนต่างชาติ จนทำให้ดัชนีไปทำจุดสูงสุดที่ระดับ 709.63 จุด แต่หลังจากนั้นได้ปรับตัวลดลงตลอดทั้งเดือน พร้อมปริมาณการซื้อขายที่ลดลงด้วย เนื่องจากไม่มีปัจจัยใหม่เข้ากระตุ้นภาวะการลงทุน และปัจจัยลบที่สำคัญ ได้แก่ 1) ปัจจัยเรื่องการเมืองที่สร้างความกังวลแก่นักลงทุนอย่างมาก 2) ศาลปกครองสูงสุดมีคำชี้ขาดให้ระงับการกระจายหุ้น บมจ. กฟผ. ออกไปก่อน ซึ่งถือว่าไม่เป็นไปตามที่นักลงทุนคาดการณ์ไว้ ทำให้มีแรงเทขายหุ้นออกมาโดยเฉพาะหุ้นในกลุ่มหลักทรัพย์ ซึ่งนักลงทุนคาดการณ์ไว้ก่อนหน้านี้ว่าปริมาณการซื้อขายหุ้นจะกลับมาคึกคักอีกหลังจาก บมจ. กฟผ. เข้าตลาด อีกทั้งนักลงทุนผิดหวังจากตัวเลขเศรษฐกิจในเดือนตุลาคมที่ชะลอลง โดยดุลการค้ากลับมาขาดดุลอีกครั้งที่ 372 ล้านดอลลาร์ สรอ.  แม้ว่าจะมีปัจจัยบวกเรื่องการปรับตัวลดลงของราคาน้ำมัน แต่ก็ยังไม่สามารถกระตุ้นภาวะการลงทุนให้กระเตื้องขึ้นได้ ตลอดทั้งเดือนนักลงทุนต่างชาติเป็นผู้ซื้อสุทธิ 2,925.35 ล้านบาท และนักลงทุนสถาบันเป็นผู้ซื้อสุทธิ 1,375.87  ล้านบาท ส่วนนักลงทุนรายย่อยเป็นผู้ขายสุทธิ 4,301.22 ล้านบาท ในช่วง 2 เดือนที่ผ่านมาตลาดหุ้นไทยปรับตัวลดลงมากถึง 55.48 จุด หรือ 7.67% มากกว่าตลาดหุ้นอื่นๆ ในแถบเอเชียด้วยกัน ผู้จัดการกองทุนคาดว่าดัชนีตลาดหลักทรัพย์ฯ น่าจะมีเทคนิเคิลรีบาวด์ได้บ้าง แต่คงปรับขึ้นได้ไม่มากนักเนื่องจากเดือนธันวาคมจะเป็นช่วงวันหยุดยาวของนักลงทุนต่างชาติ อีกทั้งตลาดหุ้นยังขาดปัจจัยบวกใหม่ๆ เข้ามากระตุ้น ซึ่งน่าจะทำให้ภาวะการลงทุนซบเซาต่อเนื่อง</News2><News3>&#13;&#09;</News3><News4>&#13;&#09;</News4><News5></News5><News6></News6> </Data>  </FundReport> 
