<?xml version='1.0'?><FundReport><Data Fund='Master File'><News1>&#09;ภาวะการลงทุนในตลาดตราสารหนี้เดือนมกราคม 2550 กลับมาปรับตัวดีขึ้นอย่างมาก อัตราผลตอบแทนพันธบัตรปรับตัวลดลงทุกช่วงอายุ โดยเฉพาะอัตราผลตอบแทนพันธบัตรระยะยาวปรับตัวลดลงมากที่สุด เนื่องจากการประชุมคณะกรรมการนโยบายการเงินของ ธปท. ในวันที่ 17 มกราคม มีมติปรับลดอัตราดอกเบี้ยนโยบายมาอยู่ที่4.75% เพื่อต้องการกระตุ้นภาวะเศรษฐกิจ และธนาคารพาณิชย์หลายแห่งทยอยประกาศปรับลดอัตราดอกเบี้ยตามอีกด้วย นอกจากนี้มาตรการป้องกันการเก็งกำไรค่าเงินบาทของ ธปท. ยังไม่ได้ทำให้มีแรงขายของนักลงทุนต่างชาติในตลาดตราสารหนี้มากนัก สำหรับผลตอบแทน (Return) จากการลงทุนในตลาดตราสารหนี้เดือนมกราคม ดัชนีพันธบัตรรัฐบาลปรับตัวเพิ่มขึ้น 3.52% และดัชนีหุ้นกู้เอกชนปรับตัวเพิ่มขึ้น 2.06% </News1><News2>&#13;&#09;แนวโน้มการลงทุนในตลาดตราสารหนี้คาดว่าน่าจะยังปรับตัวดีขึ้นได้ต่อเนื่อง จากการที่นักลงทุนคาดการณ์ว่าจะมีการปรับลดอัตราดอกเบี้ยนโยบายในการประชุมคณะกรรมการนโยบายการเงินครั้งถัดไปในวันที่ 28 กุมภาพันธ์ อย่างไรก็ตาม ตลาดตราสารหนี้อาจมีความผันผวนได้บ้างจากแรงขายทำกำไรของนักลงทุนบางกลุ่มเนื่องจากอัตราผลตอบแทนพันธบัตรได้ปรับตัวลดลงมาค่อนข้างมากแล้ว </News2><News3>&#13;&#09;ดัชนีตลาดหลักทรัพย์ในเดือนมกราคม ปิดที่ 654.04 จุด ปรับตัวลดลงอีก 25.80 จุด หรือ 3.80% จากราคาปิด ณ สิ้นเดือนธันวาคมปิดที่ 679.84 จุด โดยในช่วงต้นเดือนดัชนีตลาดหลักทรัพย์ปรับตัวลดลงมากจนถึงจุดต่ำสุดที่ 622.27 จุด ก่อนที่จะเริ่มฟื้นตัวมาที่ระดับปัจจุบัน ปัจจัยต่างๆที่มีผลต่อภาวะการลงทุนมีดังนี้ 1) แรงเทขายของนักลงทุนจากเหตุลอบวางระเบิด 8 จุดในเขต กทม. ในช่วงปีใหม่ ส่งผลกระทบในเชิงจิตวิทยาต่อภาวะการลงทุน รวมถึงการปล่อยข่าวลือปฏิวัติซ้อน 2) ราคาน้ำมันโลกต่ำสุดในรอบ 19 เดือนระดับ 50.53 ดอลลาร์/บาร์เรล จากสภาพอากาศที่อบอุ่นและคาดการณ์ตัวเลขจีดีพีที่ต่ำลงของสหรัฐ แต่ราคาน้ำมันดิบเริ่มปรับตัวสูงขึ้นมาที่ 57.15 ดอลลาร์/บาร์เรล เนื่องจากกระทรวงพลังงานสหรัฐฯวางแผนที่จะเพิ่มปริมาณน้ำมันในคลังสำรองทางยุทธศาสตร์สู่ระดับ 1,500ล้านบาร์เรล จากปัจจุบันที่ 691 ล้านบาร์เรล  3) วันที่ 17 ม.ค. คณะกรรมการนโยบายการเงิน (กนง) ธปท.มีมติให้ใช้อัตราดอกเบี้ยซื้อคืนพันธบัตร (R/P) 1 วัน ที่ระดับ 4.75% จากเดิมที่ใช้อัตราดอกเบี้ย R/P 14 วันที่ 5.00% เพื่อกระตุ้นเศรษฐกิจที่เริ่มชะลอตัวลง  4)   ธนาคารพาณิชย์หลายแห่งประกาศปรับลดอัตราดอกเบี้ยเงินฝากประจำลง 0.25% – 0.50% 5)  ธปท.ปรับคาดการณ์จีดีพีปี’50 ขยายตัว 4.00 – 5.00% จากเดิม 4.50 – 5.50% คาดว่าดุลบัญชีเดินสะพัดปีนี้เกินดุล 2.5 – 4.5 พันล้านเหรียญสหรัฐ เงินเฟ้ออยู่ที่ 1.5 – 2.5% และส่งออกปีนี้จะเติบโตได้ที่ 7.50 – 10.50% ตลอดทั้งเดือนนักลงทุนต่างชาติเป็นผู้ซื้อสุทธิ 11,810.90  ล้านบาท ส่วนนักลงทุนสถาบันเป็นผู้ขายสุทธิ 7,539.51 ล้านบาท และนักลงทุนรายย่อยเป็นผู้ขายสุทธิ  4,271.39 ล้านบาท </News3><News4>&#13;&#09;ในระยะสั้น ผู้จัดการกองทุนคาดว่าตลาดหุ้นน่าจะแกว่งตัวอยู่ในกรอบ 620 – 680 จุด ด้วยปริมาณซื้อขายซบเซาที่ระดับหมื่นล้านบาทต่อวัน เนื่องจากขาดปัจจัยบวกใหม่ๆเข้ามากระตุ้นภาวะการลงทุน แต่หุ้นรายตัวอาจจะปรับตัวเพิ่มขึ้นหรือลดลงตามผลการดำเนินงานที่ทยอยประกาศออกมา ทำให้คาดว่าตลาดหุ้นน่าจะซบเซาไปสักระยะหนึ่ง </News4><News5></News5><News6></News6> </Data>  </FundReport> 
