<?xml version='1.0'?><FundReport><Data Fund='Master File'><News1>&#09;ภาวะตลาดตราสารหนี้ในเดือนมีนาคมโดยรวมปรับตัวดีขึ้น แม้ว่าช่วงปลายเดือนจะมีแรงขายทำกำไรในพันธบัตรระยะยาวออกมาบางส่วน ภายหลังกระทรวงการคลังประกาศวงเงินการออกพันธบัตรรัฐบาลในไตรมาสที่ 3 ของปีงบประมาณ 2550 ซึ่งส่วนใหญ่จะเป็นพันธบัตรระยะยาว โดยมีวงเงินทั้งหมด 87,000 ล้านบาท แบ่งเป็นรุ่นอายุ 3 ปี 5,000 ล้านบาท อายุ 7 ปี 17,000 ล้านบาท อายุ 10 ปี 17,000 ล้านบาท และอายุ 17 ปี 48,000 ล้านบาท ตลอดทั้งเดือนอัตราผลตอบแทนพันธบัตร (Yield) ยังคงปรับตัวลดลงทุกช่วงอายุ โดย Yield ระยะสั้นและระยะปานกลางปรับตัวลดลงมากกว่า Yield ระยะยาว สำหรับผลตอบแทนของดัชนีตราสารหนี้ (Total Return of ThaiBMA Composite Bond Index) ซึ่งรวมทั้งพันธบัตรและหุ้นกู้ในเดือนมีนาคม ปรับตัวเพิ่มขึ้น 1.40%  </News1><News2>&#13;&#09;แนวโน้มการลงทุนในตลาดตราสารหนี้ คาดว่าน่าจะปรับตัวดีขึ้นได้อีก เนื่องจากอัตราดอกเบี้ยยังมีแนวโน้มปรับลดลง จากตัวเลขเศรษฐกิจล่าสุดของเดือนกุมภาพันธ์ที่ประกาศออกมาแสดงให้เห็นถึงภาวะชะลอตัวของเศรษฐกิจไทยโดยเฉพาะการบริโภคและการลงทุนของภาคเอกชน และอัตราเงินเฟ้อที่ชะลอลงอย่างชัดเจน ทำให้คาดว่า ธปท. จะดำเนินนโยบายการเงินที่ผ่อนคลายต่อไปเพื่อกระตุ้นภาวะเศรษฐกิจ แต่อย่างไรก็ตาม ปริมาณการออกพันธบัตรรัฐบาลซึ่งส่วนใหญ่เป็นพันธบัตรระยะยาว อาจทำให้ตลาดตราสารหนี้มีความผันผวนได้บ้าง </News2><News3>&#13;&#09;ดัชนีตลาดหลักทรัพย์ฯเดือนมีนาคม  ปิดที่ 673.71 จุด  ลดลง 3.42 จุด หรือ 0.51% จากราคาปิด ณ สิ้นเดือนกุมภาพันธ์ ที่   677.13 จุด โดยดัชนีตลาดหลักทรัพย์ฯปรับตัวช่วงแคบ ๆ ตลอดทั้งเดือนด้วยปริมาณซื้อขายที่ซบเซา เนื่องจากตลาดหุ้นไม่มีปัจจัยใหม่ๆ เข้ามากระตุ้นการลงทุน สำหรับปัจจัยสำคัญที่มีผลกระทบต่อภาวะการลงทุนคือ 1) ราคาน้ำมันที่ปรับตัวเพิ่มขึ้นอีกครั้ง หลังจากสถานการณ์ตึงเครียดเรื่องโครงการนิวเคลียร์ของอิหร่าน และการที่อิหร่านจับตัวทหารเรืออังกฤษไว้ ทำให้ราคาน้ำมันดิบในตลาดล่วงหน้า NYMEX ส่งมอบเดือนพ.ค. ปิดที่ 66.03 ดอลลาร์สหรัฐ/บาร์เรล เพิ่มขึ้น 1.95 ดอลลาร์สหรัฐ สูงสุดในรอบ 3 เดือน 2) นักลงทุนคาดการณ์ว่า ธปท. จะปรับลดอัตราดอกเบี้ยที่ประมาณ 50 bps ในการประชุมวันที่ 11 เมษายนเพื่อกระตุ้นเศรษฐกิจที่ชะลอตัวลง 3) ธปท.เปิดเผยดัชนีเชื่อมั่นธุรกิจ เดือนก.พ.ที่ 42.9 ลดลงจาก 42.9 เดือนม.ค.  และรายงานการส่งออกขยายตัว 17.8% คิดเป็นมูลค่า 10,373 ล้านดอลลาร์สหรัฐ และนำเข้ามีมูลค่า 9,565 ล้านดอลลาร์สหรัฐขยายตัว 4.00% ทำให้ดุลบัญชีเดินสะพัดเกินดุล 1,536 ล้านดอลลาร์สหรัฐ 4) ธนาคารพาณิชย์บางแห่งยังปรับลดอัตราดอกเบี้ยเงินฝากลงอีก 0.25% ตลอดทั้งเดือนนักลงทุนต่างชาติเป็นผู้ซื้อสุทธิ  1,282.16 ล้านบาท และนักลงทุนสถาบันเป็นผู้ซื้อสุทธิ 3,602.65 ล้านบาท ส่วนนักลงทุนรายย่อยเป็นผู้ขายสุทธิ  4,884.80 ล้านบาท  ในระยะสั้น ผู้จัดการกองทุนคาดว่าดัชนีตลาดหลักทรัพย์น่าจะแกว่งตัวขึ้นอยู่ในกรอบ 670 –700 จุดได้ จากแรงซื้อของนักลงทุนต่างชาติที่เข้ามาอย่างต่อเนื่อง และนักลงทุนยังต้องติดตามปัจจัยทางการเมืองอย่างใกล้ชิด โดยตุลาการรัฐธรรมนูญ คาดว่าจะพิจารณาคดียุบพรรคไทยรักไทย และพรรคประชาธิปัตย์ เสร็จในช่วงปลายเดือนเม.ย. หรือต้นพ.ค.นี้ </News3><News4>&#13;&#09;</News4><News5></News5><News6></News6> </Data>  </FundReport> 
