<?xml version='1.0'?><FundReport><Data Fund='Master File'><News1>&#09;ภาวะตลาดตราสารหนี้ในเดือนกรกฎาคมปรับตัวดีขึ้นเมื่อเทียบกับเดือนมิถุนายน อัตราผลตอบแทนพันธบัตร (Yield) อายุตั้งแต่ 3 เดือนขึ้นไปปรับตัวลดลง โดย Yield ระยะยาวปรับตัวลดลงมากกว่า Yield ระยะสั้น เนื่องจากในการประชุมคณะกรรมการนโยบายการเงินเมื่อในวันที่ 19 กรกฎาคม มีมติให้คงอัตราดอกเบี้ย R/P 14 วัน ที่ 5.00% และส่งสัญญาณว่าอัตราดอกเบี้ยดังกล่าวเป็นระดับที่เหมาะสม โดยอัตราดอกเบี้ยที่แท้จริงมีแนวโน้มจะเป็นบวกในเดือนสิงหาคม ส่งผลให้นักลงทุนคาดว่าทิศทางอัตราดอกเบี้ยน่าจะคงที่หรือลดลงได้ในช่วงครึ่งปีหลัง สำหรับผลตอบแทน (Return) จากการลงทุนในตลาดตราสารหนี้เดือนกรกฎาคม ดัชนีพันธบัตรรัฐบาลปรับตัวเพิ่มขึ้น 1.18% และดัชนีหุ้นกู้เอกชนปรับตัวเพิ่มขึ้น 0.90%  แนวโน้มตลาดตราสารหนี้ มีปัจจัยที่ต้องติดตาม คือ การประชุมธนาคารกลางสหรัฐฯ ในวันที่ 8 สิงหาคม ซึ่งนักลงทุนส่วนใหญ่คาดว่าโอกาสที่ธนาคารกลางสหรัฐฯ จะปรับขึ้นอัตราดอกเบี้ย Fed Fund ในการประชุมครั้งนี้มีน้อยลง เนื่องจาก GDP ของสหรัฐฯ ในไตรมาส 2 ขยายตัวเพียง 2.5% ซึ่งต่ำกว่าที่คาดการณ์กันไว้ กลยุทธ์การลงทุนจะเน้นลงทุนในตราสารหนี้ที่มี duration ประมาณ 1-2 ปี ซึ่งเป็นช่วงที่มีความชันที่สุดใน Yield Curve</News1><News2>&#13;&#09;ดัชนีตลาดหลักทรัพย์ฯ ในเดือนกรกฎาคม ปิดที่ 691.49 จุด ปรับตัวเพิ่มขึ้น 1.97% จากเดือนมิถุนายน โดยราคาหุ้นปรับตัวผันผวนไปทำจุดต่ำสุดที่ 650.69 จุดในช่วงกลางเดือน และเริ่มฟื้นตัวดีขึ้นในช่วงครึ่งเดือนหลัง ซึ่งปัจจัยหลักที่มีผลต่อภาวะการลงทุน ได้แก่ 1) นักลงทุนวิตกเกี่ยวกับเหตุการณ์ที่เกาหลีเหนือทดลองยิงขีปนาวุธพิสัยไกล และความตึงเครียดที่ทวีความรุนแรงขึ้นในตะวันออกกลางระหว่างอิสราเอลและเลบานอน ทำให้ราคาน้ำมันดิบในตลาดโลกพุ่งขึ้นทำสถิติสูงสุดเป็นประวัติการณ์ 2) แถลงการณ์ของประธานธนาคารกลางสหรัฐฯ เกี่ยวกับอัตราเงินเฟ้อที่คลายตัวรวมถึงเศรษฐกิจที่ชะลอตัวลง ทำให้นักลงทุนคาดว่าอัตราดอกเบี้ยของสหรัฐฯ ใกล้ถึงจุดสูงสุดแล้ว 3) พระบาทสมเด็จพระเจ้าอยู่หัวทรงลงพระปรมาภิไธยโปรดเกล้าฯ พรฎ. เลือกตั้งวันที่ 15 ตุลาคม และศาลอาญาตัดสินให้ กกต. ทั้งสามคนมีความผิดและต้องเข้าขบวนการสรรหาใหม่ นับเป็นข่าวดีที่ทำให้การเมืองมีความชัดเจนขึ้นและประชาชนมั่นใจว่าการเลือกตั้งในเดือนตุลาคมจะมีความบริสุทธิ์ยุติธรรมมากขึ้น 4) ธปท. ปรับลดเป้าการเติบโตของ GDP ปีนี้ เหลือ 4-5% จากเดิม 4.25-5.25% ตลอดทั้งเดือนนักลงทุนต่างชาติกลับมาซื้อสุทธิ 9,671 ล้านบาท นักลงทุนสถาบันขายสุทธิ 9,229 ล้านบาท และนักลงทุนรายย่อยขายสุทธิ 442 ล้านบาท หลังจากที่ดัชนีตลาดหลักทรัพย์ฯ สามารถดีดกลับขึ้นมาใกล้ระดับ 700 จุด ตอบรับข่าวดีเรื่องปัจจัยการเมืองที่คลี่คลายไปในทางที่ดีขึ้นมาก ในระยะสั้น คาดว่าตลาดหุ้นน่าจะแกว่งตัวอยู่ในกรอบแคบๆ เพื่อรอดูปัจจัยใหม่ๆ ที่จะมีผลต่อภาวะการลงทุน รวมถึงการประกาศผลการดำเนินงานในไตรมาสสองของบริษัทจดทะเบียน และแนวโน้มอัตราดอกเบี้ยของสหรัฐฯ จากการประชุมที่จะมีขึ้นในวันที่ 8 สิงหาคมนี้  </News2><News3>&#13;&#09;</News3><News4>&#13;&#09;</News4><News5></News5><News6></News6> </Data>  </FundReport> 
