<?xml version='1.0'?><FundReport><Data Fund='Master File'><News1>&#09;ตลาดตราสารหนี้ในเดือนกันยายนยังคงผันผวนต่อเนื่อง อัตราผลตอบแทนตราสารหนี้ปรับตัวเพิ่มขึ้นค่อนข้างมากโดยเฉพาะอย่างยิ่งอัตราผลตอบแทนระยะปานกลางและระยะยาว ส่งผลให้ราคาตลาดตราสารหนี้ปรับตัวลดลงอีก โดยสาเหตุหลักมาจากการที่ธนาคารแห่งประเทศไทยปรับขึ้นอัตราดอกเบี้ย R/P 14 วัน ถึงร้อยละ 0.50 มาอยู่ที่ร้อยละ 3.25 ต่อปี ซึ่งเป็นการปรับขึ้นมากกว่าที่นักลงทุนคาดการณ์ไว้ที่ร้อยละ 0.25 เพื่อลดแรงกดดันด้านเงินเฟ้อที่เพิ่มขึ้น และธนาคารกลางสหรัฐฯ ยังปรับขึ้นอัตราดอกเบี้ย Fed Fund เป็นครั้งที่ 11 อีกร้อยละ 0.25 มาอยู่ที่ร้อยละ 3.75 ต่อปี สำหรับผลตอบแทน (Return) จากการลงทุนในตราสารหนี้เดือนกันยายน พันธบัตรรัฐบาลปรับตัวลดลงติดลบร้อยละ 1.55 และหุ้นกู้เอกชนปรับตัวลดลงติดลบร้อยละ 0.43 แนวโน้มคาดว่าธนาคารกลางสหรัฐฯ จะปรับขึ้นอัตราดอกเบี้ยเป็นร้อยละ 4.00-4.25 ต่อปี ณ สิ้นปี 2548 และจะปรับขึ้นไปสูงสุดที่ร้อยละ 4.50 ต่อปี ประมาณกลางปี 2549 นอกจากนี้คาดว่าธนาคารแห่งประเทศไทยจะปรับขึ้นอัตราดอกเบี้ยไปอยู่ที่ร้อยละ 3.75-4.00 ต่อปี ณ สิ้นปี 2548 เพื่อควบคุมอัตราเงินเฟ้อพื้นฐานให้อยู่ภายในเกณฑ์ที่กำหนด โดยอัตราดอกเบี้ยเงินฝากและเงินกู้ของธนาคารพาณิชย์จะทยอยปรับขึ้นตาม จากการที่อัตราดอกเบี้ยเป็นทิศทางขาขึ้นซึ่งจะส่งผลให้ภาวะการลงทุนในตลาดตราสารหนี้ปรับตัวลดลงอย่างต่อเนื่อง ทำให้ผู้จัดการกองทุนต้องใช้กลยุทธ์เน้นลงทุนในตราสารหนี้ระยะสั้นเป็นหลัก เพื่อทยอยลด Portfolio Duration ลง  </News1><News2>&#13;&#09;ดัชนีตลาดหลักทรัพย์ฯ ในเดือนกันยายนปิดที่ 723.23 จุด ปรับตัวเพิ่มขึ้นมากถึง 25.38 จุด หรือร้อยละ 3.64 จากสิ้นเดือนสิงหาคม โดยราคาหุ้นปรับตัวดีขึ้นตลอดทั้งเดือนจากแรงซื้ออย่างต่อเนื่องของนักลงทุนต่างประเทศที่ย้ายเงินลงทุนมาเข้าในตลาดหุ้นมากขึ้น และผลกระทบจากพายุเฮอริเคนในสหรัฐฯ ทำให้โรงกลั่นน้ำมันในอ่าวเม็กซิโกได้รับความเสียหาย ส่งผลให้ราคาน้ำมันปรับขึ้นต่อจากความกังวลว่าปริมาณน้ำมันจะไม่เพียงพอกับความต้องการ จึงมีแรงซื้อกลับเข้ามาในหุ้นกลุ่มพลังงานอีกครั้งหนึ่ง และในช่วงครึ่งหลังของเดือนธนาคารพาณิชย์หลายแห่งทยอยปรับขึ้นอัตราดอกเบี้ยเงินฝากและเงินกู้ รวมถึงสถาบันการจัดอันดับความน่าเชื่อถือ เอส แอนด์ พี ได้ประกาศปรับเพิ่มอันดับความน่าเชื่อถือของธนาคารพาณิชย์ไทย 6 แห่ง ทำให้หุ้นในกลุ่มธนาคารปรับตัวดีขึ้นบ้าง ตลอดทั้งเดือนนักลงทุนต่างประเทศเป็นผู้ซื้อสุทธิ 12,979 ล้านบาท นักลงทุนสถาบันเป็นผู้ขายสุทธิ 231 ล้านบาท และนักลงทุนรายย่อยเป็นผู้ขายสุทธิ 12,748 ล้านบาท ในระยะสั้น ผู้จัดการกองทุนคาดว่าตลาดหุ้นน่าจะแกว่งตัวอยู่ในช่วงแคบๆ โดยนักลงทุนสถาบันทั้งในและต่างประเทศคงเริ่มปรับพอร์ตเพื่อเตรียมเงินสำหรับการจองซื้อหุ้น IPO ขนาดใหญ่ ได้แก่ เบียร์ช้าง และ กฟผ. ในช่วงปลายปีนี้ และหลังจากผ่านช่วงจองซื้อไปแล้ว ภาวะการลงทุนในตลาดหุ้นน่าจะกลับมาคึกคักได้อีกครั้ง </News2><News3>&#13;&#09;</News3><News4>&#13;&#09;</News4><News5></News5><News6></News6> </Data>  </FundReport> 
