<?xml version='1.0'?><FundReport><Data Fund='Master File'><News1>&#09;ในเดือนเมษายนภาวะการลงทุนในตลาดตราสารหนี้ปรับตัวดีขึ้นต่อเนื่อง อัตราผลตอบแทนพันธบัตร (Yield) ยังคงปรับตัวลดลงทุกช่วงอายุ ภายหลังจากที่คณะกรรมการนโยบายการเงินปรับลดอัตราดอกเบี้ยนโยบายลงอีก 0.50% มาอยู่ที่ 4.00% ในการประชุมวันที่ 11 เมษายน นอกจากนี้ ธปท. ได้ประกาศปรับลดประมาณการขยายตัวของเศรษฐกิจไทยในปี 2550 มาอยู่ที่ 3.8-4.8% เนื่องจากการบริโภคและการลงทุนภาคเอกชนยังหดตัว แม้ว่าการส่งออกจะยังขยายตัวได้ แต่การนำเข้ายังชะลอตัวลงต่อเนื่อง ส่งสัญญาณให้เห็นถึงแนวโน้มการชะลอตัวของภาวะเศรษฐกิจในระยะข้างหน้า ทำให้นักลงทุนคาดว่าธนาคารแห่งประเทศไทยจะดำเนินนโยบายการเงินผ่อนคลายต่อไปอีก สำหรับผลตอบแทนของดัชนีตราสารหนี้ (Total Return of ThaiBMA Composite Bond Index) ซึ่งรวมทั้งพันธบัตรและหุ้นกู้ในเดือนเมษายน ปรับตัวเพิ่มขึ้น 2.13% แนวโน้มการลงทุนในตลาดตราสารหนี้ คาดว่าน่าจะปรับตัวดีขึ้นได้ต่อเนื่อง จากปัจจัยเรื่องอัตราดอกเบี้ยที่มีแนวโน้มปรับลดลงได้อีก </News1><News2>&#13;&#09;ดัชนีตลาดหลักทรัพย์ฯ เดือนเมษายน ปิดที่ 699.16 จุด เพิ่มขึ้น 3.78% จากสิ้นเดือนมีนาคม โดยปัจจัยสำคัญที่มีผลต่อภาวะการลงทุน ได้แก่ 1) การปรับลดอัตราดอกเบี้ยนโยบายลงอีก 0.50% และนักลงทุนคาดว่าอัตราดอกเบี้ยยังคงสามารถลดลงได้อีกเพื่อกระตุ้นเศรษฐกิจที่ชะลอตัว 2) ธนาคารพาณิชย์หลายแห่งปรับลดอัตราดอกเบี้ยเงินฝากลงอีก 0.50% และปรับลดอัตราดอกเบี้ยเงินกู้ MLR ลง 0.25% 3) ราคาน้ำมันที่ยังคงอยู่ในระดับสูง เนื่องจากโรงกลั่นหลายแห่งในสหรัฐฯ ปิดซ่อมบํารุง 4) กระทรวงพาณิชย์รายงานมูลค่าการส่งออกในเดือนมีนาคม 12,926 ล้านดอลลาร์ สรอ. ขยายตัว 19% และมูลค่าการนำเข้า 10,726 ล้านดอลลาร์ สรอ. ปรับตัวลดลง 0.5% ทำให้ดุลการค้าเกินดุล 2,201 ล้านดอลลาร์ สรอ. 5) ธปท.ประกาศปรับลดตัวเลขประมาณการขยายตัวของเศรษฐกิจไทยในปี 2550 ตลอดทั้งเดือนนักลงทุนต่างชาติซื้อสุทธิ 11,715 ล้านบาท นักลงทุนสถาบันซื้อสุทธิ 445 ล้านบาท และนักลงทุนรายย่อยขายสุทธิ 12,160 ล้านบาท ในระยะสั้น ผู้จัดการกองทุนคาดว่าดัชนีตลาดหลักทรัพย์ฯ น่าจะแกว่งตัวขึ้นลงอยู่ในกรอบ 680–710 จุด และนักลงทุนยังต้องติดตามปัจจัยทางการเมืองอย่างใกล้ชิด โดยเฉพาะการแสดงความคิดเห็นต่อร่างรัฐธรรมนูญและม็อบต่างๆ ที่มาชุมนุมกัน นอกจากนี้คณะตุลาการรัฐธรรมนูญ นัดฟังคำวินิจฉัยคดียุบพรรคประชาธิปัตย์ และพรรคไทยรักไทยในปลายเดือนพฤษภาคมนี้</News2><News3>&#13;&#09;</News3><News4>&#13;&#09;</News4><News5></News5><News6></News6> </Data>  </FundReport> 
