<?xml version='1.0'?><FundReport><Data Fund='Master File'><News1>&#09;ตลาดตราสารหนี้เดือนมิถุนายนประสบกับภาวะผันผวนอย่างมาก อัตราผลตอบแทนตราสารหนี้ (Yield) โดยส่วนใหญ่ปรับตัวเพิ่มขึ้นส่งผลให้ราคาตลาดของตราสารหนี้ลดต่ำลง โดยเฉพาะ Yield ระยะกลางและระยะยาวที่ปรับตัวเพิ่มขึ้นค่อนข้างมาก ซึ่งเป็นผลมาจากปัจจัยหลัก คือการที่คณะกรรมการนโยบายการเงินได้ให้ความเห็นในการประชุมครั้งล่าสุดว่าอัตราดอกเบี้ยนโยบายในระดับ 3.50% มีความเหมาะสมแล้ว และอัตราการขยายตัวของ GDP ไตรมาส 1 ที่ประกาศออกมา 4.3% ดีกว่าที่คาดการณ์ไว้จากแรงสนับสนุนของภาคการส่งออก ทำให้นักลงทุนคาดว่าคงจะไม่มีการปรับลดอัตราดอกเบี้ยนโยบายเพื่อกระตุ้นเศรษฐกิจอีก นอกจากนี้อัตราผลตอบแทนพันธบัตรของไทยปรับตัวเพิ่มขึ้นตามอัตราผลตอบแทนพันธบัตรของสหรัฐฯ ที่ปรับตัวเพิ่มขึ้นอย่างมากจากความกังวลเรื่องเงินเฟ้อที่คาดว่าอัตราดอกเบี้ยของสหรัฐฯจะไม่มีการปรับลดลงแล้วในปีนี้ รวมทั้งการที่กองทุนฟื้นฟูจะออกพันธบัตรเพิ่มอีก 2 แสนล้านบาท ทำให้นักลงทุนกังวลกับปริมาณพันธบัตรที่จะมีเพิ่มขึ้นจึงเทขายตราสารหนี้ที่ถือลงทุนไว้ออกมาก่อน สำหรับผลตอบแทนของดัชนีตราสารหนี้ซึ่งรวมทั้งพันธบัตรและหุ้นกู้ในเดือนมิถุนายนปรับตัวลดลง –1.90%  แนวโน้มการลงทุนในตลาดตราสารหนี้อาจจะยังผันผวนต่อเนื่องได้อีกระยะหนึ่ง อย่างไรก็ตาม Yield ที่ปรับตัวเพิ่มขึ้นอย่างรุนแรงในช่วงที่ผ่านมาน่าจะเกิดจากการที่นักลงทุนเทขายตราสารหนี้ออกมามากเกินไป ในขณะที่ปัจจัยพื้นฐานของประเทศไทยยังไม่มีการเปลี่ยนแปลง และแนวโน้มอัตราดอกเบี้ยน่าจะยังทรงตัวอยู่ได้จนถึงกลางปีหน้า จึงคาดว่าภาวะความผันผวนดังกล่าวน่าจะชะลอลงได้บ้าง   </News1><News2>&#13;&#09;ดัชนีตลาดหลักทรัพย์ฯ ในเดือนมิถุนายน ปิดที่ 776.79 จุด ปรับตัวเพิ่มขึ้น 5.34% จากสิ้นเดือนพฤษภาคม โดยตลาดหุ้นปรับตัวผันผวนในช่วงครึ่งเดือนแรกจากความกังวลของนักลงทุนที่มีต่อปัจจัยการเมือง หลังจากศาลรัฐธรรมนูญมีคำวินิจฉัยให้ยุบพรรคไทยรักไทย และมีการดำเนินคดีเพื่อจะอายัดทรัพย์ของ พ.ต.ท. ทักษิณ ชินวัตร แม้จะมีการรวมตัวชุมนุมกันบ้างแต่ก็ไม่มีเหตุการณ์รุนแรงเกิดขึ้น และการที่นายกรัฐมนตรีออกมาให้สัมภาษณ์ว่าจะจัดให้มีการเลือกตั้งเร็วขึ้น ทำให้มีแรงซื้อกลับเข้ามาส่งผลให้ตลาดหุ้นปรับตัวขึ้นอย่างต่อเนื่องได้ในช่วงครึ่งเดือนหลัง นอกจากนี้มีปัจจัยสำคัญอื่น คือ กระทรวงพาณิชย์เปิดเผยตัวเลขดุลการค้าของเดือนพฤษภาคมที่เกินดุล 800.2 ล้านเหรียญ สรอ. โดยมูลค่าส่งออกเพิ่มขึ้นถึง 20.9% ขณะที่มูลค่าการนำเข้าเพิ่มขึ้น 6.7% ตลอดทั้งเดือนนักลงทุนต่างชาติซื้อสุทธิ 30,880 ล้านบาท นักลงทุนสถาบันขายสุทธิ 4,049 ล้านบาท ส่วนนักลงทุนรายย่อยขายสุทธิ  26,831 ล้านบาท ในระยะสั้น ผู้จัดการกองทุนคาดว่าดัชนีตลาดหลักทรัพย์ฯ ยังได้รับผลบวกจากแรงซื้อที่หนาแน่นและต่อเนื่องของนักลงทุนต่างชาติ ซึ่งจะทำให้ตลาดหุ้นปรับตัวเพิ่มขึ้นได้อีก แม้อาจจะมีแรงเทขายทำกำไรของนักลงทุนเป็นระยะๆ อย่างไรก็ตาม ตลาดหุ้นไทยยังถูกกว่าตลาดเอเซียอื่นๆ และนักลงทุนเริ่มเห็นว่าเศรษฐกิจไทยจะฟื้นตัวอย่างมากในช่วงครึ่งปีหลังภายหลังการเลือกตั้งที่คาดว่าจะเกิดขึ้นภายในปลายปีนี้</News2><News3>&#13;&#09;</News3><News4>&#13;&#09;</News4><News5></News5><News6></News6> </Data>  </FundReport> 
