<?xml version='1.0'?><FundReport><Data Fund='Master File'><News1>&#09;ภาวะการลงทุนในตลาดตราสารหนี้เดือนตุลาคมปรับตัวลดลงอย่างหนัก อัตราผลตอบแทนพันธบัตร (Bond Yield) ทุกช่วงอายุปรับตัวเพิ่มขึ้นค่อนข้างแรงเมื่อเทียบจากสิ้นเดือนกันยายน ซึ่งอัตราผลตอบแทนพันธบัตรหรืออัตราดอกเบี้ยเป็นปัจจัยสำคัญที่มีผลในทางตรงกันข้ามกับราคาตราสารหนี้ จึงทำให้ราคาตลาดของตราสารหนี้ปรับตัวลดลงอย่างมาก สำหรับผลตอบแทน (Return) จากการลงทุนในตลาดตราสารหนี้เดือนตุลาคม พันธบัตรรัฐบาลปรับตัวลดลง -5.16% และหุ้นกู้เอกชนปรับตัวลดลง –2.30% สาเหตุหลักเนื่องมาจากความกังวลของนักลงทุนเกี่ยวกับแนวโน้มอัตราดอกเบี้ยที่จะปรับเพิ่มขึ้นได้ค่อนข้างแรง หลังจากที่ธนาคารแห่งประเทศไทยปรับขึ้นอัตราดอกเบี้ย R/P 14 วัน อีก 0.50% ติดต่อกันเป็นครั้งที่ 2 มาอยู่ที่ระดับ 3.75% ต่อปี จากการพุ่งสูงขึ้นของอัตราเงินเฟ้ออย่างต่อเนื่อง ทำให้มีแรงขายพันธบัตรในทุกช่วงอายุออกมาเพื่อลดความเสี่ยงจากการขาดทุนในการถือครองพันธบัตรโดยเฉพาะจากนักลงทุนที่ไม่สามารถรับความผันผวนในระยะสั้นได้ ทั้งนี้หากนักลงทุนถือครองพันธบัตรจนครบกำหนดอายุ จะได้รับดอกเบี้ยและรับคืนเงินต้นตามราคาที่ตราไว้ (Par) โดยจะไม่ได้รับผลกระทบจากการเปลี่ยนแปลงของราคาตลาดระหว่างการถือครองแต่อย่างใด แนวโน้มตลาดตราสารหนี้ คาดว่าอัตราผลตอบแทนพันธบัตรโดยรวมยังคงมีทิศทางเพิ่มสูงขึ้นตามทิศทางอัตราดอกเบี้ย และผู้จัดการกองทุนจะใช้กลยุทธ์เน้นการลงทุนในตราสารหนี้ระยะสั้น เพื่อลด Portfolio Duration ซึ่งจะช่วยลดความผันผวนให้กับกองทุนลงได้บ้าง</News1><News2>&#13;&#09;ดัชนีตลาดหลักทรัพย์ฯ ในเดือนตุลาคมปิดที่ 682.62 จุด ปรับตัวลดลงถึง 40.61 จุด หรือ -5.62% จากสิ้นเดือนกันยายน จากแรงขายอย่างหนักของนักลงทุนต่างชาติ ที่เริ่มกลับมาขายสุทธิเป็นเดือนแรกถึง 26,711 ล้านบาท หลังจากที่ซื้อสุทธิมาเกือบตลอดทั้งปี ปัจจัยหลักมาจาก 1) การปรับขึ้นอัตราดอกเบี้ยในตลาดโลกตามอัตราเงินเฟ้อที่สูงขึ้นเพราะต้นทุนสินค้าที่เพิ่มขึ้น ซึ่งเป็นผลมาจากราคาน้ำมันที่ทรงตัวอยู่ในระดับสูง 2) การกลับมาระบาดอีกครั้งของโรคไข้หวัดนก 3) คณะอนุกรรมการพิจารณาค่าไฟฟ้าอัตโนมัติ (Ft)  มีมติเห็นชอบค่า Ft งวดใหม่ (ต.ค. 48 – ม.ค. 49) เพิ่มขึ้นอีก 10 สตางค์/หน่วย ซึ่งเพิ่มขึ้นน้อยกว่าที่ควรจะเป็น โดยให้ทาง บมจ. ปตท. (PTT) นำส่วนลดค่าก๊าซธรรมชาติในอนาคตประมาณ 6,000 ล้านบาท มาช่วยลดความรุนแรงของการขึ้นค่า Ft ในรอบนี้ ทำให้นักลงทุนเพิ่มความกังวลและเทขายทำกำไรโดยเฉพาะหุ้นในกลุ่มเกษตรฯ และกลุ่มพลังงานออกมามาก ในระยะสั้น คาดว่าดัชนีตลาดหลักทรัพย์ฯ น่าจะดีดกลับขึ้นได้บ้าง เนื่องจากได้ปรับตัวลดลงมากกว่าที่นักลงทุนเคยคาดการณ์ไว้ และราคาหุ้นสะท้อนปัจจัยลบไปมากแล้ว นอกจากนี้ช่วงกลางเดือนพฤศจิกายน จะให้นักลงทุนรายย่อยจองซื้อหุ้นจอง (IPO) ของ บมจ. กฟผ (EGAT) และคาดว่าน่าจะเข้าซื้อขายในตลาดหุ้นได้วันที่ 30 พฤศจิกายนนี้ ซึ่งคงจะช่วยกระตุ้นภาวะการลงทุนในตลาดหุ้นได้บ้าง</News2><News3>&#13;&#09;</News3><News4>&#13;&#09;</News4><News5></News5><News6></News6> </Data>  </FundReport> 
