<?xml version='1.0'?><FundReport><Data Fund='Master File'><News1>&#09;ภาวะตลาดตราสารหนี้ในเดือนพฤษภาคมปรับตัวดีขึ้นต่อเนื่องจากเดือนเมษายน อัตราผลตอบแทนพันธบัตร (Yield) ระยะยาวปรับตัวลดลง จากการที่นักลงทุนเห็นว่าอัตราดอกเบี้ยซึ่งทยอยปรับขึ้นมาโดยตลอดกำลังเข้าใกล้จุดสูงสุดแล้ว และหลังจากที่ธนาคารพาณิชย์ทยอยปรับขึ้นอัตราดอกเบี้ยอย่างต่อเนื่องส่งผลให้อัตราดอกเบี้ยเงินฝากที่แท้จริงในปัจจุบันติดลบเพียงเล็กน้อย ส่วน Yield ระยะสั้นยังปรับตัวเพิ่มขึ้นตามทิศทางการปรับขึ้นของอัตราดอกเบี้ย R/P 14 วัน ทำให้เส้นอัตราผลตอบแทนพันธบัตรรัฐบาลมีความลาดชันลดลง โดย Spread ระหว่าง Yield ระยะสั้นและระยะยาวแคบลงมาก สำหรับผลตอบแทน (Return) จากการลงทุนในตลาดตราสารหนี้เดือนพฤษภาคม ดัชนีพันธบัตรรัฐบาลปรับตัวเพิ่มขึ้น 0.71% และดัชนีหุ้นกู้เอกชนปรับตัวเพิ่มขึ้น 0.67% แนวโน้มของตลาดตราสารหนี้ คาดการณ์ว่าธนาคารแห่งประเทศไทยจะปรับขึ้นอัตราดอกเบี้ย R/P 14 วันอีก 0.25% เป็น 5.00% ในการประชุมครั้งถัดไป วันที่ 7 มิถุนายน หลังจากที่ธนาคารกลางสหรัฐฯ ได้ปรับขึ้นอัตราดอกเบี้ย Fed Fund ไปอยู่ที่ 5.00% เมื่อวันที่ 10 พฤษภาคมที่ผ่านมา เพื่อลดแรงกดดันจากเงินเฟ้อ กลยุทธ์การลงทุนในภาวะที่อัตราดอกเบี้ยเข้าใกล้จุดสูงสุด จะเริ่มพิจารณาทยอยลงทุนในตราสารหนี้ที่มี duration ยาวขึ้นกว่าเดิม และแบ่งสัดส่วนฝากเงินเนื่องจากได้อัตราดอกเบี้ยที่ค่อนข้างดี</News1><News2>&#13;&#09;ดัชนีตลาดหลักทรัพย์ฯ ในเดือนพฤษภาคมปิดที่ 709.43 จุด ปรับตัวลดลงถึง 7.66% จากสิ้นเดือนเมษายน  เนื่องจากนักลงทุนต่างประเทศกังวลเกี่ยวกับอัตราดอกเบี้ยของสหรัฐฯ ที่มีแนวโน้มจะปรับตัวเพิ่มขึ้นต่อเนื่องได้อีก จากผลกระทบของอัตราเงินเฟ้อที่พุ่งสูงขึ้น รวมทั้งราคาสินค้าโภคภัณฑ์ในตลาดล่วงหน้า เช่น ทองคำ แพลทตินั่ม ทองแดง ที่ปรับตัวลดลงจากการเทขายทำกำไรอย่างหนักของกองทุนเฮดจ์ฟันด์ หลังจากได้ปรับตัวขึ้นทำสถิติสูงสุดในรอบ 25 ปี นักลงทุนต่างประเทศจึงเทขายหุ้นเพื่อลดความเสี่ยงในช่วงสั้น ทำให้ตลาดหุ้นทั่วโลกรวมทั้งตลาดหุ้นไทยปรับตัวลดลงอย่างรุนแรง ในขณะที่ปัจจัยภายในประเทศที่ส่งผลลบ ได้แก่ ภาวะสูญญากาศทางการเมืองที่ต้องรอให้มีการเลือกตั้งใหม่ในวันที่ 15 ตุลาคม และการจัดตั้งรัฐบาลใหม่จะใช้เวลาอีกหลายเดือน ในขณะที่เศรษฐกิจโดยรวมเริ่มชะลอลงจากผลกระทบจากราคาน้ำมัน และความกังวลเรื่องภาวะชะลอตัวของเศรษฐกิจได้บั่นทอนความเชื่อมั่นของนักลงทุน ตลอดทั้งเดือนนักลงทุนต่างประเทศขายสุทธิ 34,411 ล้านบาท นักลงทุนสถาบันซื้อสุทธิ 12,764 ล้านบาท และนักลงทุนรายย่อยซื้อสุทธิ 21,647 ล้านบาท ในระยะสั้น ตลาดหุ้นน่าจะยังผันผวนอยู่จากแรงขายของนักลงทุนต่างประเทศ แต่ผู้จัดการกองทุนเชื่อว่า  การปรับตัวลดลงของตลาดหุ้นไทยในครั้งนี้เป็นการปรับตัวลดลงต่ำกว่าปัจจัยพื้นฐาน และดัชนีตลาดหลักทรัพย์ฯ ในระดับประมาณ 700 จุด คิดเป็นค่า P/E เพียง 9.2 เท่า ซึ่งต่ำกว่าตลาดหุ้นเพื่อนบ้าน ทำให้คาดว่าในระยะปานกลางถึงระยะยาว ตลาดหุ้นไทยน่าจะกลับมาปรับตัวเพิ่มขึ้นได้  </News2><News3>&#13;&#09;</News3><News4>&#13;&#09;</News4><News5></News5><News6></News6> </Data>  </FundReport> 
