<?xml version='1.0'?><FundReport><Data Fund='Master File'><News1>&#09;ภาวะตลาดตราสารหนี้ในเดือนกันยายนยังคงปรับตัวดีขึ้นต่อเนื่อง อัตราผลตอบแทนพันธบัตร (Yield) ระยะยาวปรับตัวลดลงค่อนข้างมาก ในขณะที่ Yield ระยะปานกลางปรับตัวลดลงรองลงมา แต่ Yield ระยะสั้นอายุ 1 เดือน และ 3 เดือน ปรับตัวเพิ่มขึ้นเล็กน้อย เนื่องจากการประชุมคณะกรรมการนโยบายการเงินของธนาคารแห่งประเทศไทย และการประชุมธนาคารกลางสหรัฐฯ มีมติให้คงอัตราดอกเบี้ยนโยบายไว้ที่ระดับเดิม ประกอบกับอัตราเงินเฟ้อที่ชะลอตัวลงทำให้นักลงทุนคาดว่าอัตราดอกเบี้ยมีแนวโน้มลดลงได้ ส่งผลให้มีความต้องการลงทุนในตราสารหนี้ระยะปานกลางและระยะยาวมากขึ้น สำหรับผลตอบแทน (Return) จากการลงทุนในตลาดตราสารหนี้เดือนกันยายน ดัชนีพันธบัตรรัฐบาลปรับเพิ่มขึ้น 1.35% และดัชนีหุ้นกู้เอกชนปรับเพิ่มขึ้น 0.83% แนวโน้มคาดว่าภาวะการลงทุนในตลาดตราสารหนี้จะยังคงทรงตัวอยู่ได้ เนื่องจากไม่มีแรงกดดันจากการปรับขึ้นอัตราดอกเบี้ย กลยุทธ์การลงทุนจะทยอยลงทุนในตราสารหนี้ที่มี duration ยาวขึ้น แต่อย่างไรก็ตามจะกระทำอย่างระมัดระวังเพื่อไม่ให้ผลตอบแทนของกองทุนมีความผันผวน</News1><News2>&#13;&#09;ดัชนีตลาดหลักทรัพย์ฯ ในเดือนกันยายน ปิดที่ 686.10 จุด ปรับตัวลดลง 0.69% จากสิ้นเดือนสิงหาคม โดยปัจจัยที่ส่งผลต่อภาวะการลงทุนมีดังนี้ 1) ราคาน้ำมันดิบที่ปรับตัวลดลงอย่างมากมาที่ระดับต่ำกว่า 60 ดอลลาร์ สรอ. ต่อบาร์เรล เนื่องจากคาดว่าปริมาณความต้องการใช้จะชะลอลง ประกอบกับไม่มีพายุเฮอริเคนที่รุนแรงเกิดขึ้นในสหรัฐฯ เหมือนกับปีก่อน ซึ่งจะส่งผลดีต่อกำไรของภาคธุรกิจ 2) นักลงทุนทั่วโลกกลับมาเพิ่มน้ำหนักการลงทุนในตลาดหุ้นมากขึ้น เนื่องจากคาดว่าอัตราดอกเบี้ยได้ปรับตัวขึ้นถึงระดับสูงสุดแล้ว และมีแนวโน้มจะปรับตัวลดลงได้ในปีหน้า 3) เกิดเหตุการณ์รัฐประหารในวันที่ 19 กันยายน โดยคณะปฏิรูปการปกครองในระบอบประชาธิปไตยอันมีพระมหากษัตริย์ทรงเป็นประมุข (คปค.) ได้ประกาศยึดอำนาจจากรัฐบาลชุดปัจจุบัน และจะจัดตั้งรัฐบาลใหม่ภายใน 2 สัปดาห์ รวมทั้งจะจัดให้มีการเลือกตั้งภายใน 1  ปี ทำให้ภาพการเมืองไทยมีความชัดเจนขึ้น 4) บริษัท มูดี้ส์ อินเวสเตอร์ เซอร์วิส คงอันดับความน่าเชื่อถือของไทยในระดับน่าลงทุน A3 และมีมุมมองเป็นบวกต่อการจัดตั้งคณะที่ปรึกษาด้านเศรษฐกิจของ คปค. ที่มี ม.ร.ว.ปรีดิยาธร เทวกุล ผู้ว่าการธนาคารแห่งประเทศไทยเป็นประธานที่ปรึกษาซึ่งจะสร้างความเชื่อมั่นให้กับนักลงทุนได้  5) ตัวเลขเศรษฐกิจล่าสุดในเดือนสิงหาคมยังมีสัญญาณชะลอตัว โดยเฉพาะการใช้จ่ายและการลงทุนในประเทศ แม้ว่าจำนวนนักท่องเที่ยวจะเพิ่มขึ้น 13.2% และการส่งออกขยายตัว 17.0% ในขณะที่การนำเข้าขยายตัวเพียง 11.2% ทำให้ดุลการค้ากลับมาเกินดุล 271 ล้านดอลลาร์ สรอ. และดุลบัญชีเดินสะพัดเกินดุล 812 ล้านดอลลาร์ สรอ. ตลอดทั้งเดือนนักลงทุนต่างชาติซื้อสุทธิ 10,883 ล้านบาท นักลงทุนรายย่อยขายสุทธิ  9,524 ล้านบาท  และนักลงทุนสถาบันขายสุทธิ 1,359 ล้านบาท ในระยะสั้น คาดว่าตลาดหุ้นไทยน่าจะแกว่งตัวในกรอบแคบๆ ระหว่าง 680-700 จุด เนื่องจากยังคงต้องติดตามข่าวการจัดตั้งรัฐบาลชุดใหม่ว่าจะสามารถสร้างความมั่นใจให้กับนักลงทุนได้มากแค่ไหน รวมถึงการประกาศผลประกอบการไตรมาส 3 ของหุ้นกลุ่มสถาบันการเงิน</News2><News3>&#13;&#09;</News3><News4>&#13;&#09;</News4><News5></News5><News6></News6> </Data>  </FundReport> 
