<?xml version="1.0"?>
<FundReport>
   <Data Fund=" Master File">
      <News1>ในเดือนพฤษภาคมนักลงทุนให้ความสนใจลงทุนในตลาดตราสารหนี้มากขึ้น ปริมาณการซื้อขายเฉลี่ยต่อวันเพิ่มขึ้นร้อยละ 37.95 จากเดือนเมษายน มาอยู่ที่ 19,230 ล้านบาทต่อวัน อัตราผลตอบแทน (Yield) ของพันธบัตรระยะสั้นปรับตัวสูงขึ้นตามแนวโน้มอัตราดอกเบี้ยมาตรฐานคือ อัตราดอกเบี้ยตลาดซื้อคืนพันธบัตรระยะ 14 วัน ของธนาคารแห่งประเทศไทยที่จะค่อยๆ ปรับเพิ่มขึ้น ในขณะที่อัตราผลตอบแทนของพันธบัตรระยะยาวปรับตัวลดลงอีกเล็กน้อยเนื่องจากสภาพคล่องที่ยังมีอยู่มากในระบบ และความกังวลเกี่ยวกับภาวะชะลอตัวของเศรษฐกิจซึ่งได้รับผลกระทบจากราคาน้ำมันที่พุ่งสูงขึ้น ประกอบกับปริมาณ Supply ของพันธบัตรระยะยาวมีค่อนข้างจำกัดจึงไม่เพียงพอต่อความต้องการของนักลงทุน ในเดือนพฤษภาคมผลตอบแทน (Return) จากการลงทุนในพันธบัตรรัฐบาลปรับตัวเพิ่มขึ้นร้อยละ 0.13 และหุ้นกู้เอกชนปรับตัวเพิ่มขึ้นร้อยละ 0.22 สำหรับแนวโน้มการลงทุนในตลาดตราสารหนี้เดือนมิถุนายนน่าจะยังได้รับปัจจัยสนับสนุนจากทิศทางอัตราดอกเบี้ยซึ่งมีแนวโน้มปรับเพิ่มขึ้นช้ากว่าที่คาด กลยุทธ์การลงทุนของผู้จัดการกองทุนยังคงเน้นลงทุนในตราสารหนี้ที่มีอายุคงเหลือไม่ยาวมากนัก เพื่อให้อัตราผลตอบแทนของกองทุนเติบโตอย่างมั่นคง</News1>
      <News2>ดัชนีตลาดหลักทรัพย์ฯ ณ สิ้นเดือนพฤษภาคมปิดที่ 667.55 จุด ปรับตัวเพิ่มขึ้น 8.67 จุด หรือร้อยละ 1.32 จากสิ้นเดือนเมษายน ด้วยปริมาณการซื้อขายเฉลี่ย 16,777 ล้านบาทต่อวัน โดยในช่วงสัปดาห์แรกของเดือนดัชนีตลาดหลักทรัพย์ฯ ปรับตัวขึ้นทำระดับสูงสุดของเดือนที่ 692.82 จุด จากแรงซื้อหุ้นกลับของนักลงทุน และตามการปรับตัวขึ้นของตลาดต่างประเทศเนื่องจากราคาน้ำมันในตลาดโลกปรับลดลงต่ำกว่าระดับ 50 ดอลลาร์ สรอ. ต่อบาร์เรล และจากข่าวที่คาดว่าจีนจะมีการปรับค่าเงินหยวนเพิ่มขึ้นทำให้คาดการณ์ว่าค่าเงินสกุลต่างๆ ในแถบเอเชียจะปรับตัวแข็งขึ้นตามไปด้วย แต่หลังจากนั้นตลาดหุ้นก็ปรับตัวลดลงเกือบตลอดทั้งเดือนจากแรงขายของนักลงทุนต่างชาติหลังจากการประกาศผลประกอบการไตรมาสแรกของบริษัทจดทะเบียนซึ่งส่วนใหญ่ออกมาตามที่คาดการณ์ไว้ และการประกาศตัวเลขขาดดุลการค้าของไทยในเดือนเมษายนที่ขาดดุลสูงถึง 1.76 พันล้านดอลลาร์ สรอ. นับเป็นตัวเลขขาดดุลเป็นเดือนที่สี่ติดต่อกันของปีนี้ ซึ่งเป็นข่าวร้ายซ้ำเติมให้ค่าเงินบาทอ่อนทะลุ 40 บาทต่อดอลลาร์ สรอ. ไป นอกจากนี้ความกังวลเกี่ยวกับแนวโน้มภาวะชะลอตัวของเศรษฐกิจโลกในช่วงที่มีการปรับขึ้นดอกเบี้ยอย่างต่อเนื่องของสหรัฐฯ ซึ่งจะส่งผลให้ราคาสินค้าโภคภัณฑ์ต่างๆ ปรับตัวลดลง ทำให้นักลงทุนเทขายหุ้นในกลุ่มที่เกี่ยวข้องกับน้ำมันและปิโตรเคมีออกมามาก นอกจากนี้ยังเทขายหุ้นกลุ่มสื่อสารเพราะกังวลเรื่องภาวะการแข่งขันด้านราคาที่รุนแรงขึ้น กดดันให้ดัชนีตลาดหลักทรัพย์ฯ ปรับตัวลดลงทำจุดต่ำสุดของเดือนที่ 651.51 จุด โดยตลอดทั้งเดือนนักลงทุนต่างชาติขายสุทธิ 3,014 ล้านบาท นักลงทุนสถาบันซื้อสุทธิ 2,805 ล้านบาท และนักลงทุนรายย่อยซื้อสุทธิ 209 ล้านบาท แนวโน้มการลงทุนยังคงซบเซา เนื่องจากปัจจัยลบต่างๆ เข้ามากระทบเป็นระยะๆ และตลาดหุ้นขาดปัจจัยบวกใหม่เข้ามากระตุ้น ทำให้นักลงทุนเทขายหุ้นเพื่อลดความเสี่ยง แม้ว่าตลาดหุ้นได้ปรับตัวลดลงจนเหลือค่า PER ประมาณ 9 เท่าก็ตาม แต่คาดว่าตลาดหุ้นน่าจะดีดกลับได้บ้างแต่ก็จะอยู่ในกรอบแคบๆ เพราะยังมีข่าวการลอยตัวราคาน้ำมันดีเซล ซึ่งจะมีผลกระทบในระยะสั้น แต่น่าจะเป็นผลดีในระยะยาวเพื่อลดภาระการชดเชยราคาของกองทุนน้ำมันและลดการนำเข้าน้ำมันที่สูงมาก  อย่างไรก็ตาม ผู้จัดการกองทุนจะบริหารเงินกองทุนของท่านอย่างระมัดระวังและเต็มความสามารถต่อไป</News2>
      <News3 />
      <News4 />
      <News5 />
      <News6 />
   </Data>
</FundReport>