<?xml version='1.0'?><FundReport><Data Fund='Master File'><News1>&#09;ภาวะตลาดตราสารหนี้ในเดือนมีนาคมเริ่มมีความผันผวน อัตราผลตอบแทนพันธบัตร (Yield) ทุกช่วงอายุปรับตัวเพิ่มขึ้นมาก เนื่องจากนักลงทุนกลับมากังวลเกี่ยวกับแนวโน้มอัตราดอกเบี้ยในประเทศที่จะปรับเพิ่มขึ้นได้อีกหลังจากที่ธนาคารพาณิชย์หลายแห่งทยอยปรับขึ้นอัตราดอกเบี้ยเงินฝากอย่างต่อเนื่อง นอกจากนี้อัตราผลตอบแทน US Treasury ของสหรัฐฯ ที่ปรับตัวเพิ่มขึ้นก็เป็นอีกหนึ่งปัจจัยลบที่ส่งผลกระทบต่อภาวะการลงทุน ทำให้ความต้องการถือครองพันธบัตรระยะยาวมีน้อยลง และนักลงทุนหันมาลงทุนในพันธบัตรระยะสั้นเพื่อลดความเสี่ยงที่จะขาดทุนจากการถือครองพันธบัตรระยะยาว สำหรับผลตอบแทน (Return) จากการลงทุนในตลาดตราสารหนี้เดือนมีนาคม ดัชนีพันธบัตรรัฐบาลปรับตัวลดลง –1.15% และดัชนีหุ้นกู้เอกชนปรับตัวลดลง -0.14% ในส่วนของแนวโน้มตลาดตราสารหนี้ คาดว่าธนาคารแห่งประเทศไทยจะปรับขึ้นอัตราดอกเบี้ย R/P 14 วัน อีก 0.25% ในการประชุมคณะกรรมการนโยบายการเงินวันที่ 10 เมษายน นี้ ซึ่งจะทำให้ Yield ในตลาดรองปรับตัวเพิ่มขึ้นได้อีก ในสถานการณ์เช่นนี้ผู้จัดการกองทุนจะใช้กลยุทธ์การลงทุนแบบระมัดระวังโดยเน้นลงทุนในตราสารหนี้ระยะสั้นเป็นหลัก </News1><News2>&#13;&#09;ดัชนีตลาดหลักทรัพย์ฯ ในเดือนมีนาคมปิดที่ 733.25 จุด ปรับตัวลดลง -1.45% จากสิ้นเดือนกุมภาพันธ์โดยราคาหุ้นแกว่งตัวขึ้นลงอยู่ในกรอบแคบๆ ตามข่าวสถานการณ์การเมืองที่เข้าสู่ทางตันเมื่อพรรคร่วมฝ่ายค้าน 3 พรรคใหญ่ตัดสินใจไม่ส่งผู้สมัครลงเลือกตั้งทั่วไปในวันที่ 2 เมษายน และมีการชุมนุมของกลุ่มพันธมิตรเพื่อประชาธิปไตยและของกลุ่มที่สนับสนุนนายกรัฐมนตรีเข้ามาในเขตกรุงเทพฯ มากขึ้น ส่งผลให้นักลงทุนชะลอการลงทุน โดยสรุปปัจจัยที่ส่งผลกระทบต่อตลาดหุ้นได้ดังนี้ 1) สถานการณ์ทางการเมืองที่ตึงเครียดทำให้นักลงทุนกังวลเกี่ยวกับความแตกแยกของประชาชนที่แบ่งเป็นสองฝ่าย และเกรงว่าจะเกิดเหตุการณ์วุ่นวายลุกลามมากขึ้น 2) ศาลปกครองสูงสุดตัดสินให้ยกเลิกการแปรรูปของ EGAT เนื่องจากการออก พ.ร.ฏ. 2 ฉบับนั้นไม่ถูกต้อง จึงยังไม่สามารถกระจายหุ้นเพื่อเข้าตลาดหลักทรัพย์ฯ ได้ ส่งผลให้นักลงทุนกังวลถึงผลกระทบที่จะเกิดกับหุ้นรัฐวิสาหกิจอื่นที่แปรรูปไปแล้ว 3) ตัวเลขเศรษฐกิจในเดือนกุมภาพันธ์ยังคงเติบโตได้ดี โดยมูลค่าการส่งออกเติบโตกว่า 23% และยอดขาดดุลการค้าลดลงเหลือ 24 ล้านดอลลาร์ สรอ. ดุลบัญชีเดินสะพัดเกินดุลถึง 666 ล้านดอลลาร์ สรอ. 4) นักลงทุนต่างประเทศเป็นผู้ขายสุทธิในเดือนนี้เพียง 309 ล้านบาท และหากนับตั้งแต่ต้นปียังเป็นผู้ซื้อสุทธิถึง 93,595 ล้านบาท แนวโน้มในระยะสั้น ผู้จัดการกองทุนคาดว่าตลาดหุ้นน่าจะแกว่งตัวขึ้นลงตามปัจจัยการเมืองเป็นหลัก หากสถานการณ์ที่อึมครึมสามารถจบลงได้โดยเร็ว ก็น่าจะเป็นปัจจัยบวกให้ตลาดหุ้นปรับตัวในทิศทางขาขึ้นได้  </News2><News3>&#13;&#09;</News3><News4>&#13;&#09;</News4><News5></News5><News6></News6> </Data>  </FundReport> 
