<?xml version="1.0"?>
<FundReport>
   <Data Fund=" Master File">
      <News1>ภาวะการลงทุนในตลาดตราสารหนี้เดือนมิถุนายนยังคงชะลอตัว แม้ว่าปริมาณการซื้อขายเฉลี่ยต่อวันจะเพิ่มขึ้นมาอยู่ที่ 12,910 ล้านบาท อัตราผลตอบแทนพันธบัตรรัฐบาลอายุตั้งแต่ 6 เดือน ถึง 18 ปี ปรับตัวเพิ่มขึ้นส่งผลให้ราคาพันธบัตรโดยส่วนใหญ่ปรับตัวลดลง ในส่วนของผลตอบแทนของตลาดตราสารหนี้ไทยในเดือนมิถุนายนวัดจากดัชนีพันธบัตรรัฐบาลปรับตัวลดลงร้อยละ 0.75 ต่อปี ในขณะที่ดัชนีหุ้นกู้ภาคเอกชนปรับตัวเพิ่มขึ้นร้อยละ 0.32 ต่อปี ปัจจัยที่มีอิทธิพลต่อการตัดสินใจลงทุนยังคงเป็นความกังวลเกี่ยวกับอัตราดอกเบี้ยซึ่งได้เปลี่ยนเป็นทิศทางขาขึ้นแล้ว หลังจากที่ธนาคารกลางสหรัฐฯ ได้ปรับขึ้นอัตราดอกเบี้ยร้อยละ 0.25 เป็นครั้งแรกในรอบเกือบ 4 ปี ในการประชุมคณะกรรมการกำหนดนโยบายการเงินเมื่อวันที่ 30 มิถุนายนที่ผ่านมา สำหรับทิศทางอัตราดอกเบี้ยของไทยน่าจะยังไม่ปรับขึ้นตามอัตราดอกเบี้ยของสหรัฐฯ ในครั้งนี้ เนื่องจากสภาพคล่องในประเทศที่อยู่ในระดับสูงและอัตราเงินเฟ้อพื้นฐานล่าสุดที่เพิ่มขึ้นเพียงร้อยละ 0.5 แต่ปัจจัยที่จะทำให้นักลงทุนมีความกังวล ได้แก่ การออกพันธบัตรออมทรัพย์อายุ 7 ปี และ 10 ปี จำนวน 70,000 ล้านบาท ตามแผนชดเชยความเสียหายให้แก่กองทุนเพื่อการฟื้นฟูและพัฒนาระบบสถาบันการเงินในช่วง 1-2 เดือนข้างหน้า ซึ่งอาจจะส่งผลให้อัตราผลตอบแทนพันธบัตรมีความผันผวนได้ กลยุทธ์การลงทุนของผู้จัดการกองทุนยังคงเน้นการลงทุนในตราสารหนี้ระยะสั้นและระยะกลางเพื่อลดความผันผวนให้กับกองทุน </News1>
      <News2>ในเดือนมิถุนายนภาวะการลงทุนในตลาดหุ้นไทยยังซบเซาต่อเนื่องจากเดือนพฤษภาคม ดัชนีตลาดหลักทรัพย์ฯ ปรับตัวเพิ่มขึ้นเล็กน้อยจาก 641.05 จุด ณ สิ้นเดือนพฤษภาคม มาปิดที่ 646.04 จุด ณ สิ้นเดือนมิถุนายน ซึ่งในระหว่างเดือนดัชนีตลาดหลักทรัพย์ฯ ปรับตัวลดลงทำจุดต่ำสุดที่ระดับ 611.61 จุด ในช่วงสัปดาห์แรกของเดือน และได้ปรับตัวดีขึ้นเรื่อยๆ ด้วยผลกระทบจากปัจจัยหลายประการ ได้แก่ 1) ราคาน้ำมันที่ยังคงอยู่ในระดับสูง แม้ว่าจะอ่อนตัวลงมาบ้างหลังจากกลุ่มโอเปคประกาศเพิ่มกำลังการผลิต และนักลงทุนวิตกกังวลว่ารัฐบาลจะปล่อยราคาน้ำมันลอยตัว 2) การปรับลดประมาณการขยายตัวทางเศรษฐกิจของปีนี้มาอยู่ที่ร้อยละ 6-7 จากผลกระทบของราคาน้ำมันและการชะลอตัวของเศรษฐกิจจีน 3) การปรับเพิ่มขึ้นอัตราดอกเบี้ยของธนาคารกลางสหรัฐฯ ซึ่งคาดว่าจะเป็นอย่างค่อยเป็นค่อยไป 4) บริษัทจัดอันดับความน่าเชื่อถือ S&amp;P ประกาศปรับเพิ่มอันดับความน่าเชื่อถือของธนาคารพาณิชย์ไทยหลายแห่ง และ 5) นักลงทุนต่างชาติเริ่มกลับมาเป็นผู้ซื้อสุทธิในเดือนนี้ที่ 671 ล้านบาท หลังจากเป็นผู้ขายสุทธิมาตลอดตั้งแต่ต้นปี แนวโน้มการลงทุนในตลาดหุ้นน่าจะเริ่มปรับตัวดีขึ้น เนื่องจากตลาดหุ้นปรับตัวลดลงมาโดยตลอดและซึมซับข่าวร้ายมามากแล้ว นอกจากนี้ปัจจุบันตลาดหุ้นไทยมีอัตราส่วนราคาต่อกำไรต่อหุ้น (PER) ที่ประมาณ 10 เท่า และมีอัตราการเติบโตของกำไรสุทธิในปีนี้ที่ร้อยละ 36 ในขณะที่เศรษฐกิจไทยยังมีอัตราการเติบโตที่ร้อยละ 6-7 ผู้จัดการกองทุนคาดว่า การลงทุนในตลาดหุ้นโดยการทยอยสะสมหุ้นที่มีปัจจัยพื้นฐานดี จะให้ผลตอบแทนที่ดีในระยะยาวต่อไป</News2>
      <News3 />
      <News4 />
      <News5 />
      <News6 />
   </Data>
</FundReport>