<?xml version='1.0'?><FundReport><Data Fund='Master File'><News1>&#09;ภาวะการลงทุนในตลาดตราสารหนี้เดือนสิงหาคมยังคงผันผวน ปริมาณการซื้อขายเพิ่มขึ้นจากเดือนกรกฎาคม และอัตราผลตอบแทนตราสารหนี้ (Yield) ปรับตัวเพิ่มขึ้นต่อเนื่อง โดย Yield ของพันธบัตรระยะยาวปรับตัวเพิ่มขึ้นมากกว่าพันธบัตรระยะสั้นและระยะกลาง แม้จะชะลอลงบ้างในช่วงที่ธนาคารกลางสหรัฐฯ ประกาศปรับลด Discount Rate ซึ่งเป็นอัตราดอกเบี้ยที่ธนาคารกลางปล่อยกู้ให้แก่ธนาคารพาณิชย์ ลง 0.50% เหลือ 5.75% ต่อปี เพื่อช่วยบรรเทาปัญหา subprime แต่หลังจากนั้นเมื่อ ธปท. มีมติคงอัตราดอกเบี้ย RP 1 วัน ที่ 3.25% ต่อปี ในการประชุมวันที่ 29 สิงหาคม เนื่องจากเห็นว่าอุปสงค์ในประเทศเริ่มมีสัญญาณปรับตัวดีขึ้น ได้ส่งผลให้ Yield ปรับตัวเพิ่มขึ้นต่อ เพราะก่อนหน้านี้นักลงทุนส่วนใหญ่คาดว่า ธปท. น่าจะปรับลดอัตราดอกเบี้ยลงได้อีก สำหรับผลตอบแทนของดัชนีตราสารหนี้ (Total Return of ThaiBMA Composite Bond Index) ซึ่งรวมทั้งพันธบัตรและหุ้นกู้ในเดือนสิงหาคมปรับตัวลดลง -0.03% แนวโน้มการลงทุนในตลาดตราสารหนี้น่าจะมีความผันผวนต่อ เนื่องจากนักลงทุนยังกังวลเกี่ยวกับปริมาณพันธบัตร (supply) ที่จะออกขายมากขึ้นโดยเฉพาะพันธบัตรระยะยาว นอกจากนี้แนวโน้มอัตราดอกเบี้ยที่น่าจะอยู่ในระดับต่ำสุดแล้วทำให้ความน่าสนใจลงทุนในตราสารหนี้มีน้อยลง กลยุทธ์การลงทุนจะเน้นลงทุนในตราสารหนี้ระยะสั้นและระยะกลางเพื่อลดความเสี่ยงจากความผันผวนของตลาดในช่วงนี้</News1><News2>&#13;&#09; ดัชนีตลาดหลักทรัพย์ฯ ในเดือนสิงหาคมปิดที่ 813.21 จุด ปรับตัวลดลงถึง 5.41% จากสิ้นเดือนกรกฎาคม โดยดัชนีตลาดหลักทรัพย์ฯ ลงไปทำจุดต่ำสุดที่ 732.78 จุด ตามตลาดหุ้นทั่วโลกที่ปรับตัวลดลงอย่างหนัก จากแรงเทขายของกองทุนต่างชาติที่ต้องการเงินสดเพื่อไปชดเชยภาวะขาดสภาพคล่องและการไถ่ถอนหน่วยลงทุนของผู้ถือหน่วยจากความวิตกเกี่ยวกับปัญหา subprime ในสหรัฐฯ และธนาคารกลางของหลายประเทศต้องอัดฉีดเม็ดเงินจำนวนมากเพื่อช่วยเสริมสภาพคล่องในระบบการเงิน นอกจากนี้ธนาคารกลางสหรัฐฯ ได้ปรับลด Discount Rate เพื่อลดความรุนแรงของปัญหา subprime รวมถึงสร้างความเชื่อมั่นให้กับนักลงทุน ทำให้ตลาดหุ้นทั่วโลกฟื้นตัวขึ้นได้มาก แต่นักลงทุนก็ยังระมัดระวังการลงทุนอยู่เนื่องจากคาดว่าปัญหาและผลกระทบของ subprime นั้นต้องใช้ระยะเวลานานในการแก้ไข สำหรับปัจจัยอื่น ๆ ที่มีผลต่อตลาด ได้แก่ 1) ผลประชามติผ่านร่างรัฐธรรมนูญปี 2550 และการกำหนดวันเลือกตั้งเบื้องต้นไว้วันที่ 23 ธันวาคม 2550 2) ธปท.มีมติคงอัตราดอกเบี้ยนโยบายในการประชุมวันที่ 29 สิงหาคม ตลอดทั้งเดือนนักลงทุนต่างชาติขายสุทธิ 35,407 ล้านบาท นักลงทุนสถาบันซื้อสุทธิ 10,760 ล้านบาท และนักลงทุนรายย่อยซื้อสุทธิ 24,647 ล้านบาท ในระยะสั้น คาดว่าตลาดหุ้นน่าจะแกว่งตัวอยู่ในช่วงแคบๆ เนื่องจากนักลงทุนต่างชาติได้ขายหุ้นออกมามากแล้ว เพื่อรอดูว่าธนาคารกลางสหรัฐฯ จะปรับลด Fed Fund Rate ลงในการประชุมวันที่ 18 กันยายนนี้หรือไม่ รวมถึงการเคลื่อนไหวของตลาดหุ้นต่างประเทศเป็นหลัก</News2><News3>&#13;&#09;</News3><News4>&#13;&#09;</News4><News5></News5><News6></News6> </Data>  </FundReport> 
