<?xml version='1.0'?><FundReport><Data Fund='Master File'><News1>&#09;ภาวะการลงทุนในตลาดตราสารหนี้เดือนกรกฎาคมยังคงมีความผันผวนอยู่ อัตราผลตอบแทนตราสารหนี้ (Yield) เกือบทุกช่วงอายุปรับตัวเพิ่มขึ้น ยกเว้นอายุ 1-4 ปี ที่ปรับตัวลดลง โดยในช่วงครึ่งเดือนแรก Yield ยังคงปรับตัวเพิ่มขึ้นต่อเนื่องจากเดือนมิถุนายน และปรับตัวลดลงในช่วงกลางเดือนหลังจากที่คณะกรรมการนโยบายการเงินมีมติปรับลดอัตราดอกเบี้ยนโยบายลงอีก 0.25% มาอยู่ที่ 3.25% ต่อปี ในการประชุมวันที่ 18 กรกฎาคม เพื่อกระตุ้นการใช้จ่ายภาคเอกชนในขณะที่ความเสี่ยงด้านเงินเฟ้อลดลง แต่ในช่วงปลายเดือน Yield กลับมาปรับตัวเพิ่มขึ้น เนื่องจากความต้องการลงทุนในตราสารหนี้โดยเฉพาะระยะยาวมีค่อนข้างจำกัด นักลงทุนกังวลเกี่ยวกับความไม่แน่นอนของทิศทางอัตราดอกเบี้ย ข่าวการออกพันธบัตรรัฐวิสาหกิจจำนวน 1 แสนล้านบาทเพื่อคืนเงินกู้ต่างประเทศ และ ธปท. ปรับเพิ่มประมาณการอัตราขยายตัวของ GDP ปีนี้ เป็น 4-5% สำหรับผลตอบแทนของดัชนีตราสารหนี้ (Total Return of ThaiBMA Composite Bond Index) ซึ่งรวมทั้งพันธบัตรและหุ้นกู้ในเดือนกรกฎาคมปรับตัวเพิ่มขึ้นเล็กน้อยที่ 0.22% แนวโน้มการลงทุนในตลาดตราสารหนี้อาจจะยังผันผวนต่อเนื่อง จากการที่นักลงทุนคาดว่าอัตราดอกเบี้ยอยู่ในระดับต่ำสุดแล้ว กลยุทธ์การลงทุนจะเน้นลดความเสี่ยงจากความผันผวนของตลาดโดยหาจังหวะทยอยลด Duration ของกองทุน และเน้นลงทุนในตราสารหนี้ระยะสั้นและระยะกลางเป็นหลัก   </News1><News2>&#13;&#09;ดัชนีตลาดหลักทรัพย์ฯ ในเดือนกรกฎาคม ปิดที่ 859.76 จุด ปรับตัวเพิ่มขึ้น 10.68 % จากสิ้นเดือนมิถุนายน โดยดัชนีตลาดหลักทรัพย์ฯ ปรับขึ้นต่อเนื่องตามการปรับขึ้นของตลาดหุ้นทั่วโลก และการปรับขึ้นของราคาหุ้นในกลุ่มน้ำมันที่ปรับขึ้นตามราคาน้ำมันในตลาดโลก นักลงทุนส่วนใหญ่ยังคงเน้นลงทุนในหุ้นกลุ่มพลังงานเป็นหลัก เนื่องจากคาดว่าผลประกอบการไตรมาส 2 น่าจะออกมาดีจากราคาน้ำมันที่อยู่ในระดับสูง ถึงแม้ว่าเศรษฐกิจในประเทศจะยังชะลอตัวอยู่ และนักลงทุนคาดหวังว่า ภาวะเศรษฐกิจไทยจะปรับตัวดีขึ้นภายหลังการเลือกตั้งในช่วงปลายปีนี้ ปัจจัยอื่น ๆ ที่สำคัญ ได้แก่ 1) การปรับลดอัตราดอกเบี้ยนโยบายของคณะกรรมการนโยบายการเงิน เพื่อช่วยลดแรงกดดันการแข็งค่าของเงินบาททางอ้อม 2) ครม. มีมติเห็นชอบในหลักการ 6 มาตรการเพื่อแก้ไขปัญหาเงินบาทแข็งค่าของธปท. 3) ธปท. ปรับเพิ่มประมาณการอัตราขยายตัวของ GDP ปีนี้เป็น 4–5% จากเดิม 3.8–4.8% เนื่องจากคาดว่าการใช้จ่ายภาคเอกชนน่าจะเริ่มดีขึ้นจากผลของนโยบายการเงินที่ผ่อนคลาย ตลอดทั้งเดือน นักลงทุนต่างชาติซื้อสุทธิ 30,078 ล้านบาท นักลงทุนสถาบันขายสุทธิ 8,190 ล้านบาท และนักลงทุนรายย่อยขายสุทธิ 21,888 ล้านบาท ในระยะสั้น ผู้จัดการกองทุนคาดว่าดัชนีตลาดหลักทรัพย์ฯ น่าจะเข้าสู่การปรับฐานจากแรงขายทำกำไรของนักลงทุน เนื่องจากตลาดหุ้นไทยปรับตัวขึ้นมากจากแรงซื้ออย่างหนาแน่นของนักลงทุนต่างชาติ อย่างไรก็ตาม ผู้จัดการกองทุนเชื่อว่าในระยะปานกลางถึงระยะยาว ตลาดหุ้นไทยยังอยู่ในช่วงขาขึ้นอยู่ </News2><News3>&#13;&#09;</News3><News4>&#13;&#09;</News4><News5></News5><News6></News6> </Data>  </FundReport> 
