<?xml version='1.0'?><FundReport><Data Fund='Master File'><News1>&#09;ตลาดตราสารหนี้ในเดือนกุมภาพันธ์ปรับตัวดีขึ้นต่อเนื่อง แม้ว่าในระหว่างเดือนจะมีการขายทำกำไรของนักลงทุนออกมาบ้างหลังจากที่อัตราผลตอบแทนพันธบัตร (Yield) ได้ปรับตัวลดลงมาค่อนข้างมาก แต่โดยภาพรวมแล้ว Yield ยังคงปรับตัวลดลงทุกช่วงอายุ โดย Yield ระยะยาวปรับตัวลดลงมากกว่า Yield ระยะสั้นและระยะกลาง จากการที่นักลงทุนคาดการณ์ว่าอัตราดอกเบี้ยมีแนวโน้มลดลงได้อีก และล่าสุดเมื่อวันที่ 28 กุมภาพันธ์ คณะกรรมการนโยบายการเงินของ ธปท. มีมติปรับลดอัตราดอกเบี้ยนโยบาย (R/P 1 วัน) อีก 0.25% มาอยู่ที่ 4.50% เนื่องจากแรงกดดันด้านเงินเฟ้อลดลงและต้องการกระตุ้นเศรษฐกิจจากการบริโภคและการลงทุนภาคเอกชนที่ชะลอตัว ซึ่งน่าจะส่งผลให้ธนาคารพาณิชย์ปรับลดอัตราดอกเบี้ยลงได้อีกจากสภาพคล่องที่ยังมีอยู่มากและความต้องการสินเชื่อที่ลดลง สำหรับผลตอบแทน (Return) จากการลงทุนในตลาดตราสารหนี้เดือนกุมภาพันธ์ ดัชนีพันธบัตรรัฐบาลปรับตัวเพิ่มขึ้น 1.99% และดัชนีหุ้นกู้เอกชนปรับตัวเพิ่มขึ้น 1.30% แนวโน้มการลงทุนในตลาดตราสารหนี้คาดว่าน่าจะยังปรับตัวดีขึ้นได้ต่อเนื่อง จากปัจจัยบวกเรื่องแนวโน้มอัตราดอกเบี้ยที่จะปรับลดลงอีก </News1><News2>&#13;&#09;ดัชนีตลาดหลักทรัพย์ฯ ในเดือนกุมภาพันธ์ ปิดที่ 677.13 จุด ปรับตัวเพิ่มขึ้น 3.58% จากสิ้นเดือนมกราคม ตลาดหุ้นไทยสามารถฟื้นตัวตามการปรับตัวเพิ่มขึ้นของตลาดหุ้นทั่วโลกและราคาสินค้าโภคภัณฑ์ ซึ่งดัชนีตลาดหลักทรัพย์ฯ ปรับตัวขึ้นทำระดับสูงสุดของเดือนที่ 701.85 จุด ในวันที่ 15 กุมภาพันธ์ และกลับมาปรับตัวลงตามแรงขายทำกำไรในตลาดหุ้นทั่วโลกในช่วงปลายเดือน โดยเป็นผลจากปัจจัยหลักดังนี้ 1) การประกาศตัวเลข GDP  ไตรมาส 4 ปี 2549 ของสหรัฐฯ ที่เพิ่มขึ้น 3.5% ซึ่งสูงกว่าที่คาดการณ์ไว้ที่ 3.0% โดยทั้งปี 2549 GDP สหรัฐฯ ขยายตัว 3.4% ทำให้นักลงทุนคลายความกังวลเกี่ยวกับการชะลอตัวของเศรษฐกิจโลก 2) แรงซื้ออย่างต่อเนื่องในตลาดหุ้นทั่วโลก 3) ธนาคารพาณิชย์ไทยปรับลดอัตราดอกเบี้ยเงินฝากลงอีก 0.25-0.50% 4) กระทรวงการคลังปรับลดประมาณการอัตราขยายตัวเศรษฐกิจไทยในปีนี้มาอยู่ที่ 4.0–4.5% จากเดิม 4.0–5.0% เนื่องจากการส่งออกสินค้าและบริการชะลอตัวลงตามภาวะเศรษฐกิจของประเทศคู่ค้า 5) การประกาศลาออกของ ม.ร.ว. ปรีดิยาธร เทวกุล จากตำแหน่งรองนายกฯ และ รมว. คลัง สร้างความประหลาดใจแก่นักลงทุน ซึ่งทำให้นักลงทุนขาดความเชื่อมั่นในความเป็นเอกภาพของรัฐบาล ตลอดทั้งเดือนนักลงทุนต่างชาติซื้อสุทธิ 17,531 ล้านบาท นักลงทุนรายย่อยขายสุทธิ  11,787 ล้านบาท  และนักลงทุนสถาบันขายสุทธิ 5,744 ล้านบาท ในระยะสั้นคาดว่าตลาดหุ้นน่าจะยังผันผวน โดยมีปัจจัยที่ต้องติดตาม คือ ภาวะการลงทุนของตลาดหุ้นในต่างประเทศ และผู้ที่จะมารับตำแหน่ง รมว. คลัง คนใหม่ อย่างไรก็ตาม ตลาดหุ้นไทยยังพอมีปัจจัยสนับสนุนจากการประกาศจ่ายเงินปันผลของบริษัทจดทะเบียนในช่วงนี้ </News2><News3>&#13;&#09;</News3><News4>&#13;&#09;</News4><News5></News5><News6></News6> </Data>  </FundReport> 
