<?xml version='1.0'?><FundReport><Data Fund='Master File'><News1>&#09;ภาวะการลงทุนในตลาดตราสารหนี้เดือนพฤศจิกายนปรับตัวดีขึ้นต่อเนื่อง อัตราผลตอบแทนพันธบัตรปรับตัวลดลงทุกช่วงอายุ และเส้นอัตราผลตอบแทนพันธบัตรมีความชันในลักษณะลาดลง (Inverted Yield Curve) โดยอัตราผลตอบแทนพันธบัตรระยะสั้นสูงกว่าอัตราผลตอบแทนพันธบัตรระยะปานกลาง และเริ่มมีความชันเพิ่มขึ้นในพันธบัตรระยะยาว เนื่องจากนักลงทุนคาดการณ์ว่าอัตราดอกเบี้ยจะปรับลดลง ประกอบกับปริมาณพันธบัตรที่จะออกใหม่มีไม่มาก และปริมาณเงินทุนไหลเข้าประเทศค่อนข้างมากจากการที่เงินบาทแข็งค่าอย่างต่อเนื่อง ทำให้มีความต้องการลงทุนในตราสารหนี้มากขึ้น นอกจากนี้ส่วนหนึ่งยังเป็นผลมาจากบรรยากาศการลงทุนที่ดีขึ้นจากการปรับตัวลดลงของอัตราผลตอบแทนพันธบัตรสหรัฐฯ สำหรับผลตอบแทน (Return) จากการลงทุนในตลาดตราสารหนี้เดือนพฤศจิกายน ดัชนีพันธบัตรรัฐบาลปรับเพิ่มขึ้น 2.17% และดัชนีหุ้นกู้เอกชนปรับเพิ่มขึ้น 1.26% แนวโน้มการลงทุนในตลาดตราสารหนี้จะยังคงปรับตัวดีขึ้นได้ต่อเนื่อง ซึ่งมีปัจจัยสนับสนุนจากปริมาณเงินทุนไหลเข้า และการคาดการณ์ว่าอัตราดอกเบี้ยจะปรับตัวลดลงได้ </News1><News2>&#13;&#09;ดัชนีตลาดหลักทรัพย์ฯ ในเดือนพฤศจิกายน ปิดที่ 739.06 จุด ปรับตัวเพิ่มขึ้น 2.30% จากสิ้นเดือนตุลาคม ปัจจัยที่มีผลต่อภาวะการลงทุนมีดังนี้ 1) นักลงทุนกลับเข้าลงทุนในตลาดหุ้นมากขึ้น ทำให้ตลาดหุ้นทั่วโลกปรับตัวเพิ่มขึ้นต่อเนื่องจากเดือนก่อน และคาดว่าอัตราดอกเบี้ยของธนาคารกลางสหรัฐฯ น่าจะปรับลดลงในช่วงต้นปีหน้า 2) ราคาน้ำมันดิบในตลาดโลกยังคงทรงตัว แม้ว่าจะปรับเพิ่มขึ้นเหนือระดับ 60 ดอลลาร์ สรอ. ต่อบาร์เรล ในช่วงปลายเดือน เนื่องจากความต้องการใช้น้ำมันที่ยังเติบโตและเข้าสู่ช่วงฤดูหนาว 3) ค่าเงินบาทที่แข็งขึ้นอย่างรวดเร็วจาก 36.675 บาท ต่อดอลลาร์ สรอ. ณ สิ้นเดือนตุลาคม มาอยู่ที่ 35.88 บาท ณ สิ้นเดือนพฤศจิกายน เนื่องจากมีเงินทุนไหลเข้าลงทุนทั้งในตลาดพันธบัตรและตลาดหุ้น ตลอดทั้งเดือนนักลงทุนต่างชาติซื้อสุทธิ 2,606  ล้านบาท นักลงทุนสถาบันซื้อสุทธิ 5,426 ล้านบาท และนักลงทุนรายย่อยขายสุทธิ  8,032 ล้านบาท ในระยะสั้น คาดว่าจะยังคงมีเงินทุนของนักลงทุนต่างชาติไหลเข้าลงทุนตลาดหุ้นได้อีก แต่อาจมีแรงเทขายทำกำไรระยะสั้นบ้าง อย่างไรก็ตาม คาดว่าตลาดหุ้นน่าจะยังปรับตัวเพิ่มขึ้นตามแนวโน้มตลาดหุ้นทั่วโลกจากเงินทุนที่กลับเข้าลงทุนในช่วงปลายปี </News2><News3>&#13;&#09;</News3><News4>&#13;&#09;</News4><News5></News5><News6></News6> </Data>  </FundReport> 
