<?xml version="1.0"?>
<FundReport>
   <Data Fund=" Master File">
      <News1>ภาวะการลงทุนในตลาดตราสารหนี้ช่วงเดือนมีนาคมปรับตัวดีขึ้นมาก ปริมาณการซื้อขายเฉลี่ยต่อวันเพิ่มขึ้นเป็น 14,630 ล้านบาท ปัจจัยที่มีผลต่อบรรยากาศการลงทุนมีดังนี้ 1) ปัจจัยภายนอกประเทศ ได้แก่ อัตราผลตอบแทนพันธบัตรของสหรัฐฯ ที่ปรับตัวลดลงจากตัวเลขการจ้างงานซึ่งประกาศออกมาต่ำกว่าที่คาดการณ์ไว้มาก ทำให้คาดว่าธนาคารกลางสหรัฐฯ จะยังไม่ขึ้นอัตราดอกเบี้ยในปีนี้เนื่องจากภาวะการจ้างงานชะลอตัว 2) ปัจจัยภายในประเทศ ได้แก่ การปรับตัวลดลงอย่างมากของตลาดหุ้น สถานการณ์โรคไข้หวัดนก และสถานการณ์ความไม่สงบในภาคใต้ ทำให้นักลงทุนหันมาลงทุนในตราสารหนี้มากขึ้น ส่งผลให้อัตราผลตอบแทนพันธบัตรระยะปานกลางและระยะยาวปรับตัวลดลงมาก ในเดือนมีนาคมผลตอบแทนของตลาดตราสารหนี้วัดจากดัชนีพันธบัตรรัฐบาลปรับตัวเพิ่มขึ้นถึงร้อยละ 19.73 ต่อปี ในขณะที่ดัชนีหุ้นกู้ภาคเอกชนปรับตัวเพิ่มขึ้นร้อยละ 12.23 ต่อปี ในส่วนของแนวโน้มการลงทุนในตลาดตราสารหนี้ ปัจจัยหลักเรื่องอัตราดอกเบี้ยที่อยู่ในทิศทางขาขึ้นยังคงมีอิทธิพลต่อการตัดสินใจลงทุนของนักลงทุนอยู่ แม้ว่าการปรับขึ้นของอัตราดอกเบี้ยอย่างมีนัยสำคัญจะยังไม่เกิดขึ้นในระยะเวลาอันใกล้ สำหรับกลยุทธ์การลงทุนที่เหมาะสมกับสถานการณ์เช่นนี้ ผู้จัดการกองทุนยังเน้นการลงทุนในตราสารหนี้ระยะสั้นถึงปานกลางเพื่อหลีกเลี่ยงความเสี่ยงหากเกิดความผันผวนจากแรงขายทำกำไรของนักลงทุนเนื่องจากตลาดตราสารหนี้ได้ปรับตัวดีขึ้นมาโดยตลอดตั้งแต่ต้นปี 2547 
</News1>
      <News2>ในเดือนมีนาคม ภาวะการลงทุนในตลาดหุ้นไทยประสบภาวะซบเซาอย่างมาก โดยดัชนีตลาดหลักทรัพย์ฯ ปรับตัวลดลงจาก 716.30 จุด ณ สิ้นเดือนกุมภาพันธ์  มาปิดที่ 647.30 จุด ณ สิ้นเดือนมีนาคมซึ่งลดลง 69 จุด หรือคิดเป็นร้อยละ 10.66 ด้วยปริมาณการซื้อขายต่อวันเหลือเพียง 16,408 ล้านบาท ปัจจัยหลักที่มีผลกระทบต่อตลาดหุ้นในเดือนที่ผ่านมา ได้แก่ 1) ความวิตกกังวลเกี่ยวกับการก่อการร้ายในต่างประเทศที่ทวีความรุนแรงมากขึ้น  2) ปัญหาความไม่สงบใน 3 จังหวัดภาคใต้ของไทยที่ยังยืดเยื้อและขยายวงกว้างมากขึ้น 3) การประท้วงนโยบายการแปรรูปรัฐวิสาหกิจของกลุ่มสหภาพแรงงานฯ ซึ่งส่งผลให้การแปรรูปรัฐวิสาหกิจต้องยืดเยื้อออกไป 4) ข่าวการเพิ่มทุนเป็นจำนวนมากของสถาบันการเงินเพื่อเตรียมควบรวมกิจการตามแผนแม่บททางการเงิน 5) การเทขายหุ้นอย่างต่อเนื่องของนักลงทุนต่างประเทศโดยเป็นผู้ขายสุทธิถึง 8,298 ล้านบาทในเดือนนี้  และแม้ว่าทางการได้ผ่อนคลายมาตรการป้องกันการเก็งกำไรในตลาดหุ้น รวมถึงการประกาศตัวเลขทางเศรษฐกิจที่ยังเติบโตดีอย่างต่อเนื่อง ก็ไม่สามารถช่วยพลิกฟื้นบรรยากาศการลงทุนได้
</News2>
      <News3 />
      <News4 />
      <News5 />
      <News6 />
   </Data>
</FundReport>