<?xml version='1.0'?><FundReport><Data Fund='Master File'><News1>&#09;ในเดือนสุดท้ายของปี 2549 ภาวะการลงทุนในตลาดตราสารหนี้ประสบกับความผันผวนอย่างหนัก อัตราผลตอบแทนพันธบัตรปรับตัวเพิ่มขึ้นทุกช่วงอายุ ซึ่งเป็นผลมาจากการที่ ธปท. ได้ออกมาตรการป้องกันการเก็งกำไรค่าเงินบาท เมื่อเย็นวันที่ 18 ธันวาคม 2549 โดยกำหนดให้สถาบันการเงินที่รับซื้อหรือแลกเปลี่ยนเงินตราต่างประเทศเป็นเงินบาท ตองกันเงินสำรองเงินตราต่างประเทศไว้ 30% และจะขอคืนเงินได้เมื่อครบกำหนด 1 ป นับแต่วันที่ถูกกันเงิน โดยต้องแสดงเอกสารหลักฐานว่าเงินที่นำเข้ามาลงทุนนั้นอยู่ในประเทศไม่น้อยกว่า 1 ป หากนำเงินลงทุนกลับคืนก่อนครบระยะเวลา 1 ปี จะไดรับเงินคืนเพียง 2 ใน 3 ของเงินที่กันไว้ ซึ่งจะส่งผลให้ต้นทุนการลงทุนของนักลงทุนต่างชาติที่จะเข้ามาลงทุนในตลาดเงินและตลาดทุนของประเทศไทยสูงขึ้นมาก และทำให้เงินบาทมีแนวโน้มอ่อนค่าลง นักลงทุนจึงเทขายตราสารหนี้ที่ลงทุนไว้เพื่อลดความเสี่ยง สำหรับผลตอบแทน (Return) จากการลงทุนในตลาดตราสารหนี้เฉพาะเดือนธันวาคม ดัชนีพันธบัตรรัฐบาลปรับลดลง -2.41% และดัชนีหุ้นกู้เอกชนปรับลดลง -0.78%  แต่ทั้งปี 2549 ดัชนีพันธบัตรรัฐบาลและดัชนีหุ้นกู้เอกชนยังปรับเพิ่มขึ้น 5.46% และ 6.56% ตามลำดับ </News1><News2>&#13;&#09;แนวโน้มการลงทุนในตลาดตราสารหนี้ช่วงต้นปี 2550 คาดว่าจะมีความผันผวนต่อเนื่องจากผลของมาตรการป้องกันการเคลื่อนย้ายเงินทุนของ ธปท. ประเด็นที่ต้องจับตา คือ การประชุมของคณะกรรมการนโยบายการเงินในช่วงกลางเดือนมกราคม ซึ่งนักลงทุนคาดการณ์ว่าจะมีการปรับลดอัตราดอกเบี้ยนโยบาย  ในส่วนของกลยุทธ์การลงทุน ผู้จัดการกองทุนจะใช้ความระมัดระวังในการเข้าลงทุน และเน้นลงทุนในตราสารหนี้ระยะสั้นเพื่อลดความเสี่ยงให้กับกองทุน</News2><News3>&#13;&#09;ดัชนีตลาดหลักทรัพย์ในเดือนนี้ ปิดที่ 679.84 จุด ปรับตัวลดลงถึง 59.22 จุด หรือ 8.01% จากราคาปิด ณ สิ้นเดือนพฤศจิกายนที่ 739.06 จุด โดยได้รับปัจจัยลบจากแรงเทขายของนักลงทุนต่างชาติอย่างหนัก ซึ่งกังวลถึงมาตรการดังกล่าวของ ธปท. ที่ออกมาเพื่อควบคุมการเก็งกำไรค่าเงินบาทของนักลงทุนต่างชาติ ทำให้นักลงทุนต่างชาติเทขายหุ้นที่ถืออยู่ออกทันที ซึ่งแรงเทขายที่เข้ามามากได้กดดันให้ดัชนีตลาดหลักทรัพย์ฯ ปรับตัวลดลงอย่างรุนแรงที่สุดในประวัติศาสตร์ ปิดที่ 622.14 จุด โดยลดลงถึง 107.41 จุด หรือร้อยละ 14.84 ในวันที่ 19 ธันวาคม 2549 อย่างไรก็ตาม ในช่วงค่ำวันเดียวกัน ธนาคารแห่งประเทศไทยได้กลับลำโดยประกาศยกเว้นการกันสำรองเงินที่ร้อยละ 30 สำหรับการลงทุนในตลาดหุ้น ทำให้ตลาดหุ้นดีดกลับมาปิดที่ 691.55 จุด ในวันที่ 20 ธันวาคมได้  ตลอดทั้งเดือนนักลงทุนต่างชาติเป็นผู้ขายสุทธิ 31,923.73  ล้านบาท ส่วนนักลงทุนสถาบันเป็นผู้ซื้อสุทธิ 13,879.87 ล้านบาท และนักลงทุนรายย่อยเป็นผู้ซื้อสุทธิ  18,043.86 ล้านบาท ในระยะสั้น ผู้จัดการกองทุนคาดว่าอาจจะยังคงมีแรงเทขายหุ้นของนักลงทุนต่างประเทศเพิ่มได้อีก เนื่องจากขาดความเชื่อมั่นในมาตรการของธนาคารแห่งประเทศไทย ซึ่งต้องการสกัดการแข็งค่าของเงินบาทและควบคุมการไหลเข้าออกของเงินทุน อีกทั้งตลาดหุ้นยังขาดปัจจัยบวกเข้ามากระตุ้นภาวะการลงทุน ทำให้คาดว่าตลาดหุ้นน่าจะซบเซาไปสักระยะหนึ่ง </News3><News4>&#13;&#09;</News4><News5></News5><News6></News6> </Data>  </FundReport> 
