<?xml version='1.0'?><FundReport><Data Fund='Master File'><News1>&#09;ดัชนีตลาดหลักทรัพย์ในเดือนพฤษภาคม ปิดที่ 737.40 จุด ปรับตัวเพิ่มขึ้น 38.24 จุด หรือประมาณ 5.47% จากราคาปิด ณ สิ้นเดือนเมษายนที่ 699.16 จุด โดยดัชนีตลาดหลักทรัพย์ปรับตัวเพิ่มขึ้นเกือบตลอดทั้งเดือน ตามการปรับขึ้นอย่างร้อนแรงของตลาดหุ้นทั่วโลกโดยเฉพาะตลาดหุ้นจีน ในช่วงต้นเดือนดัชนีปรับขึ้นจากแรงซื้อในหุ้นกลุ่มพลังงานตามราคาน้ำมันและค่าการกลั่นที่ปรับตัวสูงเพิ่มขึ้น โดยมีปัจจัยต่างประเทศอื่นๆ ที่สำคัญคือ การที่รัฐบาลจีนอนุญาตให้กองทุนรวมของจีนสามารถลงทุนนอกประเทศได้เพื่อลดความร้อนแรงของตลาดหุ้นจีน และประกาศขยายช่วงการปรับตัวของหยวน 0.5% จาก 0.3% ของค่ากลางในแต่ละวัน โดยมีผลบังคับใช้ในวันที่ 18 พ.ค.เป็นต้นไป ส่วนปัจจัยในประเทศที่สำคัญคือในวันที่ 23 พ.ค.50 คณะกรรมการนโยบายการเงิน ธปท. (กนง.)ได้ปรับลดอัตราดอกเบี้ยซื้อคืนพันธบัตร 1 วันลงอีก 0.50% เหลือ 3.50% ส่งผลให้ธนาคารพาณิชย์หลายแห่งปรับลดอัตราดอกเบี้ยลงอีก และในวันที่ 30 พ.ค.50 คณะตุลาการรัฐธรรมนูญมีคำสั่งไม่ยุบพรรคประชาธิปัตย์ เนื่องจากไม่ได้กระทำความผิดตามที่มีข้อกล่าวหา แต่มีคำวินิจฉัยให้ยุบพรรคไทยรักไทย พรรคพลังแผ่นดินไทย และพรรคพัฒนาชาติไทย รวมถึงมีมติให้เพิกถอนสิทธิเลือกตั้งกรรมการบริหารพรรคที่ถูกยุบเป็นเวลา 5 ปีมีผลบังคับใช้ย้อนหลังได้ กระทรวงพาณิชย์เปิดเผยตัวเลขการส่งออกเดือนเม.ย.50 มีมูลค่า 10,974.3 ล้านเหรียญสหรัฐฯ เพิ่มขึ้น 18.5% มูลค่านำเข้ามีมูลค่า 10,618.5 ล้านเหรียญสหรัฐฯ เพิ่มขึ้น 8.9% สำหรับการส่งออกในช่วง 4 เดือนแรกของปีนี้มีมูลค่า 45,698.5 ล้านเหรียญสหรัฐ เพิ่มขึ้น 18.3% ทำให้ดุลการค้าเดือนเม.ย. ไทยเกินดุลการค้า 255.8 ล้านเหรียญสหรัฐฯ ส่งผลให้เกินดุลการค้ารวม 4,526.7 ล้านเหรียญสหรัฐ  ตลอดทั้งเดือนนักลงทุนต่างชาติเป็นผู้ซื้อสุทธิ  24,289.01 ล้านบาท และนักลงทุนสถาบันเป็นผู้ขายสุทธิ 6,111.69 ล้านบาท ส่วนนักลงทุนรายย่อยเป็นผู้ขายสุทธิ 18,177.32 ล้านบาท </News1><News2>&#13;&#09;ในระยะสั้น ผู้จัดการกองทุนคาดว่าดัชนีตลาดหลักทรัพย์ฯ จะยังคงปรับตัวเพิ่มขึ้นจากแรงซื้ออย่างหนาแน่นของนักลงทุนต่างชาติ หลังจากที่ตลาดหุ้นของไทยปรับขึ้นน้อยกว่าตลาดเอเซียอื่นๆเพราะปัจจัยทางการเมืองภายในประเทศ ซึ่งขณะนี้นักลงทุนเห็นว่าปัจจัยทางการเมืองคลี่คลายไปในทิศทางที่ดีขึ้นและคาดว่าจะมีเลือกตั้งในเดือนธันวาคมนี้</News2><News3>&#13;&#09;</News3><News4>&#13;&#09;</News4><News5></News5><News6></News6> </Data>  </FundReport> 
