<?xml version="1.0"?>
<FundReport>
   <Data Fund=" Master File">
      <News1>ในเดือนมีนาคม ภาวะการลงทุนในตลาดหุ้นไทยประสบภาวะซบเซาอย่างมาก โดยดัชนีตลาดหลักทรัพย์ฯ ปรับตัวลดลงจาก 716.30 จุด ณ สิ้นเดือนกุมภาพันธ์  มาปิดที่ 647.30 จุด ณ สิ้นเดือนมีนาคมซึ่งลดลง 69 จุด หรือคิดเป็นร้อยละ 10.66 ด้วยปริมาณการซื้อขายต่อวันเหลือเพียง 16,408 ล้านบาท ปัจจัยหลักที่มีผลกระทบต่อตลาดหุ้นไทยในเดือนที่ผ่านมา คือ 1) ความวิตกกังวลเกี่ยวกับการก่อการร้ายในต่างประเทศที่ทวีความรุนแรงมากขึ้น  2) ปัญหาความไม่สงบใน 3 จังหวัดภาคใต้ของไทย ที่ยังยืดเยื้อและขยายวงกว้างมากขึ้น 3) การประท้วงนโยบายการแปรรูปรัฐวิสาหกิจของกลุ่มสหภาพฯ ซึ่งส่งผลให้การแปรรูปรัฐวิสาหกิจต้องยืดเยื้อออกไป 4) การเพิ่มทุนเป็นจำนวนมากของสถาบันการเงินเพื่อเตรียมการควบรวมตามแผนแม่บททางการเงิน 5) การเทขายหุ้นอย่างต่อเนื่องของนักลงทุนต่างประเทศ โดยเป็นผู้ขายสุทธิถึง 8,298 ล้านบาทในเดือนนี้  แม้ว่าทางการผ่อนคลายมาตรการป้องกันการเก็งกำไรในตลาดหุ้นรวมถึงการประกาศตัวเลขทางเศรษฐกิจที่ยังเติบโตดีอย่างต่อเนื่อง ก็ไม่สามารถช่วยพลิกฟื้นบรรยากาศการลงทุนได้</News1>
      <News2>ในระยะสั้นหุ้นน่าจะดีดกลับได้ เนื่องจากปรับตัวลดลงมากโดยตลอดจากปัจจัยลบที่เข้ามากระทบภาวะการลงทุน แต่อาจจะเผชิญแรงขายทำให้ตลาดหุ้นไปได้ไม่ไกล แต่ในระยะยาว ดัชนีตลาดหลักทรัพย์ มีโอกาสจะปรับขึ้นแบบค่อยเป็นค่อยไป ตามแนวโน้มเศรษฐกิจและผลประกอบการของบริษัทจดทะเบียนที่ปรับตัวดีขึ้น
</News2>
      <News3 />
      <News4 />
      <News5 />
      <News6 />
   </Data>
</FundReport>