<?xml version="1.0"?>
<FundReport>
   <Data Fund=" Master File">
      <News1>ภาวะการลงทุนในตลาดหุ้นไทยตลอดเดือนสิงหาคมยังคงคึกคักและร้อนแรงอย่างต่อเนื่อง โดยดัชนีตลาดหลักทรัพย์ฯ ปรับตัวเพิ่มขึ้นถึง 53.60 จุด หรือร้อยละ 11.07 จาก 484.11 จุด ณ สิ้นเดือนกรกฏาคม มาปิดที่ 537.71 จุด ณ สิ้นเดือนสิงหาคม ด้วยปริมาณการซื้อขายหนาแน่นเฉลี่ยสูงถึง 21,446 ล้านบาทต่อวัน เพิ่มขึ้นจากเดือนก่อนร้อยละ 8.91 โดยปัจจัยหลักๆ ที่เกื้อหนุนต่อภาวะการลงทุนของตลาดหุ้นไทยในเดือนสิงหาคม มีดังนี้ </News1>
      <News2>EQ</News2>
      <News3 />
      <News4 />
      <News5 />
      <News6 />
   </Data>
</FundReport>