<?xml version="1.0"?>
<FundReport>
   <Data Fund=" Master File">
      <News1>ดัชนีตลาดหลักทรัพย์ฯในเดือนพฤษภาคม ปิดที่ 667.55 จุด ปรับตัวเพิ่มขึ้น 8.67 จุด หรือประมาณ 1.32% จากที่ดัชนีตลาดฯปิด ณ สิ้นเดือนเมษายนที่ 658.88 จุด ด้วยมูลค่าซื้อขายเฉลี่ยต่อวันที่ 16,777.41 ล้านบาท โดยในช่วงสัปดาห์แรกของเดือน ดัชนีตลาดหลักทรัพย์ปรับตัวขึ้นทำระดับสูงสุดของเดือนที่ 692.82 จุด จากแรงซื้อหุ้นกลับของนักลงทุนที่ขายหุ้นไปในช่วงเดือนเม.ย. และการปรับตัวขึ้นตามตลาดต่างประเทศเนื่องจากราคาน้ำมันในตลาดโลกปรับตัวลดลงต่ำกว่าระดับ 50 เหรียญสหรัฐต่อบาร์เรล และจากข่าวที่คาดว่าจะมีการปรับค่าเงินหยวนเพิ่มขึ้นในเร็วๆนี้ ซึ่งทำให้มีการคาดการณ์ว่าค่าเงินสกุลต่าง ๆ ในแถบเอเชียจะปรับตัวแข็งขึ้นตามไปด้วย แต่หลังจากนั้นตลาดหุ้นก็ปรับตัวลดลงเกือบตลอดทั้งเดือนจากแรงขายทำกำไรของนักลงทุนต่างประเทศ หลังจากการประกาศผลประกอบการไตรมาสแรกของบริษัทจดทะเบียนส่วนใหญ่ออกมาตามที่คาดการณ์ไว้ การประกาศตัวเลขขาดดุลการค้าของไทยในเดือนเมษายนที่ขาดดุลสูงถึง 1.76 พันล้านเหรียญสหรัฐฯ นับเป็นตัวเลขขาดดุลเป็นเดือนที่สี่ติดต่อกันของปีนี้ ซึ่งนับเป็นข่าวร้ายต่อค่าเงินบาทที่อ่อนทะลุ 40 บาทไปแล้ว และการกลับตัวแข็งค่าขึ้นของค่าเงินดอลลาร์สหรัฐ นอกจากนี้ความกังวลเกี่ยวกับแนวโน้มการชะลอตัวของเศรษฐกิจโลกในช่วงที่มีการปรับขึ้นดอกเบี้ยอย่างต่อเนื่องของสหรัฐฯ ซึ่งจะทำให้ราคาสินค้าต่าง ๆ ปรับตัวลดลง โดยเฉพาะสินค้าในกลุ่มปิโตรเคมีที่ปรับตัวลงตามราคาน้ำมันที่ลดลงในช่วงฤดูร้อน ทำให้นักลงทุนเทขายหุ้นในกลุ่มต่างๆ โดยเฉพาะในหุ้นกลุ่มน้ำมัน กลุ่มปิโตรเคมี และกลุ่มสื่อสารจากการแข่งขันทางด้านราคาในช่วงท้ายของเดือน ทำให้ดัชนีตลาดหลักทรัพย์ปรับตัวลดลงทำจุดต่ำสุดของเดือนที่ 651.51 จุด โดยตลอดทั้งเดือนนักลงทุนต่างชาติขายสุทธิ 3,014.13 ล้านบาท นักลงทุนสถาบันซื้อสุทธิ 2,804.93 ล้านบาท และนักลงทุนรายย่อยซื้อสุทธิ 209.20 ล้านบาท</News1>
      <News2 />
      <News3 />
      <News4 />
      <News5 />
      <News6 />
   </Data>
</FundReport>