<?xml version='1.0'?><FundReport><Data Fund='Master File'><News1>&#09;ดัชนีตลาดหลักทรัพย์ในเดือนมิถุนายน ปิดที่ 776.79 จุด ปรับตัวเพิ่มขึ้น 39.39 จุด หรือประมาณ  5.34 % จากราคาปิด ณ สิ้นเดือนพฤษภาคมที่ 737.40 จุด โดยดัชนีตลาดหลักทรัพย์ปรับตัวผันผวนในช่วงครึ่งเดือนแรกจากความกังวลของนักลงทุนต่อภาวะการเมืองของไทย ซึ่งหลังจากศาลรัฐธรรมนูญมีคำวินิจฉัยให้ยุบพรรคไทยรักไทย และมีการดำเนินคดีเพื่อจะอายัดทรัพย์ของอดีตนายกรัฐมนตรี พ.ต.ท.ทักษิณ  ชินวัตร ถึงแม้จะมีการรวมตัวชุมนุมกันบ้าง แต่ก็ไม่มีเหตุการณ์ที่ร้ายแรงเกิดขึ้น และการที่พล.อ.สุรยุทธ์ นายกฯคนปัจจุบันออกมาให้สัมภาษณ์ว่าจะจัดให้มีการเลือกตั้งเกิดขึ้นภายในปีนี้แน่นอน ทำให้แรงซื้อของนักลงทุนกลับเข้ามาส่งผลให้ตลาดหุ้นปรับตัวขึ้นอย่างต่อเนื่องได้ในช่วงครึ่งหลังของเดือน โดยมีปัจจัยที่สำคัญอื่น คือ ในวันที่ 28 มิ.ย. คณะกรรมการกำหนดนโยบายของธนาคารกลางสหรัฐฯ (FOMC) ประกาศคงอัตราดอกเบี้ยไว้ที่ 5.25% ตามที่ตลาดคาดการณ์ไว้ซึ่งคงไว้ระดับเดิมเป็นครั้งที่ 8 ติดต่อกัน และกระทรวงพาณิชย์เปิดเผยว่า เดือนพ.ค.ไทยเกินดุลการค้าประมาณ 800.2 ล้านเหรียญสหรัฐ โดยส่งออกมีมูลค่า 13,049.1 ล้านเหรียญสหรัฐ เพิ่มขึ้น 20.9%  ขณะที่การนำเข้ามีมูลค่า 12,248.9 ล้านเหรียญสหรัฐ เพิ่มขึ้น 6.7% ขณะที่การส่งออก 5 เดือนแรกปีนี้มีมูลค่ารวม 58,747.6 ล้านเหรียญสหรัฐ เพิ่มขึ้น 18.8% นำเข้ามีมูลค่า 53,420.7 ล้านเหรียญสหรัฐ เพิ่มขึ้น 4.4% เกินดุลการค้า 5,326.9 ล้านเหรียญสหรัฐ โดยตลอดทั้งเดือนนักลงทุนต่างชาติเป็นผู้ซื้อสุทธิ 30,880.11 ล้านบาท และนักลงทุนสถาบันเป็นผู้ขายสุทธิ 4,049.23 ล้านบาท ส่วนนักลงทุนรายย่อยเป็นผู้ขายสุทธิ  26,830.88 ล้านบาท  </News1><News2>&#13;&#09;ในระยะสั้น ผู้จัดการกองทุนคาดว่าดัชนีตลาดหลักทรัพย์ฯ จะยังคงได้ผลบวกจากแรงซื้ออย่างหนาแน่นและต่อเนื่องของนักลงทุนต่างชาติ ทำให้ตลาดหุ้นปรับตัวเพิ่มขึ้นต่อได้ แม้อาจจะมีแรงเทขายทำกำไรเป็นระยะๆของนักลงทุนบ้าง เนื่องจากตลาดหุ้นของไทยยังถูกกว่าตลาดเอเซียอื่นๆ และนักลงทุนเริ่มมองถึงการฟื้นตัวของเศรษฐกิจอย่างมากในช่วงครึ่งปีหลังและภายหลังการเลือกตั้งที่คาดว่าจะเกิดขึ้นภายในปลายปีนี้</News2><News3>&#13;&#09;</News3><News4>&#13;&#09;</News4><News5></News5><News6></News6> </Data>  </FundReport> 
