<?xml version='1.0'?><FundReport><Data Fund='Master File'><News1>&#09;ภาวะการลงทุนในเดือน4 ค่อนข้างผันผวนมาก ดัชนีตลาดหลักทรัพย์ฯ ปรับตัวลดลง 60.06 จุดหรือลดลงคิดเป็นร้อยละ 8.10 ด้วยปริมาณซื้อขายเฉลี่ยวันละ 16,650 ล้านบาท โดยดัชนีปิดที่ 681.49 จุด จากดัชนีที่ 741.55 จุด ณ สิ้นเดือนกุมภาพันธ์ โดยตลาดหุ้นผันผวนในขาลง จากปัจจัยหลักๆที่เข้ามามีผลกระทบในตลาดดังนี้ 1) แรงขายทำกำไรของนักลงทุนต่างชาติในเดือนนี้ โดยเป็นผู้ขายสุทธิ 10,141 ล้านบาท หลังจากเป็นผู้ซื้อสุทธิมาตลอดหลายเดือน 2) ราคาน้ำมันในตลาดโลกยังอยู่ในระดับสูง จนทำให้รัฐบาลจำต้องประกาศปรับราคาน้ำมันดีเซลอีกลิตรละ 3 บาท เพื่อลดภาระของกองทุนน้ำมัน 3) ค่าเงินดอลลาร์สหรัฐที่กลับมาแข็งค่าขึ้นเมื่อเทียบกับค่าเงินบาทและเงินสกุลเอเซียอื่นๆ ทำให้มีแรงขายทำกำไรในตลาดหุ้นทั่วเอเซีย 4) ตัวเลขทางเศรษฐกิจหลายตัวที่ประกาศออกมาส่งสัญญาณว่าเศรษฐกิจเริ่มชะลอตัว เนื่องจากผลกระทบจากราคาน้ำมันและรายได้จากการท่องเที่ยวที่ซบเซาจากคลื่นสึนามิ xxx</News1><News2>&#13;&#09;ในระยะสั้น ตลาดหุ้นปรับตัวลดลงมากจนต่ำกว่าระดับ 700 จุด ซึ่งถือว่าเป็นระดับที่หุ้นมีราคาถูกที่ P/E ประมาณ 10 เท่า ดังนั้น ผู้จัดการกองทุนจึงคาดว่า ตลาดน่าจะดีดกลับได้บ้าง เนื่องจากอยู่ในภาวะขายมากเกินไป สำหรับปัจจัยที่ต้องคอยติดตามอย่างใกล้ชิดคือแรงขายทำกำไรของนักลงทุนต่างชาติ และค่าเงินบาทที่อ่อนค่าลง ว่าจะมีเงินทุนไหลออกจากตลาดหุ้นหรือไม่ อย่างไรก็ตาม ผู้จัดการกองทุนเชื่อว่า ตลาดหุ้นไทยมีราคาถูก และยังเป็นตลาดที่น่าลงทุน จึงน่าจะเป็นการปรับฐานระยะสั้น ซึ่งจะเป็นจังหวะให้ผู้จัดการกองทุนทยอยสะสมหุ้นปัจจัยพื้นฐานดีอย่างระมัดระวัง และจะบริหารกองทุนของท่านอย่างเต็มความสามารถต่อไป</News2><News3>&#13;&#09;</News3><News4>&#13;&#09;</News4><News5></News5><News6></News6> </Data>  </FundReport> 
