<?xml version='1.0'?><FundReport><Data Fund='Master File'><News1>&#09;ดัชนีตลาดหลักทรัพย์ในเดือนมีนาคมปิดที่ 733.25 จุด ปรับตัวลดลง 10.80 จุด หรือ 1.45% จากราคาปิด ณ สิ้นเดือนกุมภาพันธ์ ที่ 744.05 จุด โดยราคาหลักทรัพย์แกว่งตัวขึ้นลงอยู่ในกรอบแคบๆตามข่าวสถาการณ์การเมืองที่กลับเข้าสู่ทางตันเมื่อพรรคร่วมฝ่ายค้าน 3 พรรคใหญ่ตัดสินใจไม่ส่งผู้สมัครลงเลือกตั้งทั่วไป หลังนายกรัฐมนตรีตัดสินใจยุบสภาเมื่อวันที่ 24 ก.พ. โดยมีม็อบฝ่ายสนับสนุนนายกรัฐมนตรีและม็อบของแกนนำกลุ่มพันธมิตรเพื่อประชาธิปไตยที่เข้ามาในเขตกรุงเทพฯมากขึ้น แกนนำกลุ่มพันธมิตรต้องการกดดันให้นายกรัฐมนตรีเว้นวรรคทางการเมืองหลังการเลือกตั้งทั่วไปในวันที่ 2 เมษายน ส่งผลให้นักลงทุนชะลอการลงทุนในตลาดหุ้น ทำให้มูลค่าการซื้อขายซบเซา โดยมีปัจจัยหลักที่ส่งผลกระทบต่อภาวะการลงทุน คือ 1) สถานการณ์ทางการเมืองที่ตึงเครียดมากขึ้น นักลงทุนกังวลถึงความแตกแยกของประชาชนที่แบ่งเป็นสองฝ่าย และเหตุการณ์วุ่นวายจะลุกลามมากขึ้นเนื่องจากม็อบขยายวงกว้างมากขึ้น 2) ศาลปกครองสูงสุดตัดสินให้ยกเลิกการแปรรูปรัฐวิสาหกิจของ EGAT เนื่องจากการออก พ.ร.ฏ. 2 ฉบับนั้นไม่ถูกต้อง จึงยังไม่สามารถขายหุ้นเพื่อเข้าตลาดหลักทรัพย์ได้ ทำให้นักลงทุนกังวลถึงผลกระทบของหุ้นตัวอื่นๆที่แปรรูปรัฐวิสาหกิจไปแล้ว 3) ตัวเลขเศรษฐกิจไทยในเดือนก.พ. 49 ยังคงเติบโตได้ดี โดยยอดส่งออกเติบโตกว่าร้อยละ 23 ขณะที่ยอดนำเข้าเติบโตร้อยละ 15 ยอดขาดดุลการค้าลดลงเหลือเพียง 24 ล้านเหรียญสหรัฐ และยังเกินดุลบัญชีเดินสะพัดเพิ่มขึ้นในเดือนก.พ.ที่ 666 ล้านดอลลาร์ เนื่องจากยอดนักท่องเที่ยวเพิ่มขึ้นร้อยละ 18.7 4) นักลงทุนต่างชาติเป็นผู้ขายสุทธิของตลาดหุ้นไทยในเดือนนี้เล็กน้อยเพียง 309 ล้านบาท หากนับตั้งแต่ต้นปีต่างชาติเป็นผู้ซื้อสุทธิถึง 93,594.76 ล้านบาท   </News1><News2>&#13;&#09;ผู้จัดการกองทุนคาดว่า ในระยะสั้น ตลาดหุ้นน่าจะแกว่งตัวขึ้นลงตามข่าวสถานการณ์การเมืองเป็นหลัก หากภาวะการเมืองที่อึมครึมสามารถจบลงโดยเร็ว ก็จะเป็นปัจจัยบวกให้ตลาดหุ้นปรับตัวในทิศทางขาขึ้นได้ อย่างไรก็ตาม นักลงทุนยังต้องติดตามข่าวการเมืองอย่างใกล้ชิดซึ่งอาจเปลี่ยนแปลงได้ตลอดเวลา </News2><News3>&#13;&#09;</News3><News4>&#13;&#09;</News4><News5></News5><News6></News6> </Data>  </FundReport> 
