<?xml version='1.0'?><FundReport><Data Fund='Master File'><News1>&#09;ดัชนีหลักทรัพย์ในเดือนก.ย. ปิดที่ 723.23 จุด ปรับตัวเพิ่มขึ้น 25.38 จุด หรือประมาณ 3.64% จากราคาปิด ณ. สิ้นเดือนส.ค.ที่ 697.85 จุด โดยราคาหลักทรัพย์ปรับตัวขึ้นตลอดทั้งเดือนจากแรงซื้ออย่างต่อเนื่องของนักลงทุนต่างชาติ  ที่ย้ายเงินลงทุนมาเข้าในตลาดหุ้นมากขึ้น ถึงแม้ว่าจะมีการปรับขึ้นของอัตราดอกเบี้ยทั้งในและต่างประเทศตลอดทั้งเดือน โดยคณะกรรมการนโยบายการเงิน (กนง.) ธปท.มีมติขึ้นดอกเบี้ยซื้อคืนพันธบัตร R/P ระยะ 14 วันอีก 0.50% มาที่ระดับ 3.25% ซึ่งเป็นการปรับมากกว่าที่ตลาดคาดการณ์ไว้ที่ระดับ 0.25% เพื่อลดแรงกดดันจากเงินเฟ้อที่มีแนวโน้มสูงกว่าที่คาดไว้จากการที่ราคาน้ำมันยังคงปรับตัวสูงขึ้นอยู่ และในวันที่ 20 ก.ย. ธนาคารกลางสหรัฐฯ ประกาศปรับขึ้นอัตราดอกเบี้ย Fed Fund Rate ขึ้นอีก 0.25% เป็น 3.75% ตามที่ตลาดคาดการณ์ไว้ ถึงแม้ว่าภาวะเศรษฐกิจของอเมริกาจะได้รับผลกระทบจากพายุเฮอริเคนแคทรินาและริต้า ทำให้โรงกลั่นน้ำมันในอ่าวเม็กซิโกได้รับความเสียหาย ส่งผลให้ราคาน้ำมันปรับตัวขึ้นต่อจากความกังวลว่าปริมาณน้ำมันจะไม่เพียงพอต่อความต้องการ ทำให้มีแรงซื้อกลับเข้ามาในหุ้นกลุ่มพลังงานอีกครั้งหนึ่ง </News1><News2>&#13;&#09;ในช่วงครึ่งหลังของเดือนธนาคารพาณิชย์ต่าง ๆ ได้ทยอยประกาศปรับขึ้นอัตราดอกเบี้ยทั้งทางด้านเงินฝากและเงินกู้ตามการปรับขึ้นของธปท. และสถาบันการจัดอันดับความน่าเชื่อถือ เอส แอนด์  พีได้ประกาศปรับเพิ่มอันดับความน่าเชื่อถือของธนาคารพาณิชย์ไทย 6 แห่ง ภาวะเศรษฐกิจไทยโดยรวมในเดือนส.ค.ขยายตัวได้ดีขึ้นโดยมีการเกินดุลบัญชีเดินสะพัดจำนวน 107 ล้านดอลลาร์สหรัฐ ซึ่งนับเป็นเดือนที่สองติดต่อกัน มีปริมาณการส่งออกจำนวน 10,116 ล้านดอลลาร์สหรัฐซึ่งเติบ โตร้อยละ 25.5 เพิ่มขึ้นจากเดือนก.ค.ที่เติบโตร้อยละ 18.6 ส่วนการนำเข้าจำนวน 10,393 ล้านดอลลาร์สหรัฐ เติบโตร้อยละ 24.1 ส่งผลให้ขาดดุลการค้าจำนวน 277 ล้านดอลลาร์สหรัฐ ตลอดทั้งเดือนนักลงทุนต่างชาติเป็นผู้ซื้อสุทธิ 12,978.50 ล้านบาท นักลงทุนสถาบันเป็นผู้ขายสุทธิ 230.52  ล้านบาท และนักลงทุนรายย่อยเป็นผู้ขายสุทธิ 12,747.97 ล้านบาท</News2><News3>&#13;&#09;</News3><News4>&#13;&#09;</News4><News5></News5><News6></News6> </Data>  </FundReport> 
