<?xml version='1.0'?><FundReport><Data Fund='Master File'><News1>&#09;ดัชนีตลาดหลักทรัพย์ในเดือนตุลาคม ปิดที่ 722.46 จุด ปรับตัวเพิ่มขึ้น 36.36 จุด หรือ 5.30% จากราคาปิด ณ. สิ้นเดือนกันยายน ที่   686.10 จุด โดยดัชนีตลาดหลักทรัพย์ปรับตัวเพิ่มขึ้นตลอดทั้งเดือนจากปัจจัยต่างๆดังนี้ 1)การปรับตัวเพิ่มขึ้นของตลาดหุ้นทั่วโลกจากการที่นักลงทุนคาดการณ์ถึงความเป็นไปได้สูงที่จะมีการประกาศลดอัตราดอกเบี้ยของธนาคารกลางสหรัฐในช่วงต้นปีหน้า 2) ราคาน้ำมันในตลาดโลกที่ปรับตัวลดลงอย่างรวดเร็วและอยู่ต่ำกว่าระดับ 60 เหรียญ สรอ. ต่อบาร์เรล  จากความต้องการใช้น้ำมันที่ชะลอลงแม้กลุ่มโอเปคจะประกาศลดอัตราการผลิตน้ำมันลงถึง 1.2 ล้านบาร์เรลต่อวัน  ทำให้นักลงทุนคลายความกังวลเกี่ยวกับอัตราเงินเฟ้อ 3) ปัจจัยด้านการเมืองที่เริ่มคลี่คลายในทางที่ดีขึ้น โดยในวันที่ 8 ต.ค.49 พระบาทสมเด็จพระเจ้าอยู่หัวได้มีพระบรมราชโองการโปรดเกล้าฯ แต่งตั้งคณะรัฐมนตรีตามความในมาตรา 14 ของรัฐธรรมนูญแห่งราชอาณาจักรไทย ฉบับชั่วคราว พ.ศ.2549 โดยให้พล.อ.สุรยุทธ์  จุลานนท์ ดำรงตำแหน่งนายกรัฐมนตรี และคณะรัฐมนตรีทั้งคณะก็ได้รับการตอบรับที่ดีจากประชาชนและนักลงทุน โดยเฉพาะตำแหน่งสำคัญทางเศรษฐกิจคือ ม.ร.ว.ปรีดิยาธร  เทวกุลเป็นรองนายกฯ และรมต.การคลัง นายโฆษิต ปั้นเปี่ยมรัษฎ์ เป็นรองนายกฯและรมต.อุตสาหกรรม  4) ดัชนีราคาผู้บริโภคทั่วไป (CPI) ของไทยของเดือนก.ย. ที่เพิ่มขึ้นเพียง  2.7% ตามการปรับตัวลดลงของราคาน้ำมัน 5) คณะกรรมนโยบายการเงิน ธปท.มีมติคงอัตราดอกเบี้ยซื้อคืนพันธบัตร (R/P) 14 วันที่ระดับ 5.00% 6) ธปท.คาดการณ์การขยายตัวจีดีพีปี’49เพิ่ม เป็น 4.50 – 5.00% จากเดิม 4.00 – 5.00% และคาดการณ์ปี’50 เพิ่มขึ้นเป็น 4.50 – 5.50% จากเดิม 4.00 – 5.30% จากสมมติฐานราคาน้ำมันลดลง และการใช้จ่ายภาครัฐเร็วกว่าที่คาด  เงินเฟ้อปี’49 คาดไว้ที่ 4.30 – 4.80%  และปี’50 อยู่ที่ 1.50 – 3.00% ดัชนีหลักทรัพย์ปรับตัวขึ้นระดับสูงสุดของเดือนที่ 738.42 จุด ในวันที่ 26 ต.ค. ตามแรงซื้อของนักลงทุนต่างตามแรงซื้อของนักลงทุนต่างชาติ  ตลอดทั้งเดือนนักลงทุนต่างชาติเป็นผู้ซื้อสุทธิ 18,269.98  ล้านบาท และนักลงทุนรายย่อยเป็นผู้ขายสุทธิ  12,042.38 ล้านบาท  ส่วนนักลงทุนสถาบันเป็นผู้ขายสุทธิ 6,227.60 ล้านบาท </News1><News2>&#13;&#09;ในระยะสั้น ผู้จัดการกองทุนคาดว่าตลาดหุ้นน่าจะปรับตัวเพิ่มขึ้นได้ตามแนวโน้มของตลาดหุ้นทั่วโลกจากเม็ดเงินที่นักลงทุนกลับเข้าลงทุน เนื่องจากการปรับตัวลงของราคาน้ำมันและความคาดหวังของการปรับลดดอกเบี้ยในอนาคต คาดว่าตลาดจะเคลื่อนไหวอยู่ในช่วง 710-740 จุด </News2><News3>&#13;&#09;</News3><News4>&#13;&#09;</News4><News5></News5><News6></News6> </Data>  </FundReport> 
