<?xml version="1.0"?>
<FundReport>
   <Data Fund=" Master File">
      <News1>ภาวะการลงทุนในเดือนกุมภาพันธ์ยังคงสดใสต่อเนื่องจากเดือนที่แล้ว ดัชนีตลาดหลักทรัพย์ฯ ปรับตัวเพิ่มขึ้นอีก 39.64 จุดหรือเพิ่มขึ้นร้อยละ 5.65 ด้วยปริมาณซื้อขายเฉลี่ยวันละ 22,800 ล้านบาท โดยดัชนีปิดที่ 741.55 จุด จากดัชนีที่ 701.91 จุด ณ สิ้นเดือนมกราคม 2548 แม้ตลาดหุ้นจะมีความผันผวนในบางช่วง ซึ่งได้รับผลกระทบจากปัจจัยหลักๆที่เข้ามาในตลาดดังนี้ 1) แรงซื้อของนักลงทุนต่างชาติที่ยังคงเข้ามาในตลาดหุ้นไทยอย่างต่อเนื่องอีกกว่า 31,600 ล้านบาท 2) พรรคไทยรักไทยชนะการเลือกตั้งทั่วไปอย่างถล่มทลายและคาดว่าจะเป็นรัฐบาลพรรคเดียว ทำให้นักลงทุนมองว่าการเมืองของไทยจะมีเสถียรภาพมากยิ่งขึ้น 3) การประกาศผลกำไรที่ดีกว่าคาดของปี 2547ของหุ้นกลุ่มหลักๆ โดยเฉพาะกลุ่มธนาคารพาณิชย์ กลุ่มพลังงาน กลุ่มก่อสร้าง กลุ่มปิโตรเคมี และการประกาศจ่ายเงินปันผลในอัตราที่สูง 4) ราคาน้ำมันในตลาดโลกปรับตัวสูงขึ้นมาก และรัฐบาลประกาศปรับราคาน้ำมันดีเซลอีกลิตรละ 60 สตางค์หลังจากที่รัฐแบกรับภาระแทนประมาณ 70,000 ล้านบาท </News1>
      <News2>ในระยะสั้น ภาวะการลงทุนในตลาดหุ้นน่าจะอยู่ในช่วงปรับฐาน เนื่องจากหุ้นปรับตัวเพิ่มขึ้นตลอดสองเดือนตอบรับข่าวดีต่างๆไปมากแล้ว โดยปัจจัยที่ต้องติดตามอย่างใกล้ชิดคือแรงซื้อของนักลงทุนต่างชาติ ดังนั้น หากนักลงทุนต่างชาติเริ่มเทขายทำกำไรก็น่าจะทำให้ตลาดหุ้นมีความผันผวนปรับตัวลดลงได้ อย่างไรก็ตาม ผู้จัดการกองทุนเชื่อว่าดัชนีตลาดหลักทรัพย์ที่ระดับ 700 จุด จะเป็นจุดให้ทยอยสะสมหุ้นปัจจัยพื้นฐานที่ดีอีกครั้งหนึ่ง ซึ่งผู้จัดการกองทุนจะบริหารกองทุนของท่านอย่างเต็มความสามารถ</News2>
      <News3 />
      <News4 />
      <News5 />
      <News6 />
   </Data>
</FundReport>