<?xml version='1.0'?><FundReport><Data Fund='Master File'><News1>&#09;ดัชนีตลาดหลักทรัพย์ในเดือนพฤศจิกายน ปิดที่ 739.06 จุด ปรับตัวเพิ่มขึ้น 16.60 จุด หรือ 2.30% จากราคาปิด ณ สิ้นเดือนตุลาคม ปิดที่ 722.46 จุด โดยดัชนีตลาดหลักทรัพย์แกว่งตัวขึ้นลงอยู่ในกรอบ 720 – 740 จุดตามแรงเทขายทำกำไรระยะสั้น ในระหว่างเดือนปัจจัยต่างๆที่มีผลต่อภาวะการลงทุนมีดังนี้ 1) นักลงทุนกลับเข้าซื้อลงทุนในตลาดหุ้นมากขึ้น ทำให้ตลาดหุ้นทั่วโลกปรับตัวเพิ่มขึ้นต่อเนื่องจากเดือนก่อน และคาดว่าอัตราดอกเบี้ยของธนาคารกลางสหรัฐน่าจะปรับลดลงในช่วงต้นปีหน้า 2) ราคาน้ำมันในตลาดโลกยังคงทรงตัว แม้ว่าจะปรับเพิ่มขึ้นเหนือระดับ 60 เหรียญ สรอ. ต่อบาร์เรล ในช่วงปลายเดือน เนื่องจากความต้องการใช้น้ำมันที่ยังเติบโตพอสมควรและเข้าสู่ในช่วงฤดูหนาว 3) ค่าเงินบาทปรับตัวแข็งขึ้นอย่างรวดเร็วจาก 36.675 บาท ต่อดอลลาร์ สรอ. ณ สิ้นเดือน ต.ค. มาที่ 35.88 บาท ณ สิ้นเดือน พ.ย. เนื่องจากมีเงินทุนไหลเข้าลงทุนทั้งในตลาดพันธบัตรและตลาดหุ้น โดยเงินบาทแข็งค่าขึ้นมากกว่าร้อยละ 12 ซึ่งปรับตัวเพิ่มขึ้นมากกว่าสกุลเงินอื่นๆเมื่อเทียบกับต่อดอลลาร์ สรอ. ตลอดทั้งเดือนนักลงทุนต่างชาติเป็นผู้ซื้อสุทธิ 2,605.77  ล้านบาท และนักลงทุนสถาบันเป็นผู้ซื้อสุทธิ 5,425.62 ล้านบาท ส่วนนักลงทุนรายย่อยเป็นผู้ขายสุทธิ  8,031.39 ล้านบาท </News1><News2>&#13;&#09;ในระยะสั้น ผู้จัดการกองทุนคาดว่าจะยังคงมีเงินทุนของนักลงทุนต่างชาติไหลเข้าตลาดหุ้นเพิ่มอีก แต่อาจมีแรงเทขายทำกำไรระยะสั้นบ้าง อย่างไรก็ตาม คาดว่าตลาดหุ้นจะยังปรับตัวเพิ่มขึ้นตามแนวโน้มของตลาดหุ้นทั่วโลกจากเงินทุนที่กลับเข้าลงทุนในช่วงปลายปี และตลาดน่าจะเคลื่อนไหวอยู่ในช่วง 730-760 จุด </News2><News3>&#13;&#09;</News3><News4>&#13;&#09;</News4><News5></News5><News6></News6> </Data>  </FundReport> 
