<?xml version='1.0'?><FundReport><Data Fund='Master File'><News1>&#09;ดัชนีตลาดหลักทรัพย์ในเดือนกุมภาพันธ์ ปิดที่ 677.13 จุด ปรับตัวเพิ่มขึ้น 23.09 จุด หรือ 3.58% จากราคาปิด ณ สิ้นเดือนมกราคม ที่   654.04 จุด โดยดัชนีหลักทรัพย์สามารถฟื้นตัวขึ้นจากเดือนที่แล้ว และตามการปรับตัวเพิ่มขึ้นของตลาดหุ้นต่าง ๆ และ ราคาสินค้าโภคภัณฑ์ (commodities) ทั่วโลก โดยมีปัจจัยที่สำคัญคือ 1) การประกาศตัวเลข GDP  ไตรมาส 4/49 ของสหรัฐฯที่เพิ่มขึ้น 3.50% ซึ่งสูงกว่าที่ตลาดคาดไว้ที่ 3.00% โดยทั้งปี49 GDP ขยายตัว 3.4%  ทำให้ความกังวลกับการชะลอตัวของเศรษฐกิจโลกหายไป 2) แรงซื้ออย่างต่อเนื่องของนักลงทุนที่ยังคงไหลเข้าลงทุนในตลาดหุ้นทั่วโลก 3) ธนาคารพาณิชย์หลายแห่งเริ่มทยอยปรับลดอัตราดอกเบี้ยเงินฝากลง 0.25% -0.50% ก่อนที่คณะกรรมการนโยบายการเงิน ธปท. จะปรับลดอัตราดอกเบี้ย R/P 1 วันอีก 0.25% อยู่ที่ 4.50% ตามที่ตลาดคาดไว้ในวันที่ 28 ก.พ. เพื่อกระตุ้นเศรษฐกิจ ขณะที่แรงกดดันด้านเงินเฟ้อมีไม่มาก 4) กระทรวงการคลัง ปรับลดคาดการณ์อัตราขยายตัวเศรษฐกิจปีนี้ อยู่ที่ 4.00 – 4.50% จากเดิมที่เคยคาดไว้ 4.00 – 5.00% จากการส่งออกสินค้าและบริการ ชะลอตัวลงตามภาวะเศรษฐกิจของประเทศคู่ค้า ดัชนีหลักทรัพย์ปรับขึ้นทำระดับสูงสุดของเดือนที่ 701.85 จุด ในวันที่ 15 ก.พ. ส่วนปลายเดือนตลาดหุ้นปรับตัวลงตามแรงขายทำกำไรในตลาดหุ้นทั่วโลก และการประกาศลาออกของ ม.ร.ว.ปรีดิยาธร เทวกุล จากตำแหน่งรองนายกฯและรมว.คลัง สร้างความประหลาดใจแก่นักลงทุน ซึ่งทำให้นักลงทุนขาดความเชื่อมั่นในความเป็นเอกภาพของรัฐบาล ตลอดทั้งเดือนนักลงทุนต่างชาติเป็นผู้ซื้อสุทธิ 17,531.10 ล้านบาท ส่วนนักลงทุนรายย่อยเป็นผู้ขายสุทธิ  11,786.89 ล้านบาท  และนักลงทุนสถาบันเป็นผู้ขายสุทธิ 5,744.20 ล้านบาท </News1><News2>&#13;&#09;ในระยะสั้น ผู้จัดการกองทุนคาดว่าตลาดหุ้นอาจจะยังผันผวนได้ โดยยังคงต้องติดตามภาวะการลงทุนของตลาดหุ้นในต่างประเทศและผู้ที่จะมารับตำแหน่ง รมว. คลังคนใหม่ อย่างไรก็ตาม ตลาดหุ้นยังพอได้แรงหนุนจากบริษัทจดทะเบียนต่างๆที่ประกาศจ่ายเงินปันผลด้วยอัตราผลตอบแทนที่ดี</News2><News3>&#13;&#09;</News3><News4>&#13;&#09;</News4><News5></News5><News6></News6> </Data>  </FundReport> 
