<?xml version='1.0'?><FundReport><Data Fund='Master File'><News1>&#09;ดัชนีตลาดหลักทรัพย์ในเดือนธันวาคม ปิดที่ 679.84 จุด ปรับตัวลดลงถึง 59.22 จุด หรือ 8.01% จากราคาปิด ณ สิ้นเดือนพฤศจิกายน ปิดที่ 739.06 จุด โดยดัชนีตลาดหลักทรัพย์ปรับตัวลดลงมากจากปัจจัยต่างๆที่มีผลต่อภาวะการลงทุนมีดังนี้ 1) แรงเทขายของนักลงทุนต่างประเทศอย่างหนัก ซึ่งกังวลถึงมาตรการของธนาคารแห่งประเทศไทยที่ออกมาเพื่อควมคุมการเก็งกำไรค่าเงินบาทของนักลงทุนต่างประเทศ โดยหากนักลงทุนต่างประเทศนำเงินเข้ามาลงทุนในประเทศไทยจะต้องสำรองเงินไว้ที่ธนาคารแห่งประเทศไทยร้อยละ 30 ทันที และเมื่อต้องการนำเงินกลับประเทศก่อนระยะเวลา 1 ปี ก็จะถูกหักไว้ร้อยละ 10 แต่หากลงทุนนานกว่า 1 ปี ก็จะได้รับเงินคืนทั้งจำนวน ทำให้นักลงทุนต่างประเทศเทขายหุ้นที่ถืออยู่ออกทันที ซึ่งแรงขายของนักลงทุนต่างประเทศที่มีเข้ามามากได้กดดันให้ดัชนีตลาดหลักทรัพย์ฯ ปรับตัวลดลงอย่างรุนแรงที่สุดในประวัติศาสตร์ ปิดที่ 622.14 จุด โดยลดลงถึง 107.41 จุด หรือร้อยละ 14.84 ในวันที่ 19 ธันวาคม 2549 อย่างไรก็ตาม ในช่วงค่ำวันเดียวกัน ธนาคารแห่งประเทศไทยได้กลับลำโดยประกาศยกเว้นการกันสำรองเงินที่ร้อยละ 30 สำหรับการลงทุนในตลาดหุ้น ทำให้ตลาดหุ้นดีดกลับมาปิดที่ 691.55 จุด ในวันที่ 20 ธันวาคมได้  2) ค่าเงินบาทปรับตัวผันผวนอย่างมากจากระดับ 35.15 บาท ต่อดอลลาร์ สรอ. จนถึงระดับ 36.58 บาท จากมาตราการดังกล่าวของ ธปท. ที่ต้องการสกัดการเก็งกำไรค่าเงินบาทและต้องการให้ค่าเงินบาทอ่อนเพื่อช่วยการส่งออกของประเทศ ตลอดทั้งเดือนนักลงทุนต่างชาติเป็นผู้ขายสุทธิ 31,923.73  ล้านบาท ส่วนนักลงทุนสถาบันเป็นผู้ซื้อสุทธิ 13,879.87 ล้านบาท และนักลงทุนรายย่อยเป็นผู้ซื้อสุทธิ  18,043.86 ล้านบาท </News1><News2>&#13;&#09;ในระยะสั้น ผู้จัดการกองทุนคาดว่าอาจจะยังคงมีแรงเทขายหุ้นของนักลงทุนต่างประเทศเพิ่มได้อีก เนื่องจากขาดความเชื่อมั่นในมาตรการของธนาคารแห่งประเทศไทย ซึ่งต้องการสกัดการแข็งค่าของเงินบาทและควบคุมการไหลเข้าออกของเงินทุน อีกทั้งตลาดหุ้นยังขาดปัจจัยบวกเข้ามากระตุ้นภาวะการลงทุน ทำให้คาดว่าตลาดหุ้นน่าจะซบเซาไปสักระยะหนึ่ง </News2><News3>&#13;&#09;</News3><News4>&#13;&#09;</News4><News5></News5><News6></News6> </Data>  </FundReport> 
