<?xml version='1.0'?><FundReport><Data Fund='Master File'><News1>&#09;ดัชนีตลาดหลักทรัพย์ในเดือนกรกฎาคม ปิดที่ 691.49 จุด ปรับตัวเพิ่มขึ้น 13.36 จุด หรือ 1.97% จากราคาปิด ณ สิ้นเดือนมิถุนายน ที่ 678.13 จุด โดยราคาหุ้นปรับตัวผันผวนลงไปถึงจุดต่ำสุดที่ 650.69 จุดในช่วงกลางเดือน และเริ่มฟื้นตัวดีขึ้นในครึ่งหลัง ซึ่งมีปัจจัยหลักๆที่มีผลกระทบต่อภาวะการลงทุนคือ 1) นักลงทุนวิตกกังวลเกี่ยวกับเกาหลีเหนือทดลองยิงขีปนาวุธพิสัยไกล ตกลงในทะเลญี่ปุ่นซึ่งเป็นวันชาติสหรัฐฯ และความตึงเครียดที่เพิ่มความรุนแรงมากขึ้นอาจก่อให้เกิดสงครามในตะวันออกกลาง ทำให้ราคาน้ำมันพุ่งสูงถึง 76.80 เหรียญ สรอ. ต่อบาร์เรล  2) คำแถลงของประธานธนาคารกลางสหรัฐฯเกี่ยวกับอัตราเงินเฟ้อที่คลายตัวลงรวมถึงเศรษฐกิจที่ชะลอตัวลงในไตรมาสที่สองที่โตเพียง 2.5% ต่ำกว่าที่คาดไว้ที่ 3% ทำให้นักลงทุนคาดการณ์ว่าอัตราดอกเบี้ยของสหรัฐฯใกล้ถึงจุดสูงสุดแล้ว 3) พระบาทสมเด็จพระเจ้าอยู่หัวทรงลงพระปรมาภิไธยโปรดเกล้าฯ พรฎ. เลือกตั้งวันที่ 15 ต.ค. และศาลอาญาตัดสินให้ กกต. ทั้งสามคนมีความผิดและต้องเข้าขบวนการสรรหาใหม่ นับเป็นข่าวดีที่ทำให้การเมืองมีความชัดเจนและประชาชนมั่นใจว่าการเลือกตั้งในเดือน ต.ค. จะมีความบริสุทธิ์ยุติธรรมมากขึ้น 4) ธปท. ประกาศลดเป้าการเติบโตเศรษฐกิจลงเหลือ 4-5% จากเดิมที่ 4.25-5.25% เนื่องจากการลงทุนที่ชะลอตัวลงเหลือ 5% จากเดิมที่ 8%  ตลอดทั้งเดือนนักลงทุนต่างชาติกลับมาเป็นผู้ซื้อสุทธิ 9,671.37 ล้านบาท ส่วนนักลงทุนสถาบันเป็นผู้ขายสุทธิ 9,228.96 ล้านบาท และนักลงทุนรายย่อยเป็นผู้ขายสุทธิ 442.41 ล้านบาท</News1><News2>&#13;&#09;หลังจากที่ตลาดหลักทรัพย์ฯสามารถดีดกลับมาใกล้ระดับ 700 จุด รับข่าวดีจากปัจจัยการเมืองที่คลี่คลายไปในทางที่ดีขึ้นมาก ในระยะสั้น คาดว่าตลาดน่าจะแกว่งตัวอยู่ในกรอบแคบๆ เพื่อรอดูปัจจัยใหม่ๆที่จะมีผลต่อภาวะการลงทุน รวมถึงการประกาศผลการดำเนินงานในไตรมาสสองของบริษัทจดทะเบียน และแนวโน้มอัตราดอกเบี้ยของสหรัฐฯ จากการประชุมของธนาคารกลางสหรัฐฯในวันที่ 8 ส.ค. นี้ อย่างไรก็ตาม บลจ. ธนชาต จะใช้ความสามารถและความระมัดระวังในการบริหารกองทุนส่วนบุคคลของท่านอย่างเต็มที่</News2><News3>&#13;&#09;</News3><News4>&#13;&#09;</News4><News5></News5><News6></News6> </Data>  </FundReport> 
