<?xml version="1.0"?>
<FundReport>
   <Data Fund=" Master File">
      <News1>ในเดือนมกราคม ภาวะการลงทุนในตลาดหุ้นไทยมีความผันผวนมาก โดยดัชนีตลาดหลักทรัพย์ฯ ปรับลดลงจาก 764.23 จุด ณ สิ้นเดือนธันวาคม มาปิดที่ 698.90 จุด ณ สิ้นเดือนธันวาคม หรือคิดเป็นร้อยละ 9.35 ด้วยปริมาณการซื้อขายต่อวัน 41,172 ล้านบาท ใกล้เคียงกับเดือนที่แล้วที่ 41,287 ล้านบาทต่อวัน ปัจจัยที่มีผลกระทบอย่างมากต่อภาวะการลงทุนของตลาดหุ้นไทยในเดือนที่ผ่านมา คือเรื่องการระบาดของไข้หวัดนกซึ่งมีการแพร่กระจายไปในหลายจังหวัดและพบว่ามีผู้ติดเชื้อมากขึ้น แม้จะยังไม่มีหลักฐานชี้ชัดว่าเชื้อดังกล่าวจะสามารถติดต่อระหว่างคนไปสู่คนได้ แต่นักลงทุนก็หวาดวิตกและถือเป็นโอกาสของนักลงทุนต่างประเทศในการขายทำกำไรเพื่อลดสัดส่วนการลงทุนในไทยและย้ายไปลงทุนในตลาดหุ้นอื่น อย่างเช่น ประเทศเกาหลีซึ่งราคาหุ้นยังไม่สูงมากเมื่อเทียบกับราคาหุ้นในตลาดหลักทรัพย์ของไทยซึ่งปรับตัวขึ้นมากว่า 116 % ในปีที่ผ่านมา นอกจากนี้ปัจจัยอื่นที่ยังเป็นผลลบต่อดัชนี เช่น สถานการณ์ความไม่สงบใน 3 จังหวัดภาคใต้ และข่าวลือการล้างขาดทุนสะสมของ บมจ. ทีพีไอโดยการลดทุนจดทะเบียน</News1>
      <News2 />
      <News3 />
      <News4 />
      <News5 />
      <News6 />
   </Data>
</FundReport>