<?xml version='1.0'?><FundReport><Data Fund='Master File'><News1>&#09;ดัชนีตลาดหลักทรัพย์ในเดือนส.ค. ปิดที่ 697.85 จุด ปรับตัวเพิ่มขึ้นได้ 22.18 จุด หรือร้อยละ 3.28 จากดัชนีตลาดหลักทรัพย์ ณ สิ้นเดือนก.ค. ปิดที่ 675.67 จุด โดยได้รับแรงซื้อจากนักลงทุนต่างประเทศเป็นหลัก จากปัจจัยที่สนับสนุนแรงซื้อคือ หุ้นของไทยมีราคาถูกกว่าประเทศเพื่อนบ้าน หุ้นไทยปรับตัวขึ้นน้อยกว่าตลาดหุ้นอื่นๆในเอเซียด้วยกัน อีกทั้งนักลงทุนเชื่อว่าแนวโน้มเศรษฐกิจในช่วงครึ่งปีหลังจะค่อยๆฟื้นตัวดีขึ้น จากปริมาณการส่งออกที่สูงมากขึ้นและการนำเข้าน้ำมันที่ลดลงจากราคาน้ำมันที่สูงขึ้นมากทำให้ประชาชนใช้น้ำมันน้อยลง นักลงทุนเริ่มเห็นสัญญาณที่ดีขึ้นจากการประกาศตัวเลขดุลบัญชีเดินสะพัดในเดือนก.ค.ที่กลับมาเป็นบวกได้ที่ 169 ล้านเหรียญ สรอ. จากที่ในครึ่งปีแรกดุลบัญชีเดินสะพัดของประเทศไทยติดลบเฉลี่ยเดือนละประมาณ 1 พันล้านเหรียญ สรอ. สำหรับการประกาศผลการดำเนินงานประจำไตรมาสสองของบริษัทจดทะเบียนมีอัตราการเติบโตของผลกำไรที่ร้อยละ 13 ซึ่งชะลอตัวลงจากไตรมาสที่หนึ่งที่กำไรเติบโตร้อยละ 30 เมื่อเปรียบเทียบกับช่วงเวลาเดียวกันกับปีที่แล้ว   ตลอดทั้งเดือนนี้นักลงทุนต่างชาติยังคงเป็นผู้ซื้อสุทธิเพิ่มอีก 17,879.60 ล้านบาท นักลงทุนสถาบันเป็นผู้ขายสุทธิ 8,630.10 ล้านบาท และนักลงทุนรายย่อยเป็นผู้ขายสุทธิ 9,249.51 ล้านบาท</News1><News2>&#13;&#09;</News2><News3>&#13;&#09;</News3><News4>&#13;&#09;</News4><News5></News5><News6></News6> </Data>  </FundReport> 
