<?xml version='1.0'?><FundReport><Data Fund='Master File'><News1>&#09;ดัชนีตลาดหลักทรัพย์ในเดือนเมษายน 2549 ปิดที่ 768.29 จุด ปรับตัวเพิ่มขึ้น 35.04 จุด หรือ 4.78% จากราคาปิด ณ สิ้นเดือน มีนาคม ที่ 733.25 จุด โดยราคาหลักทรัพย์ปรับตัวเพิ่มขึ้นตั้งแต่ต้นเดือนหลังจากที่การเลือกตั้งในวันที่ 2 เมษายน ผ่านไปด้วยดี และไม่มีเหตุการณ์การชุมนุมประท้วงที่รุนแรงเกิดขึ้น โดยมีปัจจัยภายในประเทศที่สำคัญคือ การประกาศเว้นวรรคทางการเมืองของ พ.ต.ท.ทักษิณ ชินวัตร ในวันที่ 4 เมษายน โดยไม่ขอรับตำแหน่งนายกรัฐมนตรีในสมัยต่อไป และให้พล.ต.อ.ชิดชัย  วรรณสถิตย์ ทำหน้าที่ปฏิบัติราชการแทนนายกรัฐมนตรี ทำให้นักลงทุนมองว่าปัจจัยทางการเมืองที่คลุมเครือมานานน่าจะคลี่คลายไปได้ด้วยดี และนักลงทุนน่าจะเพิ่มน้ำหนักการลงทุนในประเทศไทยขึ้น ส่วนปัจจัยต่างประเทศที่สำคัญคือ การปรับตัวแข็งค่าขึ้นของเงินบาท ซึ่งเป็นไปตามการปรับตัวขึ้นของค่าเงินสกุลหลักในแถบเอเชีย โดยค่าเงินบาทปรับตัวแข็งค่าขึ้นตลอดทั้งเดือนและปิดที่ระดับ 37.52 บาทต่อดอลลาร์สหรัฐ ซึ่งเท่ากับปรับตัวขึ้นประมาณ 8.52% เมื่อเทียบกับราคาปิดเมื่อวันสิ้นปี ที่ 41.015 บาทต่อดอลลาร์สหรัฐ  เนื่องจากนักลงทุนมองว่าค่าเงินดอลลาร์สหรัฐน่าจะปรับตัวอ่อนค่าลงไปอีกเมื่อเทียบกับกับค่าเงินเอเชีย ทำให้มีการเคลื่อนย้ายเงินลงทุนมาในภูมิภาคเอเชียมากขึ้น นอกจากนี้ข่าวการลดครองการถือสินทรัพย์ที่เป็นสกุลดอลลาร์ของธนาคารกลางในประเทศต่าง ๆ และเพิ่มการถือครองสินทรัพย์ในสกุลอื่นแทน ส่งผลให้ค่าเงินดอลลาร์ปรับตัวผันผวนในขาลง ตลาดหลักทรัพย์ปรับตัวขึ้นทำจุดสูงสุดของเดือนในวันที่ 24 เม.ย. ที่ระดับ 778.26 จุด จากจุดต่ำสุดที่ระดับ 728.00 จุด ในวันที่ 3 เม.ย.  การปรับขึ้นของราคาน้ำมันดิบก็เป็นอีกปัจจัยหลักที่ทำให้ดัชนีหลักทรัพย์ปรับตัวขึ้นได้ เนื่องจากนักลงทุนเพิ่มน้ำหนักการลงทุนในหุ้นกลุ่มพลังงานขึ้นอีก โดยคาดว่าผลประกอบการในกลุ่มนี้จะออกมาดี เนื่องจากราคาน้ำมันมีความเป็นไปได้ที่จะทรงตัวอยู่ในระดับสูง จากสถานการณ์ตึงเครียดระหว่างชาติตะวันตกกับอิหร่าน กรณีโครงการนิวเคลียร์ของอิหร่านซึ่งอิหร่านเป็นผู้ผลิตน้ำมันรายใหญ่ของโลก ตลอดทั้งเดือนนักลงทุนต่างชาติเป็นผู้ซื้อสุทธิ 18,437.97 ล้านบาท ส่วนนักลงทุนสถาบันเป็นผู้ขายสุทธิ 2,292.41 ล้านบาท และนักลงทุนรายย่อยเป็นผู้ขายสุทธิ 16,145.56 ล้านบาท</News1><News2>&#13;&#09;จากการที่สถานการณ์การเมืองคลี่คลายไปในทิศทางที่ดีขึ้น ทำให้ภาวะการลงทุนกลับมาคึกคักขึ้น ผู้จัดการกองทุนคาดว่า ตลาดหุ้นไทยน่าจะปรับตัวในทิศทางขาขึ้นได้ ด้วยแรงหนุนจากเม็ดเงินที่ยังคงไหลเข้าในตลาดหุ้นแถบเอเซียอย่างต่อเนื่อง ส่วนปัจจัยที่ยังต้องติดตามใกล้ชิดคือราคาน้ำมันในตลาดโลกที่ยังพุ่งสูงขึ้น ที่อาจส่งผลกระทบต่อภาวะเศรษฐกิจถดถอยทั่วโลก </News2><News3>&#13;&#09;</News3><News4>&#13;&#09;</News4><News5></News5><News6></News6> </Data>  </FundReport> 
