<?xml version='1.0'?><FundReport><Data Fund='Master File'><News1>&#09;ดัชนีตลาดหลักทรัพย์ในเดือนพฤษภาคม 2549 ปิดที่ 709.43 จุด ปรับตัวลดลง 58.86 จุด หรือ 7.66% จากราคาปิด ณ สิ้นเดือนเมษายน ที่ 768.29 จุด โดยราคาหลักทรัพย์ปรับตัวเพิ่มขึ้นต่อถึง 787.55 จุดในช่วงสองสัปดาห์แรกของเดือนจากเม็ดเงินที่ไหลเข้าของนักลงทุนต่างประเทศ หลังจากนั้นตลาดหุ้นปรับตัวลดลงอย่างมากจากการที่นักลงทุนวิตกกังวลเกี่ยวกับอัตราดอกเบี้ยของสหรัฐฯ ที่มีแนวโน้มจะปรับตัวเพิ่มขึ้นต่อเนื่องได้อีก จากผลกระทบของอัตราเงินเฟ้อที่พุ่งสูงขึ้นตามราคาน้ำมัน และราคาสินค้าโภคภัณฑ์ในตลาดล่วงหน้า เช่น ราคาทองคำ แพลทตินั่ม ทองแดง ถูกเทขายทำกำไรอย่างหนักจากกองทุนเฮดจ์ฟันด์ หลังจากที่ราคาสินค้าโภคภัณฑ์ดังกล่าวปรับตัวสูงขึ้นทำราคานิวไฮในรอบ 25 ปี ทำให้มีคำสั่งขายหุ้นของนักลงทุนต่างประเทศที่ต้องการลดความเสี่ยงจากการถือครองหุ้นในช่วงสั้น ทำให้ตลาดหุ้นในประเทศต่างๆ ทั่วโลกรวมทั้งตลาดหุ้นไทยปรับตัวลดลงอย่างรุนแรง ปัจจัยในประเทศที่ส่งผลลบคือ ภาวะสุญญากาศทางการเมืองที่รอให้มีการเลือกตั้งใหม่ในวันที่ 15 ตุลาคม และตั้งรัฐบาลใหม่ซึ่งกินเวลาอีกหลายเดือน ขณะที่เศรษฐกิจโดยรวมเริ่มชะลอตัวลงจากผลกระทบจากราคาน้ำมันที่ทรงตัวอยู่ในระดับสูงที่ 70 เหรียญ และการชะลอตัวทางเศรษฐกิจที่ยังคงบั่นทอนความเชื่อมั่นของนักลงทุน ตลอดทั้งเดือนนักลงทุนต่างชาติเป็นผู้ขายสุทธิ 34,410.69 ล้านบาท ส่วนนักลงทุนสถาบันเป็นผู้ซื้อสุทธิ 12,763.54 ล้านบาท และนักลงทุนรายย่อยเป็นผู้ซื้อสุทธิ 21,647.16 ล้านบาท</News1><News2>&#13;&#09;ในระยะสั้น ตลาดหลักทรัพย์ฯ น่าจะยังผันผวนอยู่และทิศทางของตลาดหุ้นยังปกคลุมไปด้วยหลายปัจจัย คือ ทิศทางอัตราดอกเบี้ยของสหรัฐฯ แรงเทขายของนักลงทุนต่างชาติ ความไม่แน่นอนทางการเมือง ผู้จัดการกองทุนเชื่อว่า  การปรับตัวลดลงของตลาดหุ้นไทยในครั้งนี้เป็นการปรับตัวลดลงต่ำกว่าปัจจัยพื้นฐาน และดัชนีตลาดหลักทรัพย์ฯ ในระดับปัจจุบันที่ประมาณ 700 จุด คิดเป็นค่า P/E เพียง 9.2 เท่า ซึ่งต่ำกว่าตลาดหุ้นเพื่อนบ้านทั้งหมด ทำให้ผู้จัดการกองทุนคาดว่าในระยะปานกลางถึงระยะยาว ตลาดหุ้นไทยน่าจะกลับมาปรับตัวเพิ่มขึ้นได้ อย่างไรก็ตาม บลจ. ธนชาต จะใช้ความสามารถและความระมัดระวังในการบริหารกองทุนส่วนบุคคลของท่านอย่างเต็มที่</News2><News3>&#13;&#09;</News3><News4>&#13;&#09;</News4><News5></News5><News6></News6> </Data>  </FundReport> 
