<?xml version='1.0'?><FundReport><Data Fund='Master File'><News1>&#09;ดัชนีตลาดหลักทรัพย์ฯ เดือนเมษายน ปิดที่ 699.16 จุด เพิ่มขึ้น 25.45 จุด หรือ 3.78% จากราคาปิด ณ สิ้นเดือนมีนาคม ที่ 673.71 จุด โดยปัจจัยสำคัญที่มีผลกระทบต่อภาวะการลงทุน ได้แก่ 1) ธปท. ประกาศปรับลดอัตราดอกเบี้ยนโยบายลงอีก 0.50% ในการประชุมวันที่ 11 เมษายน และนักลงทุนคาดว่าอัตราดอกเบี้ยยังคงสามารถลดลงได้อีกเพื่อกระตุ้นเศรษฐกิจที่ชะลอตัว 2) ธนาคารพาณิชย์หลายแห่งปรับลดอัตราดอกเบี้ยเงินฝากลงอีก 0.50% และปรับลดอัตราดอกเบี้ยเงินกู้ MLR ลง 0.25% 3) ราคาน้ำมันที่ยังคงอยู่ในระดับสูง เนื่องจากโรงกลั่นหลายแห่งในสหรัฐฯ ปิดซ่อมบํารุง 4) กระทรวงพาณิชย์รายงานมูลค่าการส่งออกในเดือนมีนาคม 12,926 ล้านดอลลาร์ สรอ. ขยายตัว 19% และมูลค่าการนำเข้า 10,726 ล้านดอลลาร์ สรอ. ปรับตัวลดลง 0.5% ทำให้ดุลการค้าเกินดุล 2,201 ล้านดอลลาร์ สรอ. 5) ธปท.ประกาศปรับลดตัวเลขประมาณการขยายตัวทางเศรษฐกิจ (GDP) ปี 2550 เหลือ 3.8-4.8% จากเดิม 4.0-5.0% เนื่องจากการลงทุนและการบริโภคในประเทศปรับตัวลดลง ซึ่งส่งผลกระทบต่อภาพรวมเศรษฐกิจ ตลอดทั้งเดือนนักลงทุนต่างชาติเป็นผู้ซื้อสุทธิ 11,715 ล้านบาท และนักลงทุนสถาบันเป็นผู้ซื้อสุทธิ 445 ล้านบาท ส่วนนักลงทุนรายย่อยเป็นผู้ขายสุทธิ 12,160 ล้านบาท  </News1><News2>&#13;&#09;ในระยะสั้น ผู้จัดการกองทุนคาดว่าดัชนีตลาดหลักทรัพย์ฯ น่าจะแกว่งตัวขึ้นลงอยู่ในกรอบ 680–710 จุด และนักลงทุนยังต้องติดตามปัจจัยทางการเมืองอย่างใกล้ชิด โดยเฉพาะการแสดงความคิดเห็นต่อร่างรัฐธรรมนูญและม็อบต่างๆ ที่มาชุมนุมกัน นอกจากนี้คณะตุลาการรัฐธรรมนูญ นัดฟังคำวินิจฉัยคดียุบพรรคประชาธิปัตย์ และพรรคไทยรักไทยในปลายเดือนพฤษภาคมนี้</News2><News3>&#13;&#09;</News3><News4>&#13;&#09;</News4><News5></News5><News6></News6> </Data>  </FundReport> 
