<?xml version='1.0'?><FundReport><Data Fund='Master File'><News1>&#09;ดัชนีตลาดหลักทรัพย์ในเดือนก.ค. ปิดที่ 859.76 จุด ปรับตัวเพิ่มขึ้น 82.97 จุด หรือประมาณ  10.68 % จากราคาปิด ณ สิ้นเดือนมิ.ย. ที่   776.79 จุด โดยดัชนีตลาดหลักทรัพย์ปรับตัวขึ้นต่อเนื่องจากเดือนมิ.ย. ตามการปรับขึ้นของตลาดหุ้นทั่วโลก และการปรับขึ้นของหุ้นในกลุ่มน้ำมันที่ปรับตัวขึ้นตามราคาน้ำมันในตลาดโลก โดยนักลงทุนส่วนใหญ่ยังคงเน้นการลงทุนในกลุ่มพลังงานเป็นหลัก เนื่องจากคาดว่าผลประกอบการไตรมาส 2 น่าจะยังคงออกมาดีได้ต่อเนื่อง ถึงแม้ว่าภาวะเศรษฐกิจในประเทศจะยังชะลอตัวอยู่ เนื่องจากราคาน้ำมันที่อยู่ในระดับสูง นักลงทุนคาดหวังว่า ภาวะเศรษฐกิจจะปรับตัวดีขึ้นหลังจากการจัดให้มีการเลือกตั้งในช่วงปลายปีนี้ ปัจจัยอื่น ๆ ที่สำคัญคือ 1) คณะกรรมการนโยบายการเงิน (กนง) ธปท.มีมติลดอัตราดอกเบี้ยซื้อคืนพันธบัตร R/P 1 วันที่ 0.25% มาอยู่ที่ 3.25% เพื่อช่วยกระตุ้นเศรษฐกิจและลดแรงกดดันการแข็งค่าของเงินบาททางอ้อม 2) ครม.มีมติเห็นชอบในหลักการทั้งหมด 6 มาตรการในการแก้ไขปัญหาเงินบาทแข็งค่าของธปท. 3) ธปท.ปรับเพิ่มประมาณการขยายตัวทางเศรษฐกิจปีนี้เป็น 4–5% จากเดิม 3.8–4.8% เนื่องจากการส่งออกขยายตัว 18% ใน 6 เดือนแรกของปีนี้ เป็นปัจจัยสำคัญที่ขับเคลื่อนให้เศรษฐกิจไทยยังขยายตัวได้ดี และคาดการณ์อัตราเงินเฟ้อทั่วไป 1.5–2.5% การส่งออกขยายตัว 12–15% และการนำเข้าขยายตัว 9–12% ตลอดทั้งเดือนกรกฎาคม นักลงทุนต่างชาติเป็นผู้ซื้อสุทธิ  30,077.92 ล้านบาท ส่วนนักลงทุนสถาบันเป็นผู้ขายสุทธิ 8,189.86  ล้านบาท และนักลงทุนรายย่อยเป็นผู้ขายสุทธิ  21,888.05 ล้านบาท  </News1><News2>&#13;&#09;ในระยะสั้น ผู้จัดการกองทุนคาดว่าดัชนีตลาดหลักทรัพย์ฯ น่าจะเข้าสู่การปรับฐานโดยมีแรงเทขายทำกำไรเป็นระยะๆของนักลงทุนบ้าง เนื่องจากตลาดหุ้นของไทยปรับตัวขึ้นมากจากแรงซื้ออย่างหนาแน่นของนักลงทุนต่างชาติ อย่างไรก็ตาม ผู้จัดการกองทุนเชื่อว่าในระยะปานกลางถึงยาวตลาดหุ้นไทยยังอยู่ในช่วงขาขึ้นอยู่ </News2><News3>&#13;&#09;</News3><News4>&#13;&#09;</News4><News5></News5><News6></News6> </Data>  </FundReport> 
