<?xml version='1.0'?><FundReport><Data Fund='Master File'><News1>&#09;ดัชนีตลาดหลักทรัพย์ในเดือนกันยายน ปิดที่ 686.10 จุด ปรับตัวลดลง 4.80 จุด หรือประมาณ 0.69% จากราคาปิด ณ สิ้นเดือนสิงหาคม ที่   690.90 จุด โดยดัชนีตลาดหลักทรัพย์ปรับตัวผันผวนตลอดทั้งเดือน ซึ่งทำจุดสูงสุดที่ระดับ 708.30 จุดในวันที่ 19 ก.ย. และทำจุดต่ำสุดของเดือนที่ 673.85 จุดในวันที่ 22 ก.ย. ปัจจัยหลักๆที่มีผลกระทบต่อภาวะการลงทุนมีดังนี้ 1) การปรับตัวเพิ่มขึ้นของตลาดหุ้นทั่วโลก จากราคาน้ำมันที่ปรับตัวลดลงอย่างมากที่ระดับ 60 เหรียญ สรอ. ต่อบาร์เรล เนื่องจากคาดว่าปริมาณความต้องการใช้จะชะลอตัวลงหลังจากราคาน้ำมันอยู่ในระดับสูงมานาน และไม่มีพายุเฮอริเคนที่รุนแรงเกิดขึ้นเมื่อเทียบกับปีที่แล้ว ทำให้มีแรงเทขายทำกำไรในตลาดน้ำมันออกมา    2) นักลงทุนกลับเข้าซื้อหุ้นเพื่อเพิ่มน้ำหนักในการลงทุนตลาดหุ้นทั่วโลกมากขึ้น เนื่องจากคาดว่าอัตราดอกเบี้ยได้ปรับตัวขึ้นถึงระดับสูงสุดแล้ว และน่าจะมีการประกาศลดอัตราดอกเบี้ยในปีหน้าได้ 3) ในวันที่19 ก.ย.49 คณะปฏิรูปการปกครองในระบอบประชาธิปไตยอันมีพระมหากษัตริย์ทรงเป็นประมุข (คปค.) ได้ประกาศยึดอำนาจการปกครองแผ่นดินจากคณะรัฐบาลชุดปัจจุบัน และจะจัดตั้งคณะรัฐบาลใหม่ภายใน 2 อาทิตย์ เพื่อดูแลการแก้ไขรัฐธรรมนูญใหม่รวมถึงจัดให้มีการเลือกตั้งภายใน 1  ปี 4) บริษัท มูดี้ส์ อินเวสเตอร์ เซอร์วิส คงอันดับความน่าเชื่อถือของไทยในระดับน่าลงทุน A3 คงเดิมและมีมุมมองเป็นบวกต่อการจัดตั้งคณะที่ปรึกษาด้านเศรษฐกิจของ คปค. ที่มี ม.ร.ว.ปรีดิยาธร เทวกุล ผู้ว่าการธนาคารแห่งประเทศไทยเป็นประธานที่ปรึกษาด้านเศรษฐกิจที่จะสร้างความเชื่อมั่นให้กับนักลงทุนได้  5) ธปท.รายงานเศรษฐกิจเดือน ส.ค. 49 ภาพรวมชะลอตัวลง โดยเฉพาะการใช้จ่ายภายในประเทศ การท่องเที่ยวมีจำนวนนักท่องเที่ยวเพิ่มขึ้น 13.2% ภาคการส่งออกมีมูลค่า 1.17 หมื่นล้านดอลลาร์สหรัฐ ขยายตัว 17% ส่วนการนำเข้ามีมูลค่า 1.14 ล้านดอลลาร์สหรัฐ ขยายตัว 11.2% ทำให้ดุลการค้าเดือน ส.ค. เกินดุล 300 ล้านดอลลาร์สหรัฐ ดุลบัญชีเดินสะพัดเกินดุล 800 ล้านดอลลาร์สหรัฐ รวม 8 เดือนเกินดุลบัญชีเดินสะพัด 1,600 ล้านดอลลาร์สหรัฐ  6) การประกาศคงอัตราดอกเบี้ยอ้างอิงทั้งของประเทศไทยและสหรัฐที่ระดับ 5.00% และ 5.25% ตามลำดับ ตลอดทั้งเดือนนักลงทุนต่างชาติเป็นผู้ซื้อสุทธิ 10,883.77  ล้านบาท และนักลงทุนรายย่อยเป็นผู้ขายสุทธิ  9,524.39 ล้านบาท  ส่วนนักลงทุนสถาบันเป็นผู้ขายสุทธิ 1,359.38 ล้านบาท </News1><News2>&#13;&#09;ในระยะสั้น ผู้จัดการกองทุนคาดว่าตลาดหุ้นน่าจะแกว่งตัวขึ้นลงในกรอบแคบๆระหว่าง 680-700 จุด เนื่องจากยังคงต้องติดตามข่าวเรื่องการจัดตั้งคณะรัฐมนตรีชุดใหม่ว่าจะสร้างความมั่นใจในการลงทุนให้กับนักลงทุนได้มากแค่ไหน โดยเฉพาะนักลงทุนต่างประเทศ รวมถึงการประกาศผลการดำเนินงานประจำไตรมาสสามของบริษัทจดทะเบียน</News2><News3>&#13;&#09;</News3><News4>&#13;&#09;</News4><News5></News5><News6></News6> </Data>  </FundReport> 
