<?xml version='1.0'?><FundReport><Data Fund='Master File'><News1>&#09;ดัชนีตลาดหลักทรัพย์ฯในเดือนธันวาคม ปิดที่ 713.73 จุด ปรับตัวเพิ่มขึ้น 45.98 จุด หรือ 6.89% จากราคาปิด ณ สิ้นเดือนพฤศจิกายน ที่ 667.75 จุด โดยราคาหลักทรัพย์ปรับตัวขึ้นตลอดทั้งเดือนจากแรงซื้อกลับของนักลงทุนต่างชาติ เพื่อปรับพอร์ตในช่วงสิ้นปี โดยปัจจัยภายในประเทศที่สำคัญ คือ  การประกาศตัวเลขจีดีพีของไทยในช่วงไตรมาส 3/48 ว่าขยายตัว 5.3% YoY เพิ่มจากการขยายตัวในไตรมาส 2/48 ที่ปรับใหม่เป็น 4.6% จากเดิม 4.4% และจากไตรมาสแรกปีนี้ที่ 3.3% และการที่ พ.ต.ท.ทักษิณ  ชินวัตร นายกรัฐมนตรีไทยได้มีการถอนฟ้อง นายสนธิ  ลิ้มทองกุลและพวกในทุกคดี ทำให้ปัจจัยการเมืองในประเทศคลี่คลายขึ้น และการที่ศาลล้มละลายกลางยกคำร้องของ นายประชัย เลี่ยวไพรัตน์ ที่ขอให้ระงับการขายหุ้น และให้มีการขายหุ้น TPI เป็นไปตามแผนฟื้นฟูฯ  ธปท.รายงานตัวเลขเดือนพ.ย.48 ดุลการค้าขาดดุล 201 ล้านดอลลาร์สหรัฐ ลดลงเมื่อเทียบกับการขาดดุล 372 ล้านดอลลาร์ในเดือนต.ค.48 การส่งออกขยายตัว 13.8% YoY และ 7.7%MoM มูลค่าการส่งออกรวม 9,678 ล้านดอลลาร์สหรัฐ การนำเข้าขยายตัว 13.7% มูลค่านำเข้ารวม 9,879 ล้านดอลลาร์สหรัฐ ส่วนดุลบัญชีเดินสะพัดเกินดุล 441 ล้านดอลลาร์สหรัฐ ส่วนปัจจัยต่างประเทศที่สำคัญคือ การปรับตัวลงของราคาน้ำมันอย่างต่อเนื่องในช่วงครึ่งเดือนแรก เนื่องจากอากาศในทวีปอเมริกาไม่หนาวอย่างที่คาดการณ์ไว้ และการที่ธนาคารกลางสหรัฐฯลงมติปรับขึ้นอัตราดอกเบี้ยระยะสั้น 0.25 เป็น 4.25%  เป็นระดับสูงสุดนับตั้งแต่เดือน เม.ย. 2001 และเป็นการปรับขึ้นอัตราดอกเบี้ยเป็นครั้งที่ 13 ติดต่อกัน ซึ่งทำให้ธปท.ปรับขึ้นดอกเบี้ย R/P 14 วัน ตาม อีก 0.25% เป็น 4.0%  แต่นักลงทุนส่วนใหญ่เริ่มคาดการณ์ว่าการปรับขึ้นดอกเบี้ยเริ่มใกล้ระดับสูงสุดแล้ว และอาจปรับตัวลงในครึ่งหลังของปีหน้า ตลอดทั้งเดือนนักลงทุนต่างชาติเป็นผู้ซื้อสุทธิ 21,822.35 ล้านบาท  ส่วนนักลงทุนสถาบันเป็นผู้ขายสุทธิ 3,991.32  ล้านบาท และนักลงทุนรายย่อยเป็นผู้ขายสุทธิ 17,831.03 ล้านบาท</News1><News2>&#13;&#09;ผู้จัดการกองทุนคาดว่า ตลาดหุ้นในช่วงต้นปี 2549 น่าจะมีความคึกคักและมีแนวโน้มที่ดีขึ้น เนื่องจากนักลงทุนต่างชาติกลับมาเป็นผู้ซื้อสุทธิมากขึ้นในเดือน ธ.ค. และในปี 2548 ตลาดหุ้นไทยปรับตัวเพิ่มขึ้นน้อยกว่าตลาดหุ้นอื่นๆในแถบเอเชียด้วยกันมาก จากปัจจัยลบต่างๆที่รุมเร้ามาตลอดปีและสะท้อนไปในราคาหุ้นแล้ว </News2><News3>&#13;&#09;</News3><News4>&#13;&#09;</News4><News5></News5><News6></News6> </Data>  </FundReport> 
