<?xml version='1.0'?><FundReport><Data Fund='Master File'><News1>&#09;ดัชนีตลาดหลักทรัพย์ในเดือนกุมภาพันธ์ปิดที่ 744.05 จุด ปรับตัวลดลง 18.58 จุด หรือ 2.44% จากราคาปิด ณ สิ้นเดือนมกราคม ที่ 762.63 จุด โดยราคาหลักทรัพย์ปรับตัวผันผวนลดลงมาโดยตลอด จากสถานการณ์การเมืองที่ทวีความรุนแรงเพิ่มขึ้นจากแกนนำกลุ่มพันธมิตรเพื่อประชาธิปไตยที่เรียกร้องให้นายกรัฐมนตรีลาออก อย่างไรก็ตาม นายกรัฐมนตรีตัดสินใจยุบสภาในวันที่ 24 ก.พ. เพื่อลดกระแสกดดันและความอึมครึมทางการเมือง และประกาศให้มีการเลือกตั้งทั่วไปในวันที่ 2 เมษายน ทำให้นักลงทุนกลับเข้าช้อนซื้อหุ้นเนื่องจากเห็นว่าปัญหาทางการเมืองและความอึมครึมหมดไป ส่งผลให้ตลาดหุ้นดีดตัวกลับมาได้ในช่วงปลายเดือน โดยมีปัจจัยหลักที่สำคัญ คือ 1) นักลงทุนต่างชาติยังคงเป็นผู้ซื้อสุทธิของตลาดหุ้นไทยในเดือนนี้อีก 19,088.07 ล้านบาท ซึ่งเป็นเม็ดเงินลงทุนที่ไหลเข้าตลาดหุ้นทั่วโลกอย่างต่อเนื่องของนักลงทุนที่คาดว่าการปรับเพิ่มขึ้นของอัตราดอกเบี้ยโลกโดยเฉพาะการปรับขึ้นของดอกเบี้ยระยะสั้นของสหรัฐใกล้ถึงระดับสูงสุดแล้ว 2) สถานการณ์การเมืองที่ตึงเครียดมากขึ้นจากการนัดชุมนุมเรียกร้องให้นายกรัฐมนตรีลาออก จากประเด็นการขายหุ้นSHINของตระกูลชินวัตรและดามาพงศ์ทั้งหมดให้กับกลุ่มเทมาเสค โฮลดิ้งส์ รวมมูลค่า 7.33 หมื่นล้านบาท ทำให้เกิดกระแสต่อต้านทุนต่างชาติในวงกว้าง 3) ธปท. ประกาศเศรษฐกิจไทยในเดือนม.ค.’49 โดยรวมยังมีเสถียรภาพ ขาดดุลการค้า 388 ล้านเหรียญสหรัฐ จากที่ขาดดุล 176 ล้านเหรียญในธ.ค.’48 แต่ยังเกินดุลบัญชีเดินสะพัดในม.ค.ที่ 504 ล้านดอลลาร์จากเกินดุล 401 ล้านเหรียญในธ.ค. 4) ตัวเลขความเชื่อมั่นต่อเศรษฐกิจในอนาคตของธปท.ของเดือนม.ค.ลดลงมาอยู่ที่ 53.2 จาก 53.4 ในเดือนธ.ค. ดัชนีความเชื่อมั่นทางธุรกิจเดือนม.ค.ลดลงเป็นครั้งแรกในรอบ 4 เดือนมาอยู่ที่ 45.2 จาก 45.9 ในธ.ค. </News1><News2>&#13;&#09;ผู้จัดการกองทุนคาดว่า ในระยะสั้น ปัจจัยทางการเมืองจะมีอิทธิพลต่อตลาดหุ้นเป็นอย่างมาก โดยนักลงทุนยังต้องติดตามข่าวการเมืองอย่างใกล้ชิด  จากการที่ผู้นำพรรคฝ่ายค้านทั้ง 3 พรรคมีมติร่วมกันที่จะไม่เข้าร่วมส่งสมาชิกในการเลือกตั้งส.ส. และมีมติคว่ำบาตรการเลือกตั้งครั้งนี้ หากสถานการณ์การเมืองยืดเยื้อ ก็จะส่งผลเสียต่อสภาวะการลงทุนโดยเฉพาะจากนักลงทุนต่างชาติที่ไม่เข้าใจสถานการณ์ทางการเมืองของบ้านเราได้</News2><News3>&#13;&#09;</News3><News4>&#13;&#09;</News4><News5></News5><News6></News6> </Data>  </FundReport> 
