<?xml version='1.0'?><FundReport><Data Fund='Master File'><News1>&#09;ดัชนีตลาดหลักทรัพย์ในเดือนส.ค. ปิดที่ 813.21 จุด ปรับตัวลดลง 46.55 จุด หรือประมาณ  5.41 % จากราคาปิด ณ สิ้นเดือนก.ค. ที่   859.76 จุด โดยดัชนีตลาดหลักทรัพย์ผันผวนอย่างมากและแตะจุดต่ำสุดที่ 732.78 ตามตลาดหุ้นทั่วโลกที่ดิ่งลงอย่างมาก โดยเป็นแรงเทขายของนักลงทุนต่างชาติที่ต้องการสภาพคล่องเพื่อไปชดเชยการขาดสภาพคล่องและการคืนหน่วยลงทุนให้กับผู้ถือหน่วย หลังนักลงทุนวิตกปัญหาซับไพร์มของภาคอสังหาริมทรัพย์ในสหรัฐอเมริกา ทำให้ธนาคารกลางหลายแห่งต้องอัดฉีดเม็ดเงินจำนวนมากเพื่อช่วยเสริมสภาพคล่องในระบบการเงิน ในวันที่17 ส.ค. ธนาคารกลางสหรัฐฯ (FED) ได้ปรับลดดอกเบี้ยมาตรฐาน (Discount Rate) ซึ่งเป็นอัตราดอกเบี้ยเงินกู้ที่เฟดปล่อยกู้แก่ธนาคารพาณิชย์ลง 0.50% จาก 6.25% เหลือ 5.75% เพื่อที่จะลดความรุนแรงปัญหาซับไพร์ม รวมถึงสร้างความเชื่อมั่นให้กับนักลงทุน ทำให้ตลาดหุ้นทั่วโลกฟื้นตัวขึ้นได้มาก แต่นักลงทุนก็ยังระมัดระวังการลงทุนอยู่เนื่องจากคาดว่าปัญหาและผลกระทบของซับไพร์มนั้นต้องใช้ระยะเวลามากในการแก้ไข สำหรับปัจจัยอื่น ๆ ที่สำคัญคือ 1) ผลประชามติผ่านร่างรัฐธรรมนูญปี 2550 และการกำหนดวันเลือกตั้งเบื้องต้นไว้วันที่ 23 ธ.ค. 2550 2) คณะกรรมการนโยบายการเงิน (กนง) ธปท.มีมติคงอัตราดอกเบี้ยซื้อคืนพันธบัตร R/P 1 วันที่ 3.25% ในการประชุมวันที่ 29 สิงหาคม เนื่องจากเห็นว่าอุปสงค์ในประเทศเริ่มมีสัญญาณปรับตัวดีขึ้น ตลอดทั้งเดือนส.ค.นี้ นักลงทุนต่างชาติเป็นผู้ขายสุทธิ 35,407.20 ล้านบาท ส่วนนักลงทุนสถาบันเป็นผู้ซื้อสุทธิ 10,759.76 ล้านบาท และนักลงทุนรายย่อยเป็นผู้ซื้อสุทธิ 24,647.44 ล้านบาท  </News1><News2>&#13;&#09;ในระยะสั้น ผู้จัดการกองทุนคาดว่าดัชนีตลาดหลักทรัพย์ฯน่าจะแกว่งตัวอยู่ในช่วงแคบๆ เนื่องจากนักลงทุนต่างชาติได้ขายหุ้นออกมากแล้ว เพื่อรอดูว่าธนาคากลางสหรัฐฯจะปรับลดอัตราดอกเบี้ย Fed Fund rate ลงหรือไม่ รวมถึงการเคลื่อนไหวของตลาดหุ้นต่างประเทศเป็นหลัก</News2><News3>&#13;&#09;</News3><News4>&#13;&#09;</News4><News5></News5><News6></News6> </Data>  </FundReport> 
