<?xml version='1.0'?><FundReport><Data Fund='Master File'><News1>&#09;ดัชนีตลาดหลักทรัพย์ในเดือนมิถุนายน 2549 ปิดที่ 678.13 จุด ปรับตัวลดลง 31.30 จุด หรือ 4.41% จากราคาปิด ณ สิ้นเดือนพฤษภาคม ที่ 709.43 จุด โดยราคาหุ้นปรับตัวลดลงต่อเนื่องจากเดือนก่อน ลงไปถึงจุดต่ำสุดที่ 641.03 จุดในระหว่างเดือน ก่อนที่จะเริ่มฟื้นตัวขึ้นในช่วงสัปดาห์สุดท้าย และเป็นเดือนที่มีมูลค่าซื้อขายค่อนข้างเงียบเหงาโดยมีปัจจัยหลักๆที่มีผลกระทบด้านลบต่อเนื่องจากเดือนที่แล้วคือนักลงทุนวิตกกังวลเกี่ยวกับอัตราเงินเฟ้อและความเสี่ยงที่อัตราดอกเบี้ยของสหรัฐฯยังมีแนวโน้มจะปรับตัวเพิ่มขึ้นต่อเนื่องได้อีก ราคาสินค้าโภคภัณฑ์ในตลาดล่วงหน้า เช่น ราคาทองคำ ยังคงปรับตัวผันผวนอย่างมาก  และแรงเทขายหุ้นหลักๆของนักลงทุนต่างชาติ ปัจจัยในประเทศที่ส่งผลลบคือ คำวินิจฉัยของสำนักงานอัยการสูงสุดที่เห็นว่าพรรคไทยรักไทยและพรรคประชาธิปัตย์กระทำความผิดกฏหมายเลือกตั้ง ส่งผลให้สถานการณ์การเมืองแย่ลงอีกและน่าจะต้องมีการเลื่อนกำหนดการเลือกตั้งในวันที่ 15 ตุลาคม 2549 ออกไป ทำให้ประเทศไทยต้องมีรัฐบาลรักษาการต่อไปอีกหลายเดือนกว่าจะมีการเลือกตั้งทั่วไป และคาดว่าจะสามารถตั้งรัฐบาลใหม่ได้ในช่วงต้นปีหน้า ขณะที่เศรษฐกิจโดยรวมเริ่มชะลอตัวลงจากผลกระทบจากราคาน้ำมัน ความเชื่อมั่นของนักลงทุน ภาวะสุญญากาศทางการเมือง และความเชื่อมั่นของผู้บริโภค ตลอดทั้งเดือนนักลงทุนต่างชาติเป็นผู้ขายสุทธิ 13,065.57 ล้านบาท ส่วนนักลงทุนสถาบันเป็นผู้ซื้อสุทธิ 7,717.26 ล้านบาท และนักลงทุนรายย่อยเป็นผู้ซื้อสุทธิ 5,348.31 ล้านบาท</News1><News2>&#13;&#09;ในระยะสั้น ตลาดหลักทรัพย์ฯน่าจะเริ่มปรับฐานในทิศทางขาขึ้นได้บ้าง เนื่องจากตลาดปรับตัวลดลงอย่างมาก และราคาหุ้นหลักๆที่ดีหลายตัวปรับตัวลดลงต่ำกว่าปัจจัยพื้นฐานแล้ว โดยดัชนีตลาดหลักทรัพย์ฯ ในระดับปัจจุบันคิดเป็นค่า P/E เพียงแค่ 9 เท่า แต่เนื่องจากสภาวะการลงทุนในตลาดหุ้นยังปกคลุมไปด้วยหลายปัจจัย คือ แนวโน้มอัตราดอกเบี้ยของสหรัฐฯ แรงเทขายของนักลงทุนต่างชาติ ความไม่แน่นอนทางการเมือง และเศรษฐกิจที่ชะลอตัวลง ทำให้ผู้จัดการกองทุนคาดว่าตลาดหุ้นจะแกว่งตัวอยู่ในช่วงแคบๆระดับ 650 – 700 จุด อย่างไรก็ตาม บลจ. ธนชาต จะใช้ความสามารถและความระมัดระวังในการบริหารกองทุนส่วนบุคคลของท่านอย่างเต็มที่</News2><News3>&#13;&#09;</News3><News4>&#13;&#09;</News4><News5></News5><News6></News6> </Data>  </FundReport> 
