<?xml version='1.0'?><FundReport><Data Fund='Master File'><News1>&#09;ดัชนีหลักทรัพย์ในเดือนพฤศจิกายน ปิดที่ 667.75 จุด ปรับตัวลดลง 14.87 จุด หรือประมาณ 2.18% จากราคาปิด ณ สิ้นเดือน ตุลาคมที่ 682.62 จุด โดยราคาหลักทรัพย์ในช่วงอาทิตย์แรกปรับตัวขึ้นจากแรงซื้อกลับของนักลงทุนต่างชาติ จนดัชนีหลักทรัพย์ปรับตัวขึ้นทำจุดสูงสุดของเดือนที่ระดับ 709.63 จุด แต่หลังจากนั้นดัชนีหลักทรัพย์ปรับตัวลดลงต่อตลอดทั้งเดือน พร้อมปริมาณการซื้อขายหลักทรัพย์ที่ลดลง เนื่องจากไม่มีปัจจัยใหม่เข้ากระตุ้นภาวะการลงทุน ปัจจัยลบที่สำคัญในช่วงเดือน พ.ย. คือ ปัจจัยทางการเมืองที่สร้างความกังวลแก่นักลงทุนอย่างมาก การปรับตัวขึ้นของอัตราดอกเบี้ยระยะสั้นของธนาคารกลางสหรัฐ  ในวันที่ 1 พ.ย. จากระดับ 3.75%ขึ้น 0.25% เป็น 4.0%  ซึ่งถือเป็นระดับสูงที่สุดในรอบกว่า 4 ปีและส่งสัญญาณจะปรับขึ้นอัตราดอกเบี้ยต่อไปเพื่อป้องกันภาวะเงินเฟ้อ และศาลปกครองสูงสุดมีคำชี้ขาดให้ระงับการกระจายหุ้น บริษัท กฟผ.ออกไปก่อนเป็นการชั่วคราว เพื่อให้ดำเนินการไต่สวนกรณีสหพันธ์องค์กรผู้บริโภคร้องต่อศาลปกครองให้เพิกถอนพระราชกฤษฎีกาเกี่ยวกับการไฟฟ้าฝ่ายผลิตแห่งประเทศไทย 2 ฉบับ ซึ่งถือว่าไม่เป็นไปตามที่นักลงทุนคาดการณ์ไว้ ทำให้มีแรงเทขายหุ้นเข้ามาในตลาดมากขึ้นโดยเฉพาะหุ้นในกลุ่มหลักทรัพย์ ซึ่งนักลงทุนคาดการณ์ไว้ว่าปริมาณการซื้อขายของตลาดจะกลับมาคึกคักอีกหลังจาก กฟผ. เข้าตลาด อีกทั้งนักลงทุนผิดหวังจากตัวเลขเศรษฐกิจในเดือนต.ค.ที่ชะลอตัวลง ทั้งการอุปโภค บริโภคและการลงทุนภาคเอกชน รวมทั้งการส่งออกที่ขยายตัวเพียงร้อยละ 7.7 การนำเข้าขยายตัว 19.7% ทำให้ขาดดุลการค้า 372 ล้านเหรียญสหรัฐ แม้ว่าจะมีปัจจัยบวกคือ การปรับตัวลดลงของราคาน้ำมัน โดยราคาน้ำมันดิบเบรนท์ปรับตัวลดลงจากราคาสิ้นเดือน ต.ค. ที่ 58 เหรียญต่อบาร์เรล มาอยู่ที่ระดับประมาณ 53 เหรียญต่อบาร์เรลในช่วงสิ้นเดือนพ.ย. แต่ก็ยังไม่สามารถกระตุ้นภาวะการลงทุนให้เพิ่มขึ้นได้ ตลอดทั้งเดือนนักลงทุนต่างชาติเป็นผู้ซื้อสุทธิ 2,925.35 ล้านบาท และนักลงทุนสถาบันเป็นผู้ซื้อสทธิ 1,375.87  ล้านบาท ส่วนนักลงทุนรายย่อยเป็นผู้ขายสุทธิ 4,301.22 ล้านบาท</News1><News2>&#13;&#09;</News2><News3>&#13;&#09;</News3><News4>&#13;&#09;</News4><News5></News5><News6></News6> </Data>  </FundReport> 
