<?xml version='1.0'?><FundReport><Data Fund='Master File'><News1>&#09;ดัชนีตลาดหลักทรัพย์ในเดือนมกราคมปิดที่ 762.63 จุด ปรับตัวเพิ่มขึ้น 48.90 จุด หรือ 6.85% จากราคาปิด ณ. สิ้นเดือนธันวาคม ที่ 713.73 จุด โดยราคาหลักทรัพย์ปรับตัวขึ้นตลอดทั้งเดือนจากแรงซื้อที่เข้ามาอย่างต่อเนื่องตามการปรับตัวขึ้นของตลาดหลักทรัพย์ทั่วโลก จากการที่นักลงทุนคาดว่าการปรับเพิ่มขึ้นของอัตราดอกเบี้ยโลกซึ่งนำโดยการปรับขึ้นของดอกเบี้ยระยะสั้นของสหรัฐใกล้ถึงระดับสูงสุดแล้ว และมีแนวโน้มว่าอาจจะมีการปรับลดดอกเบี้ยลงในช่วงปลายปีนี้ ทำให้มีเม็ดเงินไหลเข้ามาลงทุนในตลาดหุ้นทั่วโลกเพิ่มขึ้น โดยปัจจัยหลักที่สำคัญ คือ 1) แรงซื้อสุทธิ ของนักลงทุนต่างชาติที่เข้ามาในตลาดหุ้นไทยมาก ส่งผลให้มูลค่าการซื้อขายต่อวันสูงถึง 32,000 ล้านบาท 2) ข่าวการขายหุ้นSHINของตระกูลชินวัตรและดามาพงศ์ทั้งหมดให้กับกลุ่มเทมาเสค โฮลดิ้งส์ ผ่านบริษัทซีดาร์ โฮลดิ้งส์ (Cedar) และบริษัท แอสแปน โฮลดิ้งส์ (Aspen) รวมมูลค่า 7.33 หมื่นล้านบาท ส่งผลให้ค่าเงินบาทปรับตัวแข็งค่าขึ้นมากถึงระดับ 38.80 บาทต่อ 1 ดอลลาร์สหรัฐ ซึ่งถือว่าเป็นการแข็งค่าขึ้นสูงสุดในรอบ 10 เดือน 3) ธปท.คาดเศรษฐกิจไทยปี’49 ขยายตัว 4.75-5.75% เพิ่มขึ้นจากเดิมที่คาดไว้ 4.5-6.0%  คาดการณ์ตัวเลขเงินเฟ้อปีนี้ 3.5-5.0% เงินเฟ้อพื้นฐาน 2.3% ปัจจัยหลักมาจากเศรษฐกิจในประเทศและตัวเลขการส่งออก 4) ดัชนีความเชื่อมั่นของผู้บริโภคเดือนธ.ค.’48 ปรับตัวเพิ่มขึ้นอยู่ที่ 88.7 จากเดือนพ.ย.48 อยู่ที่ 87.9 และปรับขึ้นต่อเนื่องเป็นเดือนที่สี่  5) ในวันที่ 18 ม.ค. คณะกรรมการนโยบายการเงินธปท. ปรับขึ้นอัตราดอกเบี้ย R/P 14 วันอีก 0.25% เป็น 4.25% ซึ่งเป็นไปตามคาด และในวันที่ 31 ม.ค.49 คณะกรรมการกำหนดนโยบายของเฟด (FOMC) ประกาศขึ้นอัตราดอกเบี้ยระยะสั้น 0.25% เป็น 4.50%  6) นักลงทุนต่างชาติเป็นผู้ซื้อสุทธิ 74,815.86 ล้านบาท  ส่วนนักลงทุนสถาบันเป็นผู้ขายสุทธิ 24,039.55  ล้านบาท และนักลงทุนรายย่อยเป็นผู้ขายสุทธิ 50,776.31 ล้านบาท
</News1><News2>&#13;&#09;ผู้จัดการกองทุนคาดว่า ตลาดหุ้นน่าจะเริ่มปรับฐานหลังจากปรับตัวเพิ่มขึ้นมาก โดยยังต้องติดตามประเด็นหลักคือเรื่องการเมือง อย่างไรก็ตาม ผู้จัดการกองทุนยังเชื่อว่า แรงซื้อจากนักลงทุนต่างประเทศน่าจะยังคงเข้ามาต่อเนื่องอยู่ เนื่องจากคาดว่าค่าเงินดอลลาร์มีแนวโน้มอ่อนค่าลง ทำให้มีเงินทุนที่ไหลเข้าลงทุนในแถบเอเซียมากขึ้น ส่งผลให้ตลาดหุ้นไทยมีแนวโน้มที่ดีขึ้น 
</News2><News3>&#13;&#09;</News3><News4>&#13;&#09;</News4><News5></News5><News6></News6> </Data>  </FundReport> 
