﻿<?xml version='1.0'?><FundReport><Data Fund='Master File'><News1>&#09;ตลาดตราสารหนี้เดือน4ปรับตัวดีขึ้น ปริมาณการซื้อขายเฉลี่ยต่อวันสูงถึง 18,870 ล้านบาท นักลงทุนให้ความสนใจในตราสารหนี้ระยะสั้นค่อนข้างมาก คาดว่าส่วนหนึ่งเป็นผลมาจากความต้องการพักเงินของเงินทุนที่ไหลเข้าตลาดหุ้น สำหรับอัตราผลตอบแทน (Yield) ของพันธบัตรรัฐบาลระยะสั้นปรับตัวเพิ่มขึ้น ในขณะที่อัตราผลตอบแทนระยะปานกลางและระยะยาวปรับตัวลดลง แม้ว่าในช่วงต้นเดือนกุมภาพันธ์ธนาคารกลางสหรัฐฯ ได้ปรับขึ้นอัตราดอกเบี้ยติดต่อกันเป็นครั้งที่ 6 อีกร้อยละ 0.25 ต่อปี มาอยู่ที่ร้อยละ 2.50 ต่อปี เนื่องจากภาคการผลิตยังคงขยายตัว ภาวะการจ้างงานค่อยๆ ปรับดีขึ้น และอัตราเงินเฟ้อยังควบคุมได้ และได้มีแถลงการณ์ที่ทำให้นักลงทุนคาดว่าการปรับขึ้นอัตราดอกเบี้ยในอนาคตจะเป็นอย่างค่อยเป็นค่อยไป ในเดือนกุมภาพันธ์ผลตอบแทน (Return) จากการลงทุนในพันธบัตรรัฐบาลปรับตัวเพิ่มขึ้นร้อยละ 0.73 และหุ้นกู้เอกชนปรับตัวเพิ่มขึ้นร้อยละ 0.50 </News1><News2>&#13;&#09;แนวโน้มการลงทุนในตลาดตราสารหนี้ในเดือนมีนาคม นักลงทุนคงให้ความสนใจกับปัจจัยเรื่องการปรับขึ้นอัตราดอกเบี้ยในประเทศซึ่งจะมีการประชุมคณะกรรมการนโยบายการเงินช่วงต้นเดือน กลยุทธ์การลงทุนยังคงให้ความสำคัญกับการลงทุนในตราสารหนี้ที่มีอายุคงเหลือไม่ยาวมาก เพื่อลดความผันผวนของอัตราผลตอบแทน</News2><News3>&#13;&#09;</News3><News4>&#13;&#09;</News4><News5></News5><News6></News6> </Data>  </FundReport> 
