<?xml version='1.0'?><FundReport><Data Fund='Master File'><News1>&#09;ตลาดตราสารหนี้ในเดือนกุมภาพันธ์ปรับตัวดีขึ้นต่อเนื่อง แม้ว่าในระหว่างเดือนจะมีการขายทำกำไรของนักลงทุนออกมาบ้างหลังจากที่อัตราผลตอบแทนพันธบัตร (Yield) ได้ปรับตัวลดลงมาค่อนข้างมาก แต่โดยภาพรวมแล้ว Yield ยังคงปรับตัวลดลงทุกช่วงอายุ โดย Yield ระยะยาวปรับตัวลดลงมากกว่า Yield ระยะสั้นและระยะกลาง จากการที่นักลงทุนคาดการณ์ว่าอัตราดอกเบี้ยมีแนวโน้มลดลงได้อีก และล่าสุดเมื่อวันที่ 28 กุมภาพันธ์ คณะกรรมการนโยบายการเงินของ ธปท. มีมติปรับลดอัตราดอกเบี้ยนโยบาย (R/P 1 วัน) อีก 0.25% มาอยู่ที่ 4.50% เนื่องจากแรงกดดันด้านเงินเฟ้อลดลงและต้องการกระตุ้นเศรษฐกิจจากการบริโภคและการลงทุนภาคเอกชนที่ชะลอตัว ซึ่งน่าจะส่งผลให้ธนาคารพาณิชย์ปรับลดอัตราดอกเบี้ยลงได้อีกจากสภาพคล่องที่ยังมีอยู่มากและความต้องการสินเชื่อที่ลดลง สำหรับผลตอบแทน (Return) จากการลงทุนในตลาดตราสารหนี้เดือนกุมภาพันธ์ ดัชนีพันธบัตรรัฐบาลปรับตัวเพิ่มขึ้น 1.99% และดัชนีหุ้นกู้เอกชนปรับตัวเพิ่มขึ้น 1.30% </News1><News2>&#13;&#09;แนวโน้มการลงทุนในตลาดตราสารหนี้คาดว่าน่าจะยังปรับตัวดีขึ้นได้ต่อเนื่อง จากปัจจัยสนับสนุนเรื่องแนวโน้มอัตราดอกเบี้ยที่จะปรับลดลงอีก </News2><News3>&#13;&#09;</News3><News4>&#13;&#09;</News4><News5></News5><News6></News6> </Data>  </FundReport> 
