<?xml version='1.0'?><FundReport><Data Fund='Master File'><News1>&#09;ตลาดตราสารหนี้ในเดือนกันยายนยังคงผันผวนต่อเนื่อง อัตราผลตอบแทนตราสารหนี้ปรับตัวเพิ่มขึ้นค่อนข้างมากโดยเฉพาะอย่างยิ่งอัตราผลตอบแทนระยะปานกลางและระยะยาว ส่งผลให้ราคาตลาดตราสารหนี้ปรับตัวลดลงอีก โดยสาเหตุหลักมาจากการที่ธนาคารแห่งประเทศไทยปรับขึ้นอัตราดอกเบี้ย R/P 14 วัน ถึงร้อยละ 0.50 จากร้อยละ 2.75 มาอยู่ที่ร้อยละ 3.25 ต่อปี เพื่อลดแรงกดดันด้านเงินเฟ้อที่เพิ่มขึ้น นอกจากนี้ธนาคารกลางสหรัฐฯ ยังปรับขึ้นอัตราดอกเบี้ย Fed Fund Rate เป็นครั้งที่ 11 จากร้อยละ 3.50 เป็นร้อยละ 3.75 ต่อปี สำหรับผลตอบแทน (Return) จากการลงทุนในตราสารหนี้เดือนกันยายน พันธบัตรรัฐบาลปรับตัวลดลงติดลบร้อยละ 1.55 และหุ้นกู้เอกชนปรับตัวลดลงติดลบร้อยละ 0.43 </News1><News2>&#13;&#09;คาดว่าธนาคารกลางสหรัฐฯ จะปรับขึ้นอัตราดอกเบี้ยเป็นร้อยละ 4.00-4.25 ต่อปี ณ สิ้นปี 2548 และจะปรับขึ้นไปสูงสุดที่ร้อยละ 4.50 ต่อปี ประมาณกลางปี 2549 นอกจากนี้คาดว่าธนาคารแห่งประเทศไทยจะปรับขึ้นอัตราดอกเบี้ยไปอยู่ที่ร้อยละ 3.75-4.00 ต่อปี ณ สิ้นปี 2548 เพื่อควบคุมอัตราเงินเฟ้อพื้นฐานให้อยู่ภายในเกณฑ์ที่กำหนด โดยอัตราดอกเบี้ยเงินฝากและเงินกู้ของธนาคารพาณิชย์จะทยอยปรับขึ้นตาม จากการที่อัตราดอกเบี้ยเป็นทิศทางขาขึ้นซึ่งจะส่งผลให้ภาวะการลงทุนในตลาดตราสารหนี้ปรับตัวลดลงอย่างต่อเนื่อง ทำให้ผู้จัดการกองทุนต้องใช้กลยุทธ์เน้นลดความผันผวนให้กับผลตอบแทนของกองทุน โดยลงทุนในตราสารหนี้ระยะสั้นเป็นหลัก เพื่อทยอยลด Portfolio Duration ลง  </News2><News3>&#13;&#09;</News3><News4>&#13;&#09;</News4><News5></News5><News6></News6> </Data>  </FundReport> 
