<?xml version='1.0'?><FundReport><Data Fund='Master File'><News1>&#09;ภาวะการลงทุนในตลาดตราสารหนี้เดือนตุลาคมปรับตัวลดลงอย่างหนัก อัตราผลตอบแทนพันธบัตร (Bond Yield) ทุกช่วงอายุปรับตัวเพิ่มขึ้นค่อนข้างแรงเมื่อเทียบจากสิ้นเดือนกันยายน ซึ่งอัตราผลตอบแทนพันธบัตรหรืออัตราดอกเบี้ยเป็นปัจจัยสำคัญที่มีผลในทางตรงกันข้ามกับราคาตราสารหนี้ จึงทำให้ราคาตลาดของตราสารหนี้ปรับตัวลดลงอย่างมาก สำหรับผลตอบแทน (Return) จากการลงทุนในตลาดตราสารหนี้เดือนตุลาคม พันธบัตรรัฐบาลปรับตัวลดลง -5.16% และหุ้นกู้เอกชนปรับตัวลดลง –2.30% สาเหตุหลักเนื่องมาจากความกังวลของนักลงทุนเกี่ยวกับแนวโน้มอัตราดอกเบี้ยที่จะปรับเพิ่มขึ้นได้ค่อนข้างแรง หลังจากที่ธนาคารแห่งประเทศไทยปรับขึ้นอัตราดอกเบี้ย R/P 14 วัน อีก 0.50% ติดต่อกันเป็นครั้งที่ 2 มาอยู่ที่ระดับ 3.75% ต่อปี จากการพุ่งสูงขึ้นของอัตราเงินเฟ้ออย่างต่อเนื่อง ทำให้มีแรงขายพันธบัตรในทุกช่วงอายุออกมาเพื่อลดความเสี่ยงจากการขาดทุนในการถือครองพันธบัตรโดยเฉพาะจากนักลงทุนที่ไม่สามารถรับความผันผวนในระยะสั้นได้ ทั้งนี้หากนักลงทุนถือครองพันธบัตรจนครบกำหนดอายุ จะได้รับดอกเบี้ยและรับคืนเงินต้นตามราคาที่ตราไว้ (Par) โดยจะไม่ได้รับผลกระทบจากการเปลี่ยนแปลงของราคาตลาดระหว่างการถือครองแต่อย่างใด 
</News1><News2>&#13;&#09;แนวโน้มตลาดตราสารหนี้ คาดว่าอัตราผลตอบแทนพันธบัตรโดยรวมยังคงมีทิศทางเพิ่มสูงขึ้นตามทิศทางอัตราดอกเบี้ย และผู้จัดการกองทุนจะใช้กลยุทธ์เน้นการลงทุนในตราสารหนี้ระยะสั้น เพื่อลด Portfolio Duration ซึ่งจะช่วยลดความผันผวนให้กับกองทุนลงได้บ้าง
</News2><News3>&#13;&#09;</News3><News4>&#13;&#09;</News4><News5></News5><News6></News6> </Data>  </FundReport> 
