<?xml version='1.0'?><FundReport><Data Fund='Master File'><News1>&#09;ภาวะการลงทุนในตลาดตราสารหนี้เดือนมกราคม 2550 กลับมาปรับตัวดีขึ้นอย่างมาก อัตราผลตอบแทนพันธบัตรปรับตัวลดลงทุกช่วงอายุ โดยเฉพาะอัตราผลตอบแทนพันธบัตรระยะยาวปรับตัวลดลงมากที่สุด เนื่องจากการประชุมคณะกรรมการนโยบายการเงินของ ธปท. ในวันที่ 17 มกราคม มีมติปรับลดอัตราดอกเบี้ยนโยบายมาอยู่ที่4.75% เพื่อต้องการกระตุ้นภาวะเศรษฐกิจ และธนาคารพาณิชย์หลายแห่งทยอยประกาศปรับลดอัตราดอกเบี้ยตามอีกด้วย นอกจากนี้มาตรการป้องกันการเก็งกำไรค่าเงินบาทของ ธปท. ยังไม่ได้ทำให้มีแรงขายของนักลงทุนต่างชาติในตลาดตราสารหนี้มากนัก สำหรับผลตอบแทน (Return) จากการลงทุนในตลาดตราสารหนี้เดือนมกราคม ดัชนีพันธบัตรรัฐบาลปรับตัวเพิ่มขึ้น 3.52% และดัชนีหุ้นกู้เอกชนปรับตัวเพิ่มขึ้น 2.06% </News1><News2>&#13;&#09;แนวโน้มการลงทุนในตลาดตราสารหนี้คาดว่าน่าจะยังปรับตัวดีขึ้นได้ต่อเนื่อง จากการที่นักลงทุนคาดการณ์ว่าจะมีการปรับลดอัตราดอกเบี้ยนโยบายในการประชุมคณะกรรมการนโยบายการเงินครั้งถัดไปในวันที่ 28 กุมภาพันธ์ อย่างไรก็ตาม ตลาดตราสารหนี้อาจมีความผันผวนได้บ้างจากแรงขายทำกำไรของนักลงทุนบางกลุ่มเนื่องจากอัตราผลตอบแทนพันธบัตรได้ปรับตัวลดลงมาค่อนข้างมากแล้ว </News2><News3>&#13;&#09;</News3><News4>&#13;&#09;</News4><News5></News5><News6></News6> </Data>  </FundReport> 
