<?xml version='1.0'?><FundReport><Data Fund='Master File'><News1>&#09;ภาวะการลงทุนในตลาดตราสารหนี้เดือนสิงหาคมยังคงผันผวน ปริมาณการซื้อขายเพิ่มขึ้นจากเดือนกรกฎาคม และอัตราผลตอบแทนตราสารหนี้ (Yield) ปรับตัวเพิ่มขึ้นต่อเนื่อง โดย Yield ของพันธบัตรระยะยาวปรับตัวเพิ่มขึ้นมากกว่าพันธบัตรระยะสั้นและระยะกลาง แม้จะชะลอลงบ้างในช่วงที่ธนาคารกลางสหรัฐฯ ประกาศปรับลด Discount Rate เพื่อช่วยบรรเทาปัญหา subprime แต่หลังจากนั้นเมื่อ ธปท. มีมติคงอัตราดอกเบี้ย RP 1 วัน ที่ 3.25% ต่อปี ในการประชุมวันที่ 29 สิงหาคม เนื่องจากเห็นว่าอุปสงค์ในประเทศเริ่มมีสัญญาณปรับตัวดีขึ้น ได้ส่งผลให้ Yield ปรับตัวเพิ่มขึ้นต่อ เพราะก่อนหน้านี้นักลงทุนส่วนใหญ่คาดว่า ธปท. น่าจะปรับลดอัตราดอกเบี้ยลงได้อีก สำหรับผลตอบแทนของดัชนีตราสารหนี้ (Total Return of ThaiBMA Composite Bond Index) ซึ่งรวมทั้งพันธบัตรและหุ้นกู้ในเดือนสิงหาคมปรับตัวลดลง -0.03%</News1><News2>&#13;&#09;แนวโน้มการลงทุนในตลาดตราสารหนี้น่าจะมีความผันผวนต่อ เนื่องจากนักลงทุนยังกังวลเกี่ยวกับปริมาณพันธบัตร (supply) ที่จะออกขายมากขึ้นโดยเฉพาะพันธบัตรระยะยาว นอกจากนี้แนวโน้มอัตราดอกเบี้ยที่น่าจะอยู่ในระดับต่ำสุดแล้วทำให้ความน่าสนใจลงทุนในตราสารหนี้มีน้อยลง กลยุทธ์การลงทุนจะเน้นลงทุนในตราสารหนี้ระยะสั้นและระยะกลางเพื่อลดความเสี่ยงจากความผันผวนของตลาดในช่วงนี้</News2><News3>&#13;&#09;</News3><News4>&#13;&#09;</News4><News5></News5><News6></News6> </Data>  </FundReport> 
