<?xml version="1.0"?>
<FundReport>
   <Data Fund=" Master File">
      <News1>ภาวะการลงทุนในตลาดตราสารหนี้ช่วงเดือนมีนาคมปรับตัวดีขึ้นมาก ปริมาณการซื้อขายเฉลี่ยต่อวันเพิ่มขึ้นเป็น 14,630 ล้านบาท ปัจจัยที่มีผลต่อบรรยากาศการลงทุนมีดังนี้ 1) ปัจจัยภายนอกประเทศ ได้แก่ อัตราผลตอบแทนพันธบัตรของสหรัฐฯ ที่ปรับตัวลดลงจากตัวเลขการจ้างงานซึ่งประกาศออกมาต่ำกว่าที่คาดการณ์ไว้มาก ทำให้นักเศรษฐศาสตร์คาดว่าธนาคารกลางสหรัฐฯ จะยังไม่ขึ้นอัตราดอกเบี้ยในปีนี้เนื่องจากภาวะการจ้างงานชะลอตัว 2) ปัจจัยภายในประเทศ ได้แก่ การปรับตัวลดลงอย่างมากของตลาดหุ้น สถานการณ์โรคไข้หวัดนก และสถานการณ์ความไม่สงบในภาคใต้ ทำให้นักลงทุนหันมาลงทุนในตราสารหนี้มากขึ้น ส่งผลให้อัตราผลตอบแทนพันธบัตรระยะปานกลางและระยะยาวปรับตัวลดลงมาก ในเดือนมีนาคมผลตอบแทนของตลาดตราสารหนี้วัดจากดัชนีพันธบัตรรัฐบาลปรับตัวเพิ่มขึ้นถึงร้อยละ 19.73 ต่อปี ในขณะที่ดัชนีหุ้นกู้ภาคเอกชนปรับตัวเพิ่มขึ้นร้อยละ 12.23 ต่อปี ในส่วนของแนวโน้มการลงทุนในตลาดตราสารหนี้ ปัจจัยหลักเรื่องอัตราดอกเบี้ยที่อยู่ในทิศทางขาขึ้นยังคงมีอิทธิพลต่อการตัดสินใจลงทุนของนักลงทุนอยู่ แม้ว่าการปรับขึ้นของอัตราดอกเบี้ยอย่างมีนัยสำคัญจะยังไม่เกิดขึ้นในระยะเวลาอันใกล้ 
</News1>
      <News2>สำหรับกลยุทธ์การลงทุนที่เหมาะสมกับสถานการณ์เช่นนี้ ผู้จัดการกองทุนยังเน้นการลงทุนในตราสารหนี้ระยะสั้นถึงปานกลางเพื่อหลีกเลี่ยงความเสี่ยงหากเกิดความผันผวนจากแรงขายทำกำไรของนักลงทุนเนื่องจากตลาดตราสารหนี้ได้ปรับตัวดีขึ้นมาโดยตลอดตั้งแต่ต้นปี 2547 
</News2>
      <News3 />
      <News4 />
      <News5 />
      <News6 />
   </Data>
</FundReport>