<?xml version='1.0'?><FundReport><Data Fund='Master File'><News1>&#09;ภาวะตลาดตราสารหนี้ในเดือนกุมภาพันธ์ยังคงปรับตัวดีขึ้นต่อเนื่อง ปริมาณการซื้อขายเฉลี่ยต่อวันเพิ่มขึ้นจากเดือนมกราคม 3.8% พันธบัตรรัฐบาลได้รับความสนใจจากนักลงทุนมากที่สุด อัตราผลตอบแทนพันธบัตร (Yield) ระยะยาวปรับตัวลดลงมาก เนื่องจากนักลงทุนเห็นว่าปริมาณพันธบัตรระยะยาวที่จะออกใหม่ (Supply) มีไม่มาก โดยเฉพาะอย่างยิ่งหากการระดมทุนเพื่อใช้ในโครงการ Mega Project ยังชะลอออกไป จึงทำให้นักลงทุนสถาบันที่ลงทุนระยะยาว เช่น บริษัทประกัน เข้ามาลงทุนในตลาดรองกันมากขึ้น ในส่วนของ Yield ระยะสั้นปรับตัวเพิ่มขึ้นเล็กน้อยตามทิศทางอัตราดอกเบี้ย สำหรับผลตอบแทน (Return) จากการลงทุนในตลาดตราสารหนี้เดือนกุมภาพันธ์ ดัชนีพันธบัตรรัฐบาลปรับตัวเพิ่มขึ้น 1.09% และดัชนีหุ้นกู้เอกชนปรับตัวเพิ่มขึ้น 0.77% </News1><News2>&#13;&#09;แนวโน้มการลงทุนในตลาดตราสารหนี้ คาดว่าการประชุมคณะกรรมการนโยบายการเงินของธนาคารแห่งประเทศไทยในวันที่ 8 มีนาคม นี้ จะมีการปรับขึ้นอัตราดอกเบี้ย R/P 14 วัน อีกครั้ง ซึ่งจะส่งผลให้ Yield ปรับตัวเพิ่มขึ้นได้ แต่ความต้องการลงทุนในตราสารหนี้ของนักลงทุนที่ยังมีมากอย่างต่อเนื่อง น่าจะเป็นปัจจัยสนับสนุนการลงทุนได้ กลยุทธ์การลงทุนยังคงเน้นลงทุนในตราสารหนี้ระยะสั้นและระยะปานกลางเป็นหลัก </News2><News3>&#13;&#09;</News3><News4>&#13;&#09;</News4><News5></News5><News6></News6> </Data>  </FundReport> 
