<?xml version='1.0'?><FundReport><Data Fund='Master File'><News1>&#09;ภาวะตลาดตราสารหนี้ในเดือนมีนาคมเริ่มมีความผันผวน อัตราผลตอบแทนพันธบัตร (Yield) ทุกช่วงอายุปรับตัวเพิ่มขึ้นมาก เนื่องจากนักลงทุนกลับมากังวลเกี่ยวกับแนวโน้มอัตราดอกเบี้ยในประเทศที่จะปรับเพิ่มขึ้นได้อีกหลังจากที่ธนาคารพาณิชย์หลายแห่งทยอยปรับขึ้นอัตราดอกเบี้ยเงินฝากอย่างต่อเนื่อง นอกจากนี้อัตราผลตอบแทน US Treasury ของสหรัฐฯ ที่ปรับตัวเพิ่มขึ้นก็เป็นอีกหนึ่งปัจจัยลบที่ส่งผลกระทบต่อภาวะการลงทุน ทำให้ความต้องการถือครองพันธบัตรระยะยาวมีน้อยลง และนักลงทุนหันมาลงทุนในพันธบัตรระยะสั้นเพื่อลดความเสี่ยงที่จะขาดทุนจากการถือครองพันธบัตรระยะยาว สำหรับผลตอบแทน (Return) จากการลงทุนในตลาดตราสารหนี้เดือนมีนาคม ดัชนีพันธบัตรรัฐบาลปรับตัวลดลง –1.15% และดัชนีหุ้นกู้เอกชนปรับตัวลดลง -0.14% </News1><News2>&#13;&#09;ในส่วนของแนวโน้มตลาดตราสารหนี้ คาดว่าธนาคารแห่งประเทศไทยจะปรับขึ้นอัตราดอกเบี้ย R/P 14 วัน อีก 0.25% ในการประชุมคณะกรรมการนโยบายการเงินวันที่ 10 เมษายน นี้ ซึ่งจะทำให้ Yield ในตลาดรองปรับตัวเพิ่มขึ้นได้อีก ในสถานการณ์เช่นนี้ผู้จัดการกองทุนจะใช้กลยุทธ์การลงทุนแบบระมัดระวังโดยเน้นลงทุนในตราสารหนี้ระยะสั้นเป็นหลัก </News2><News3>&#13;&#09;</News3><News4>&#13;&#09;</News4><News5></News5><News6></News6> </Data>  </FundReport> 
