<?xml version='1.0'?><FundReport><Data Fund='Master File'><News1>&#09;ภาวะตลาดตราสารหนี้ในเดือนกันยายนยังคงปรับตัวดีขึ้นต่อเนื่อง อัตราผลตอบแทนพันธบัตร (Yield) ระยะยาวปรับตัวลดลงค่อนข้างมาก ในขณะที่ Yield ระยะปานกลางปรับตัวลดลงรองลงมา แต่ Yield ระยะสั้นอายุ 1 เดือน และ 3 เดือน ปรับตัวเพิ่มขึ้นเล็กน้อย เนื่องจากการประชุมคณะกรรมการนโยบายการเงินของธนาคารแห่งประเทศไทย และการประชุมธนาคารกลางสหรัฐฯ มีมติให้คงอัตราดอกเบี้ยนโยบายไว้ที่ระดับเดิม ประกอบกับอัตราเงินเฟ้อที่ชะลอตัวลงทำให้นักลงทุนคาดว่าอัตราดอกเบี้ยมีแนวโน้มลดลงได้ ส่งผลให้มีความต้องการลงทุนในตราสารหนี้ระยะปานกลางและระยะยาวมากขึ้น สำหรับผลตอบแทน (Return) จากการลงทุนในตลาดตราสารหนี้เดือนกันยายน ดัชนีพันธบัตรรัฐบาลปรับเพิ่มขึ้น 1.35% และดัชนีหุ้นกู้เอกชนปรับเพิ่มขึ้น 0.83%  </News1><News2>&#13;&#09;แนวโน้มคาดว่าภาวะการลงทุนในตลาดตราสารหนี้จะยังคงทรงตัวอยู่ได้ เนื่องจากไม่มีแรงกดดันจากการปรับขึ้นอัตราดอกเบี้ย กลยุทธ์การลงทุนจะทยอยลงทุนในตราสารหนี้ที่มี duration ยาวขึ้น แต่อย่างไรก็ตามจะกระทำอย่างระมัดระวังเพื่อไม่ให้ผลตอบแทนของกองทุนมีความผันผวน</News2><News3>&#13;&#09;</News3><News4>&#13;&#09;</News4><News5></News5><News6></News6> </Data>  </FundReport> 
