<?xml version='1.0'?><FundReport><Data Fund='Master File'><News1>&#09;ภาวะตลาดตราสารหนี้โดยรวมในเดือนตุลาคมยังคงปรับตัวดีขึ้นเล็กน้อย แม้ว่าในระหว่างเดือนจะมีความผันผวนเกิดขึ้นบ้าง และเส้นอัตราผลตอบแทนพันธบัตรรัฐบาล (Yield Curve) มีความชันขึ้นกว่าเดิม เนื่องจากอัตราผลตอบแทนพันธบัตรรัฐบาล (Yield) ระยะยาวปรับตัวเพิ่มขึ้น ในขณะที่ Yield ระยะสั้นปรับตัวลดลง ส่วนหนึ่งเป็นผลมาจากความผันผวนของอัตราผลตอบแทนพันธบัตรรัฐบาลของสหรัฐฯ หลังจากประกาศตัวเลขความเชื่อมั่นของผู้บริโภคที่เพิ่มสูงขึ้น ทำให้นักลงทุนคาดว่าเศรษฐกิจสหรัฐฯ อาจไม่ชะลอตัวลงมากอย่างที่หลายฝ่ายคาดการณ์ไว้ แต่ในช่วงปลายเดือนเมื่อธนาคารกลางสหรัฐฯ ประกาศคงอัตราดอกเบี้ย Fed Fund ไว้ในระดับเดิมที่ 5.25% ส่งผลให้บรรยากาศการลงทุนกลับมาดีขึ้น สำหรับผลตอบแทน (Return) จากการลงทุนในตลาดตราสารหนี้เดือนตุลาคม ดัชนีพันธบัตรรัฐบาลปรับเพิ่มขึ้น 0.40% และดัชนีหุ้นกู้เอกชนปรับเพิ่มขึ้น 0.64%  </News1><News2>&#13;&#09;แนวโน้มการลงทุนในตลาดตราสารหนี้น่าจะทรงตัวอยู่ได้ จากปัจจัยเรื่องอัตราดอกเบี้ยที่ผ่านจุดสูงสุดไปแล้ว และคาดการณ์ว่าน่าจะปรับตัวลดลงได้ในปีหน้า  </News2><News3>&#13;&#09;</News3><News4>&#13;&#09;</News4><News5></News5><News6></News6> </Data>  </FundReport> 
