<?xml version='1.0'?><FundReport><Data Fund='Master File'><News1>&#09;ภาวะตลาดตราสารหนี้ในเดือนกรกฎาคมปรับตัวดีขึ้นเมื่อเทียบกับเดือนมิถุนายน อัตราผลตอบแทนพันธบัตร (Yield) อายุตั้งแต่ 3 เดือนขึ้นไปปรับตัวลดลง โดย Yield ระยะยาวปรับตัวลดลงมากกว่า Yield ระยะสั้น เนื่องจากในการประชุมคณะกรรมการนโยบายการเงินเมื่อในวันที่ 19 กรกฎาคม มีมติให้คงอัตราดอกเบี้ย R/P 14 วัน ที่ 5.00% และส่งสัญญาณว่าอัตราดอกเบี้ยดังกล่าวเป็นระดับที่เหมาะสม โดยอัตราดอกเบี้ยที่แท้จริงมีแนวโน้มจะเป็นบวกในเดือนสิงหาคม ส่งผลให้นักลงทุนคาดว่าทิศทางอัตราดอกเบี้ยน่าจะคงที่หรือลดลงได้ในช่วงครึ่งปีหลัง สำหรับผลตอบแทน (Return) จากการลงทุนในตลาดตราสารหนี้เดือนกรกฎาคม ดัชนีพันธบัตรรัฐบาลปรับตัวเพิ่มขึ้น 1.18% และดัชนีหุ้นกู้เอกชนปรับตัวเพิ่มขึ้น 0.90% </News1><News2>&#13;&#09;แนวโน้มตลาดตราสารหนี้ มีปัจจัยที่ต้องติดตาม คือ การประชุมธนาคารกลางสหรัฐฯ ในวันที่ 8 สิงหาคม ซึ่งนักลงทุนส่วนใหญ่คาดว่าโอกาสที่ธนาคารกลางสหรัฐฯ จะปรับขึ้นอัตราดอกเบี้ย Fed Fund ในการประชุมครั้งนี้มีน้อยลง เนื่องจาก GDP ของสหรัฐฯ ในไตรมาส 2 ขยายตัวเพียง 2.5% ซึ่งต่ำกว่าที่คาดการณ์กันไว้ กลยุทธ์การลงทุนจะเน้นลงทุนในตราสารหนี้ที่มี duration ประมาณ 1-2 ปี ซึ่งเป็นช่วงที่มีความชันที่สุดใน Yield Curve </News2><News3>&#13;&#09;</News3><News4>&#13;&#09;</News4><News5></News5><News6></News6> </Data>  </FundReport> 
