<?xml version='1.0'?><FundReport><Data Fund='Master File'><News1>&#09;ภาวะตลาดตราสารหนี้ในเดือนมีนาคมโดยรวมปรับตัวดีขึ้น แม้ว่าช่วงปลายเดือนจะมีแรงขายทำกำไรในพันธบัตรระยะยาวออกมาบางส่วน ภายหลังกระทรวงการคลังประกาศวงเงินการออกพันธบัตรรัฐบาลในไตรมาสที่ 3 ของปีงบประมาณ 2550 ซึ่งส่วนใหญ่จะเป็นพันธบัตรระยะยาว โดยมีวงเงินทั้งหมด 87,000 ล้านบาท แบ่งเป็นรุ่นอายุ 3 ปี 5,000 ล้านบาท อายุ 7 ปี 17,000 ล้านบาท อายุ 10 ปี 17,000 ล้านบาท และอายุ 17 ปี 48,000 ล้านบาท ตลอดทั้งเดือนอัตราผลตอบแทนพันธบัตร (Yield) ยังคงปรับตัวลดลงทุกช่วงอายุ โดย Yield ระยะสั้นและระยะปานกลางปรับตัวลดลงมากกว่า Yield ระยะยาว สำหรับผลตอบแทนของดัชนีตราสารหนี้ (Total Return of ThaiBMA Composite Bond Index) ซึ่งรวมทั้งพันธบัตรและหุ้นกู้ในเดือนมีนาคม ปรับตัวเพิ่มขึ้น 1.40%  </News1><News2>&#13;&#09;แนวโน้มการลงทุนในตลาดตราสารหนี้ คาดว่าน่าจะปรับตัวดีขึ้นได้อีก เนื่องจากอัตราดอกเบี้ยยังมีแนวโน้มปรับลดลง จากตัวเลขเศรษฐกิจล่าสุดของเดือนกุมภาพันธ์ที่ประกาศออกมาแสดงให้เห็นถึงภาวะชะลอตัวของเศรษฐกิจไทยโดยเฉพาะการบริโภคและการลงทุนของภาคเอกชน และอัตราเงินเฟ้อที่ชะลอลงอย่างชัดเจน ทำให้คาดว่า ธปท. จะดำเนินนโยบายการเงินที่ผ่อนคลายต่อไปเพื่อกระตุ้นภาวะเศรษฐกิจ แต่อย่างไรก็ตาม ปริมาณการออกพันธบัตรรัฐบาลซึ่งส่วนใหญ่เป็นพันธบัตรระยะยาว อาจทำให้ตลาดตราสารหนี้มีความผันผวนได้บ้าง </News2><News3>&#13;&#09;</News3><News4>&#13;&#09;</News4><News5></News5><News6></News6> </Data>  </FundReport> 
