<?xml version='1.0'?><FundReport><Data Fund='Master File'><News1>&#09;ตลาดตราสารหนี้ในเดือนสิงหาคมยังปรับตัวลดลงต่อเนื่องจากเดือนกรกฎาคม อัตราผลตอบแทนพันธบัตร ปรับตัวเพิ่มขึ้นทำให้ราคาตลาดของตราสารหนี้ลดต่ำลง โดยอัตราผลตอบแทนระยะปานกลางและระยะยาวปรับตัวเพิ่มขึ้นมากกว่าอัตราผลตอบแทนระยะสั้น เนื่องจากความกังวลเกี่ยวกับทิศทางการปรับขึ้นอัตราดอกเบี้ยมาตรฐานของธนาคารแห่งประเทศไทยซึ่งอาจแรงกว่าที่เคยคาดการณ์เพราะอัตราเงินเฟ้อได้เร่งตัวขึ้นมากตั้งแต่เดือนกรกฎาคม ทำให้นักลงทุนชะลอการลงทุนในตราสารหนี้ระยะปานกลางถึงระยะยาว และหันมาลงทุนในตราสารหนี้ระยะสั้นอายุ 1-3 เดือน เพื่อลดผลการขาดทุนจากอัตราผลตอบแทน (Yield) ที่อาจจะปรับตัวสูงขึ้นได้อีก ในส่วนของผลตอบแทน (Return) จากการลงทุนในตราสารหนี้เดือนสิงหาคม พันธบัตรรัฐบาลปรับตัวลดลงติดลบร้อยละ 1.35 และหุ้นกู้เอกชนปรับตัวลดลงติดลบร้อยละ 0.56 </News1><News2>&#13;&#09;แนวโน้มการลงทุนในตลาดตราสารหนี้เดือนกันยายนคาดว่าจะทรงตัวได้ ส่วนหนึ่งน่าจะเป็นผลมาจากทิศทางการเคลื่อนไหวของอัตราผลตอบแทนพันธบัตรของสหรัฐฯ ที่ปรับตัวลดลงจากความกังวลเกี่ยวกับภาวะเศรษฐกิจที่จะได้รับผลกระทบจากพายุเฮอริเคน และอาจทำให้ธนาคารกลางสหรัฐฯ ปรับขึ้นอัตราดอกเบี้ยได้อีกไม่มากนัก อย่างไรก็ตาม ผู้จัดการกองทุนจะยังคงเน้นลงทุนในตราสารหนี้ระยะสั้นเพื่อลดความเสี่ยงจากความผันผวนของตลาดในสถานการณ์ที่อัตราดอกเบี้ยมีแนวโน้มเป็นขาขึ้นเช่นนี้</News2><News3>&#13;&#09;</News3><News4>&#13;&#09;</News4><News5></News5><News6></News6> </Data>  </FundReport> 
