<?xml version='1.0'?><FundReport><Data Fund='Master File'><News1>&#09;ภาวะการลงทุนในตลาดตราสารหนี้เดือนกรกฎาคมยังคงมีความผันผวนอยู่ อัตราผลตอบแทนตราสารหนี้ (Yield) เกือบทุกช่วงอายุปรับตัวเพิ่มขึ้น ยกเว้นอายุ 1-4 ปี ที่ปรับตัวลดลง โดยในช่วงครึ่งเดือนแรก Yield ยังคงปรับตัวเพิ่มขึ้นต่อเนื่องจากเดือนมิถุนายน และปรับตัวลดลงในช่วงกลางเดือนหลังจากที่คณะกรรมการนโยบายการเงินมีมติปรับลดอัตราดอกเบี้ยนโยบายลงอีก 0.25% มาอยู่ที่ 3.25% ต่อปี ในการประชุมวันที่ 18 กรกฎาคม เพื่อกระตุ้นการใช้จ่ายภาคเอกชนในขณะที่ความเสี่ยงด้านเงินเฟ้อลดลง แต่ในช่วงปลายเดือน Yield กลับมาปรับตัวเพิ่มขึ้น เนื่องจากความต้องการลงทุนในตราสารหนี้โดยเฉพาะระยะยาวมีค่อนข้างจำกัด นักลงทุนกังวลเกี่ยวกับความไม่แน่นอนของทิศทางอัตราดอกเบี้ย ข่าวการออกพันธบัตรรัฐวิสาหกิจจำนวน 1 แสนล้านบาทเพื่อคืนเงินกู้ต่างประเทศ และ ธปท. ปรับเพิ่มประมาณการอัตราขยายตัวของ GDP ปีนี้ เป็น 4-5% สำหรับผลตอบแทนของดัชนีตราสารหนี้ (Total Return of ThaiBMA Composite Bond Index) ซึ่งรวมทั้งพันธบัตรและหุ้นกู้ในเดือนกรกฎาคมปรับตัวเพิ่มขึ้นเล็กน้อยที่ 0.22%  </News1><News2>&#13;&#09;แนวโน้มการลงทุนในตลาดตราสารหนี้อาจจะยังผันผวนต่อเนื่อง จากการที่นักลงทุนคาดว่าอัตราดอกเบี้ยอยู่ในระดับต่ำสุดแล้ว กลยุทธ์การลงทุนจะเน้นลดความเสี่ยงจากความผันผวนของตลาดโดยหาจังหวะทยอยลด Duration ของกองทุน และเน้นลงทุนในตราสารหนี้ระยะสั้นและระยะกลางเป็นหลัก   </News2><News3>&#13;&#09;</News3><News4>&#13;&#09;</News4><News5></News5><News6></News6> </Data>  </FundReport> 
