<?xml version='1.0'?><FundReport><Data Fund='Master File'><News1>&#09;ภาวะการลงทุนในตลาดตราสารหนี้เดือนพฤศจิกายนปรับตัวดีขึ้นต่อเนื่อง อัตราผลตอบแทนพันธบัตรปรับตัวลดลงทุกช่วงอายุ และเส้นอัตราผลตอบแทนพันธบัตรมีความชันในลักษณะลาดลง (Inverted Yield Curve) โดยอัตราผลตอบแทนพันธบัตรระยะสั้นสูงกว่าอัตราผลตอบแทนพันธบัตรระยะปานกลาง และเริ่มมีความชันเพิ่มขึ้นในพันธบัตรระยะยาว เนื่องจากนักลงทุนคาดการณ์ว่าอัตราดอกเบี้ยจะปรับลดลง ประกอบกับปริมาณพันธบัตรที่จะออกใหม่มีไม่มาก และปริมาณเงินทุนไหลเข้าประเทศค่อนข้างมากจากการที่เงินบาทแข็งค่าอย่างต่อเนื่อง ทำให้มีความต้องการลงทุนในตราสารหนี้มากขึ้น นอกจากนี้ส่วนหนึ่งยังเป็นผลมาจากบรรยากาศการลงทุนที่ดีขึ้นจากการปรับตัวลดลงของอัตราผลตอบแทนพันธบัตรสหรัฐฯ สำหรับผลตอบแทน (Return) จากการลงทุนในตลาดตราสารหนี้เดือนพฤศจิกายน ดัชนีพันธบัตรรัฐบาลปรับเพิ่มขึ้น 2.17% และดัชนีหุ้นกู้เอกชนปรับเพิ่มขึ้น 1.26%  </News1><News2>&#13;&#09;แนวโน้มการลงทุนในตลาดตราสารหนี้จะยังคงปรับตัวดีขึ้นได้ต่อเนื่อง ซึ่งมีปัจจัยสนับสนุนจากปริมาณเงินทุนไหลเข้า และการคาดการณ์ว่าอัตราดอกเบี้ยจะปรับตัวลดลงได้ </News2><News3>&#13;&#09;</News3><News4>&#13;&#09;</News4><News5></News5><News6></News6> </Data>  </FundReport> 
