<?xml version='1.0'?><FundReport><Data Fund='Master File'><News1>&#09;ตลาดตราสารหนี้ในเดือนสิงหาคมปรับตัวดีขึ้นต่อเนื่อง อัตราผลตอบแทนพันธบัตร (Yield) ทุกช่วงอายุปรับตัวลดลง โดย Yield ระยะยาวปรับตัวลดลงค่อนข้างมาก จากการที่นักลงทุนคาดว่าทิศทางอัตราดอกเบี้ยในครึ่งปีหลังมีแนวโน้มทรงตัวหรืออาจลดลงได้ ประกอบกับในการประชุมธนาคารกลางสหรัฐฯ เมื่อวันที่ 8 สิงหาคม มีมติไม่ปรับขึ้นอัตราดอกเบี้ย Fed Fund เป็นครั้งแรกหลังจากที่ได้ปรับขึ้นอย่างต่อเนื่องถึง 17 ครั้งในรอบกว่า 2 ปี และแม้ว่าจะมีธนาคารพาณิชย์บางแห่งประกาศปรับขึ้นอัตราดอกเบี้ยเงินฝากกันอีกรอบ ซึ่งคาดว่าเป็นกลยุทธ์ดึงดูดผู้ลงทุนระยะสั้นมากกว่าภาวะขาดสภาพคล่อง ก็ไม่ได้ส่งผลกระทบต่อตลาดตราสารหนี้มากนัก สำหรับผลตอบแทน (Return) จากการลงทุนในตลาดตราสารหนี้เดือนสิงหาคม ดัชนีพันธบัตรรัฐบาลปรับเพิ่มขึ้น 1.47% และดัชนีหุ้นกู้เอกชนปรับเพิ่มขึ้น 1.02%  </News1><News2>&#13;&#09;แนวโน้มคาดว่าอัตราดอกเบี้ยที่อยู่ในจุดสูงสุดแล้วจะเป็นปัจจัยสนับสนุนให้ภาวะตลาดตราสารหนี้ปรับตัวดีขึ้นได้ต่อเนื่อง กลยุทธ์การลงทุนจะขยาย duration ของกองทุนโดยทยอยลงทุนในตราสารหนี้ที่มีอายุยาวขึ้น</News2><News3>&#13;&#09;</News3><News4>&#13;&#09;</News4><News5></News5><News6></News6> </Data>  </FundReport> 
