<?xml version='1.0'?><FundReport><Data Fund='Master File'><News1>&#09;ภาวะตลาดตราสารหนี้ในเดือนมิถุนายนเริ่มมีความผันผวน อัตราผลตอบแทนพันธบัตร (Yield) ทุกช่วงอายุปรับตัวเพิ่มขึ้น โดย Yield ระยะยาวปรับตัวเพิ่มขึ้นมากกว่าระยะสั้น ส่วนหนึ่งเป็นผลมาจากอัตราผลตอบแทน US Treasury ของสหรัฐฯ ปรับตัวเพิ่มขึ้นมาก เนื่องจากนักลงทุนกลับมากังวลเกี่ยวกับอัตราดอกเบี้ยที่อาจจะปรับตัวสูงขึ้นได้ต่อเนื่องเพราะแรงกดดันของเงินเฟ้อ นอกจากนี้ธนาคารแห่งประเทศไทยได้ปรับขึ้นอัตราดอกเบี้ย R/P 14 วัน มาอยู่ที่ 5.00% และธนาคารกลางสหรัฐฯ ได้ปรับขึ้นอัตราดอกเบี้ย Fed Fund มาอยู่ที่ 5.25% สำหรับผลตอบแทน (Return) จากการลงทุนในตลาดตราสารหนี้เดือนมิถุนายน ดัชนีพันธบัตรรัฐบาลปรับตัวลดลง -0.45% และดัชนีหุ้นกู้เอกชนปรับตัวเพิ่มขึ้นเพียง 0.05% </News1><News2>&#13;&#09;แนวโน้มคาดว่าอัตราดอกเบี้ยจะเข้าใกล้จุดสูงสุดแล้ว กลยุทธ์การลงทุนจะทยอยลงทุนในตราสารหนี้ที่มี duration ยาวขึ้นกว่าเดิม โดยเน้นที่อายุ 1-2 ปี เนื่องจากเป็นช่วงที่มีความชันที่สุดใน Yield Curve  แต่อย่างไรก็ตามจะพิจารณาลงทุนอย่างระมัดระวังเพื่อไม่ให้ผลตอบแทนของกองทุนมีความผันผวน</News2><News3>&#13;&#09;</News3><News4>&#13;&#09;</News4><News5></News5><News6></News6> </Data>  </FundReport> 
