<?xml version='1.0'?><FundReport><Data Fund='Master File'><News1>&#09;การลงทุนในตลาดตราสารหนี้เดือนมิถุนายนประสบกับภาวะผันผวนอย่างมาก อัตราผลตอบแทนตราสารหนี้ (Yield) โดยส่วนใหญ่ปรับตัวเพิ่มขึ้นส่งผลให้ราคาตลาดของตราสารหนี้ลดต่ำลง โดยเฉพาะ Yield ระยะกลางและระยะยาวที่ปรับตัวเพิ่มขึ้นค่อนข้างมาก แต่ Yield ระยะสั้นปรับตัวลดลง ซึ่งเป็นผลมาจากปัจจัยหลัก คือการที่คณะกรรมการนโยบายการเงินได้ให้ความเห็นในการประชุมครั้งล่าสุดว่าอัตราดอกเบี้ยนโยบายในระดับ 3.50% มีความเหมาะสมแล้ว ประกอบกับอัตราการขยายตัวของ GDP ไตรมาส 1 ที่ประกาศออกมา 4.3% ดีกว่าที่หลายฝ่ายคาดการณ์ไว้จากแรงสนับสนุนของภาคการส่งออก ทำให้นักลงทุนคาดว่าคงจะไม่มีการปรับลดอัตราดอกเบี้ยนโยบายเพื่อกระตุ้นเศรษฐกิจอีก นอกจากนี้อัตราผลตอบแทนพันธบัตรของไทยปรับตัวเพิ่มขึ้นตามอัตราผลตอบแทนพันธบัตรของสหรัฐฯ ที่ปรับตัวเพิ่มขึ้นอย่างมากจากความกังวลเรื่องเงินเฟ้อที่ทำให้คาดว่าอัตราดอกเบี้ย Fed Fund ของสหรัฐฯ จะไม่มีการปรับลดลงแล้วในปีนี้ รวมทั้งการที่กองทุนฟื้นฟูจะออกพันธบัตรเพิ่มขึ้นอีก 2 แสนล้านบาท ทำให้นักลงทุนกังวลกับปริมาณพันธบัตรที่จะมีเพิ่มขึ้นจึงเทขายตราสารหนี้ที่ถือลงทุนไว้ออกมาก่อน สำหรับผลตอบแทนของดัชนีตราสารหนี้ (Total Return of ThaiBMA Composite Bond Index) ซึ่งรวมทั้งพันธบัตรและหุ้นกู้ในเดือนมิถุนายนปรับตัวลดลง –1.90%  </News1><News2>&#13;&#09;แนวโน้มการลงทุนในตลาดตราสารหนี้อาจจะยังผันผวนต่อเนื่องได้อีกระยะหนึ่ง แต่อย่างไรก็ตาม Yield ที่ปรับตัวเพิ่มขึ้นอย่างรุนแรงในช่วงที่ผ่านมาน่าจะเกิดจากการที่นักลงทุนเทขายตราสารหนี้ออกมามากเกินไป ในขณะที่ปัจจัยพื้นฐานของประเทศไทยยังไม่มีการเปลี่ยนแปลง และแนวโน้มอัตราดอกเบี้ยน่าจะยังทรงตัวอยู่ได้จนถึงกลางปีหน้า จึงคาดว่าภาวะความผันผวนดังกล่าวน่าจะชะลอลงได้บ้าง   </News2><News3>&#13;&#09;</News3><News4>&#13;&#09;</News4><News5></News5><News6></News6> </Data>  </FundReport> 
