<?xml version='1.0'?><FundReport><Data Fund='Master File'><News1>&#09;ภาวะตลาดตราสารหนี้ในเดือนพฤษภาคมปรับตัวดีขึ้นต่อเนื่องจากเดือนเมษายน อัตราผลตอบแทนพันธบัตร (Yield) ระยะยาวปรับตัวลดลง จากการที่นักลงทุนเห็นว่าอัตราดอกเบี้ยซึ่งทยอยปรับขึ้นมาโดยตลอดกำลังเข้าใกล้จุดสูงสุดแล้ว และหลังจากที่ธนาคารพาณิชย์ทยอยปรับขึ้นอัตราดอกเบี้ยอย่างต่อเนื่องส่งผลให้อัตราดอกเบี้ยเงินฝากที่แท้จริงในปัจจุบันติดลบเพียงเล็กน้อย ส่วน Yield ระยะสั้นยังปรับตัวเพิ่มขึ้นตามทิศทางการปรับขึ้นของอัตราดอกเบี้ย R/P 14 วัน ทำให้เส้นอัตราผลตอบแทนพันธบัตรรัฐบาลมีความลาดชันลดลง โดย Spread ระหว่าง Yield ระยะสั้นและระยะยาวแคบลงมาก สำหรับผลตอบแทน (Return) จากการลงทุนในตลาดตราสารหนี้เดือนพฤษภาคม ดัชนีพันธบัตรรัฐบาลปรับตัวเพิ่มขึ้น 0.71% และดัชนีหุ้นกู้เอกชนปรับตัวเพิ่มขึ้น 0.67% </News1><News2>&#13;&#09;แนวโน้มของตลาดตราสารหนี้ คาดการณ์ว่าธนาคารแห่งประเทศไทยจะปรับขึ้นอัตราดอกเบี้ย R/P 14 วันอีก 0.25% เป็น 5.00% ในการประชุมครั้งถัดไป วันที่ 7 มิถุนายน หลังจากที่ธนาคารกลางสหรัฐฯ ได้ปรับขึ้นอัตราดอกเบี้ย Fed Fund ไปอยู่ที่ 5.00% เมื่อวันที่ 10 พฤษภาคมที่ผ่านมา เพื่อลดแรงกดดันจากเงินเฟ้อ กลยุทธ์การลงทุนในภาวะที่อัตราดอกเบี้ยเข้าใกล้จุดสูงสุด จะเริ่มพิจารณาทยอยลงทุนในตราสารหนี้ที่มี duration ยาวขึ้นกว่าเดิม และแบ่งสัดส่วนฝากเงินเนื่องจากได้อัตราดอกเบี้ยที่ค่อนข้างดี</News2><News3>&#13;&#09;</News3><News4>&#13;&#09;</News4><News5></News5><News6></News6> </Data>  </FundReport> 
