<?xml version='1.0'?><FundReport><Data Fund='Master File'><News1>&#09;ภาวะการลงทุนในตลาดตราสารหนี้เดือนพฤษภาคมชะลอตัวลงจากที่ผ่านมา อัตราผลตอบแทนพันธบัตร (Yield) เคลื่อนไหวแตกต่างกันในพันธบัตรแต่ละช่วงอายุ โดย Yield ระยะสั้นปรับตัวลดลง ในขณะที่ Yield ระยะยาวอายุตั้งแต่ 7 ปี ขึ้นไปปรับตัวเพิ่มขึ้น โดยมีความผันผวนในตลาดตราสารหนี้เกิดขึ้นในช่วงปลายเดือน ภายหลังจากที่ ธปท. มีมติปรับลดอัตราดอกเบี้ยนโยบายลง 0.50% มาอยู่ที่ 3.50% ในการประชุมวันที่ 23 พฤษภาคม และเห็นว่าอัตราดอกเบี้ยในระดับดังกล่าวเหมาะสมที่จะสนับสนุนการขยายตัวทางเศรษฐกิจแล้ว ทำให้นักลงทุนคาดว่า ธปท. จะไม่มีการปรับลดอัตราดอกเบี้ยลงอีกในช่วงที่เหลือของปีนี้ จึงเทขายพันธบัตรระยะยาวออกมา และเข้าลงทุนในพันธบัตรระยะสั้นเพื่อลดความเสี่ยง สำหรับผลตอบแทนของดัชนีตราสารหนี้ (Total Return of ThaiBMA Composite Bond Index) ซึ่งรวมทั้งพันธบัตรและหุ้นกู้ในเดือนพฤษภาคม ปรับตัวเพิ่มขึ้นเพียง 0.49%  </News1><News2>&#13;&#09;แนวโน้มการลงทุนในตลาดตราสารหนี้ อาจจะมีความผันผวนอยู่เนื่องจากนักลงทุนคาดว่าอัตราดอกเบี้ยไม่มีแนวโน้มที่จะปรับลดลงได้มากกว่านี้ ซึ่งผิดไปจากที่เคยคาดการณ์กันไว้แต่แรก นอกจากนี้ปริมาณพันธบัตรรัฐบาลที่ออกมาเสนอขายซึ่งส่วนใหญ่เป็นพันธบัตรระยะยาว น่าจะเป็นอีกปัจจัยหนึ่งที่กดดันตลาดในช่วงนี้ </News2><News3>&#13;&#09;</News3><News4>&#13;&#09;</News4><News5></News5><News6></News6> </Data>  </FundReport> 
