<?xml version='1.0'?><FundReport><Data Fund='Master File'><News1>&#09;ภาวะตลาดตราสารหนี้ในเดือนแรกของปี 2549 ปรับตัวดีขึ้นต่อเนื่องจากปลายปีที่แล้ว ปริมาณการซื้อขายยังคงหนาแน่นที่ระดับ 18,430 ล้านบาทต่อวัน ส่วนหนึ่งเป็นผลมาจากเงินบาทที่แข็งค่าขึ้นทำให้มีความต้องการลงทุนจากนักลงทุนต่างประเทศเข้ามา อัตราผลตอบแทนพันธบัตร (Yield) ระยะสั้นปรับตัวเพิ่มขึ้นตามอัตราดอกเบี้ย R/P 14 วัน ที่ปรับเพิ่มขึ้นอีก 0.25% มาอยู่ที่ 4.25% ต่อปี ในขณะที่ Yield ระยะปานกลางปรับตัวลดลง ส่วน Yield ระยะยาวปรับตัวเพิ่มขึ้น เนื่องจากตราสารหนี้ระยะปานกลางได้รับความสนใจจากนักลงทุนมากกว่าตราสารหนี้ระยะยาว หลังจากที่ก่อนหน้านี้ Yield ระยะยาวได้ปรับตัวลดลงมาค่อนข้างมากแล้ว สำหรับผลตอบแทน (Return) จากการลงทุนในตลาดตราสารหนี้เดือนมกราคม ดัชนีพันธบัตรรัฐบาลปรับตัวเพิ่มขึ้น 0.37% และดัชนีหุ้นกู้เอกชนปรับตัวเพิ่มขึ้น 0.79% 

</News1><News2>&#13;&#09;แนวโน้มการลงทุนในตลาดตราสารหนี้ คาดว่าอัตราดอกเบี้ย R/P 14 วัน น่าจะใกล้จุดสูงสุดแล้ว นักลงทุนน่าจะมั่นใจในทิศทางของตลาดมากขึ้น แต่ Spread ระหว่าง Yield ระยะสั้นและระยะยาวแคบลงมากทำให้การลงทุนในตราสารหนี้ระยะยาวเริ่มให้ผลตอบแทนที่ไม่คุ้มความเสี่ยงหากตลาดเกิดความผันผวน กลยุทธ์การลงทุนจึงเน้นลงทุนในตราสารหนี้ระยะสั้นและระยะปานกลางเป็นหลัก </News2><News3>&#13;&#09;</News3><News4>&#13;&#09;</News4><News5></News5><News6></News6> </Data>  </FundReport> 
