<?xml version="1.0"?>
<FundReport>
   <Data Fund=" Master File">
      <News1>ภาวะการซื้อขายตราสารหนี้ในเดือนมกราคมเริ่มต้นเดือนแรกของปี 2547 ด้วยบรรยากาศการลงทุนที่ปรับตัวดีขึ้น จากปัจจัยเรื่องโรคไข้หวัดนกซึ่งส่งผลกระทบต่อการลงทุนในตลาดหุ้นอย่างมาก และทำให้นักลงทุนบางกลุ่มหันมาลงทุนในตลาดตราสารหนี้มากขึ้น  โดยมีปริมาณการซื้อขายเฉลี่ยต่อวันเพิ่มขึ้นถึง 12,200 ล้านบาท ส่งผลให้อัตราผลตอบแทนพันธบัตรรัฐบาลปรับตัวลดลงตลอดทุกช่วงอายุ และนักลงทุนยังคงให้ความสนใจลงทุนในหุ้นกู้ภาคเอกชนคุณภาพดีและอายุไม่ยาว สำหรับผลตอบแทนของตลาดตราสารหนี้ในเดือนมกราคมวัดจากดัชนีพันธบัตรรัฐบาลเริ่มปรับตัวเพิ่มขึ้นร้อยละ 14.88 ต่อปี และดัชนีหุ้นกู้ภาคเอกชนปรับตัวเพิ่มขึ้นร้อยละ 12.65 ต่อปี
</News1>
      <News2>สำหรับแนวโน้มการลงทุนในตลาดตราสารหนี้ในระยะข้างหน้า แม้ว่านักลงทุนจะมีความมั่นใจเข้าลงทุนมากขึ้น แต่แนวโน้มอัตราดอกเบี้ยที่คาดการณ์กันว่าจะเปลี่ยนเป็นทิศทางขาขึ้นได้ในระยะยาว น่าจะยังเป็นปัจจัยหลักที่มีผลต่อการตัดสินใจลงทุนของนักลงทุนอยู่  ซึ่งจะส่งผลให้อัตราผลตอบแทนและราคาตราสารหนี้ในตลาดรองมีความผันผวน โอกาสที่จะได้รับผลตอบแทนที่ดีจากการลงทุนในตราสารหนี้ในปี 2547 จะค่อนข้างจำกัด และกลยุทธ์การลงทุนที่เหมาะสมในสถานการณ์เช่นนี้ ผู้จัดการกองทุนจะยังคงเน้นการลงทุนในตราสารระยะสั้นและระยะกลาง เพื่อลดความเสี่ยงหากอัตราดอกเบี้ยปรับตัวสูงขึ้นในอนาคต

</News2>
      <News3 />
      <News4 />
      <News5 />
      <News6 />
   </Data>
</FundReport>