<?xml version="1.0"?>
<FundReport>
   <Data Fund=" Master File">
      <News1>ในเดือนนี้ ผู้จัดการกองทุนได้เลือกซื้อหุ้นในกลุ่มหลักๆเพิ่ม ทั้งในกลุ่มธนาคาร กลุ่มพลังงาน และกลุ่มเดินเรือ เมื่อตลาดปรับฐานลดลง และจองซื้อหุ้นที่เสนอขายให้กับประชาชนทั่วไปครั้งแรก (IPO) คือ บล. ภัทร (PHATRA) และ ขายออกทำกำไรในวันแรกที่เข้าซื้อขายในตลาดหลักทรัพย์ ภาวะการลงทุนยังคงซบเซา เนื่องจากมีปัจจัยลบต่างๆที่เข้ามากระทบเป็นระยะๆและตลาดขาดปัจจัยบวกใหม่เข้ามากระตุ้น ทำให้นักลงทุนเทขายหุ้นเพื่อลดความเสี่ยง แม้ว่าตลาดหุ้นปรับตัวลดลงจนเหลือ P/E ประมาณ 9 เท่าก็ตาม คาดว่าตลาดหุ้นน่าจะดีดกลับได้บ้างแต่น่าจะอยู่ในกรอบแคบๆ เพราะยังมีข่าวการลอยตัวน้ำมันดีเซล ซึ่งจะมีผลกระทบในระยะสั้น แต่จะเป็นผลดีในระยะยาว เพื่อลดภาระการชดเชยราคาของกองทุนน้ำมันและลดการนำเข้าน้ำมันที่สูงมาก อย่างไรก็ตาม ผู้จัดการกองทุนจะบริหารเงินกองทุนของท่านอย่างระมัดระวังและเต็มความสามารถต่อไป</News1>
      <News2 />
      <News3 />
      <News4 />
      <News5 />
      <News6 />
   </Data>
</FundReport>