<?xml version='1.0'?><FundReport><Data Fund='Master File'><News1>&#09;ภาวะตลาดตราสารหนี้ในเดือนเมษายนปรับตัวดีขึ้นเล็กน้อย  แม้ว่าในช่วงครึ่งแรกของเดือนภาวะการลงทุนยังคงผันผวนต่อเนื่องจากเดือนมีนาคม  จากการที่ธนาคารแห่งประเทศไทยได้ปรับขึ้นอัตราดอกเบี้ย R/P 14 วัน  อีก 0.25% เป็น 4.75% ต่อปี  ในวันที่ 10 เมษายน  และธนาคารพาณิชย์หลายแห่งปรับขึ้นอัตราดอกเบี้ยค่อนข้างมากเพื่อดึงเงินฝากและรักษาฐานลูกค้า  ซึ่งส่งผลให้ความต้องการลงทุนในตราสารหนี้ลดลง  แต่ในช่วงครึ่งหลังของเดือน  บรรยากาศการลงทุนเริ่มกลับมาดีขึ้น  เนื่องจากนักลงทุนเริ่มเห็นว่าการปรับเพิ่มขึ้นของอัตราดอกเบี้ยใกล้จะถึงจุดสูงสุดแล้ว  ประกอบกับค่าเงินบาทที่แข็งขึ้นทำให้มีความต้องการลงทุนในพันธบัตรเพิ่มขึ้น  สำหรับผลตอบแทน (Return) จากการลงทุนในตลาดตราสารหนี้เดือนเมษายน  ดัชนีพันธบัตรรัฐบาลปรับตัวเพิ่มขึ้น 0.68% และดัชนีหุ้นกู้เอกชนปรับตัวเพิ่มขึ้น 0.37%</News1><News2>&#13;&#09;แนวโน้มของตลาดตราสารหนี้  คาดว่าอัตราผลตอบแทนพันธบัตร (Yield)  น่าจะกลับมาผันผวนอีกครั้ง  เนื่องจากราคาน้ำมันที่พุ่งสูงขึ้นจะกดดันให้อัตราเงินเฟ้อเพิ่มขึ้นต่อเนื่อง  และส่งผลให้อัตราดอกเบี้ยยังต้องปรับเพิ่มขึ้นต่อ  ผู้จัดการกองทุนจะพยายามลดความผันผวนของกองทุนโดยเน้นลงทุนในตราสารหนี้ระยะสั้นและพิจารณาฝากเงินมากขึ้นเนื่องจากธนาคารหลายแห่งได้เสนออัตราดอกเบี้ยที่ค่อนข้างดี</News2><News3>&#13;&#09;</News3><News4>&#13;&#09;</News4><News5></News5><News6></News6> </Data>  </FundReport> 
