<?xml version='1.0'?><FundReport><Data Fund='Master File'><News1>&#09;ในเดือนเมษายนภาวะการลงทุนในตลาดตราสารหนี้ปรับตัวดีขึ้นต่อเนื่อง อัตราผลตอบแทนพันธบัตร (Yield) ยังคงปรับตัวลดลงทุกช่วงอายุ ภายหลังจากที่คณะกรรมการนโยบายการเงินปรับลดอัตราดอกเบี้ยนโยบายลงอีก 0.50% มาอยู่ที่ 4.00% ในการประชุมวันที่ 11 เมษายน นอกจากนี้ ธปท. ได้ประกาศปรับลดประมาณการขยายตัวของเศรษฐกิจไทยในปี 2550 มาอยู่ที่ 3.8-4.8% เนื่องจากการบริโภคและการลงทุนภาคเอกชนยังหดตัว แม้ว่าการส่งออกจะยังขยายตัวได้ แต่การนำเข้ายังชะลอตัวลงต่อเนื่อง ส่งสัญญาณให้เห็นถึงแนวโน้มการชะลอตัวของภาวะเศรษฐกิจในระยะข้างหน้า ทำให้นักลงทุนคาดว่าธนาคารแห่งประเทศไทยจะดำเนินนโยบายการเงินผ่อนคลายต่อไปอีก สำหรับผลตอบแทนของดัชนีตราสารหนี้ (Total Return of ThaiBMA Composite Bond Index) ซึ่งรวมทั้งพันธบัตรและหุ้นกู้ในเดือนเมษายน ปรับตัวเพิ่มขึ้น 2.13%  </News1><News2>&#13;&#09;แนวโน้มการลงทุนในตลาดตราสารหนี้ คาดว่าน่าจะปรับตัวดีขึ้นได้ต่อเนื่อง จากปัจจัยเรื่องอัตราดอกเบี้ยที่มีแนวโน้มปรับลดลงได้อีก </News2><News3>&#13;&#09;</News3><News4>&#13;&#09;</News4><News5></News5><News6></News6> </Data>  </FundReport> 
