<?xml version='1.0'?><FundReport><Data Fund='Master File'><News1>&#09;บรรยากาศการลงทุนในตลาดตราสารหนี้เดือนพฤศจิกายนเริ่มปรับตัวดีขึ้นหลังจากประสบกับภาวะผันผวนต่อเนื่องมาตั้งแต่เดือนกรกฎาคม อัตราผลตอบแทนพันธบัตร (Yield) ระยะปานกลางและระยะยาวปรับตัวลดลงจากแรงซื้อของนักลงทุนที่เห็นว่า Yield ได้ปรับตัวขึ้นมามากจากช่วงกลางปีจนอยู่ในระดับที่น่าสนใจลงทุน ในขณะที่อัตราผลตอบแทนพันธบัตรระยะสั้นปรับตัวเพิ่มขึ้นเล็กน้อย สำหรับผลตอบแทน (Return) จากการลงทุนในตลาดตราสารหนี้เดือนพฤศจิกายน ดัชนีพันธบัตรรัฐบาลปรับตัวเพิ่มขึ้น 2.49% และดัชนีหุ้นกู้เอกชนปรับตัวเพิ่มขึ้น 0.70%  </News1><News2>&#13;&#09;แนวโน้มการเคลื่อนไหวของอัตราผลตอบแทนพันธบัตรโดยรวมยังคงปรับตัวเพิ่มขึ้นตามทิศทางอัตราดอกเบี้ย ซึ่งจะกดดันให้ราคาตลาดของตราสารหนี้ปรับตัวลดลง อย่างไรก็ตามตัวเลขอัตราเงินเฟ้อทั่วไปล่าสุดในเดือนพฤศจิกายนที่ชะลอลงมาอยู่ที่ 5.9% จาก 6.2% ในเดือนตุลาคม ทำให้คาดว่าในการประชุมคณะกรรมการนโยบายการเงินครั้งสุดท้ายของปีนี้ การปรับขึ้นอัตราดอกเบี้ย R/P 14 วัน น่าจะไม่รุนแรง และคาดว่าอัตราดอกเบี้ย R/P 14 วัน จะไปสูงสุดที่ระดับ 4.75% ต่อปี ในช่วงกลางปี 2549 ซึ่งจะทำให้นักลงทุนมีความมั่นใจในทิศทางของตลาดมากขึ้น ในระยะนี้ผู้จัดการกองทุนยังคงใช้กลยุทธ์เน้นการลงทุนอย่างระมัดระวังไม่ให้อายุเฉลี่ยของตราสารหนี้ในกองทุน (Portfolio Duration) ยาวมากนัก เพื่อลดผลกระทบจากความผันผวนของตลาดตราสารหนี้ให้กับกองทุน </News2><News3>&#13;&#09;</News3><News4>&#13;&#09;</News4><News5></News5><News6></News6> </Data>  </FundReport> 
