﻿<?xml version="1.0" encoding="utf-8" ?>
<Settings FirstValueValidation="^\d+$">
  <Column Index="1" Name="Index" Type="Integer" Description="ลำดับที่" />
  <Column Index="2" Name="MEMBER_CODE" Type="String" Description="เลขที่บัญชีสมาชิก" />
  <Column Index="3" Name="MEMBER_NAME" Type="String" Description="ชื่อ-นามสกุล" />
  <Column Index="4" Name="MEMBER_TAXID" Type="String" Description="เลขประจำตัวผู้เสียภาษี" />
  <Column Index="5" Name="START_WORK" Type="DateTime" Description="วันที่เข้าทำงาน" />
  <Column Index="6" Name="DURATION_WORK" Type="Double" Description="อายุงาน" />
  <Column Index="7" Name="MCONT_DATE" Type="DateTime" Description="วันที่เข้าเป็นสมาชิก" />
  <Column Index="8" Name="DURATION_MCONT" Type="Double" Description="อายุสมาชิก" />
  <Column Index="9" Name="WORK_DATE" Type="DateTime" Description="วันที่บรรจุเป็นพนักงานประจำ" />
  <Column Index="10" Name="EXP_DATE" Type="DateTime" Description="วันพ้นสมาชิกภาพ" />
  <Column Index="11" Name="LAST_PERIOD" Type="String" Description="ส่งเงินเข้ากองทุนงวดสุดท้ายประจำเดือน" />
  <Column Index="12" Name="EXP_TYPE" Type="String" Description="เหตุที่สิ้นสมาชิกภาพ" />
  <Column Index="13" Name="AMOUNT" Type="Double" Description="ร้อยละที่ได้รับเงินสมทบและผลประโยชน์สมทบ" />
</Settings>
