﻿<?xml version="1.0" encoding="utf-8"?>
<ftc:FATCA_OECD xmlns:iso="urn:oecd:ties:isofatcatypes:v1" xmlns:stf="urn:oecd:ties:stf:v4" xmlns:sfa="urn:oecd:ties:stffatcatypes:v2" version="2" xmlns:ftc="urn:oecd:ties:fatca:v2">
  <ftc:MessageSpec>
    <sfa:SendingCompanyIN>000000.00000.TA.764</sfa:SendingCompanyIN>
    <sfa:TransmittingCountry>TH</sfa:TransmittingCountry>
    <sfa:ReceivingCountry>US</sfa:ReceivingCountry>
    <sfa:MessageType>FATCA</sfa:MessageType>
    <sfa:Contact>comp_all@thanachartfund.com</sfa:Contact>
    <sfa:MessageRefId>c38e4b97-edcc-44b1-81db-3c9f1324abd8</sfa:MessageRefId>
    <sfa:ReportingPeriod>2023-01-01</sfa:ReportingPeriod>
    <sfa:Timestamp>2023-07-10T15:02:23</sfa:Timestamp>
  </ftc:MessageSpec>
  <ftc:FATCA>
    <ftc:ReportingFI>
      <sfa:TIN>1234567890123</sfa:TIN>
      <sfa:Name>Eastspring Thailand</sfa:Name>
      <sfa:Address>
        <sfa:CountryCode>TH</sfa:CountryCode>
        <sfa:AddressFree>123/456 Samyan Mitrtown</sfa:AddressFree>
      </sfa:Address>
      <ftc:FilerCategory>FATCA604</ftc:FilerCategory>
      <ftc:DocSpec>
        <ftc:DocTypeIndic>FATCA11</ftc:DocTypeIndic>
        <ftc:DocRefId>1234567890123.40f099db-be0a-4a9f-9a23-b8fbadc41cb8</ftc:DocRefId>
      </ftc:DocSpec>
    </ftc:ReportingFI>
    <ftc:ReportingGroup>
      <ftc:AccountReport>
        <ftc:DocSpec>
          <ftc:DocTypeIndic>FATCA11</ftc:DocTypeIndic>
          <ftc:DocRefId>1234567890123.30dc1796-2be8-4e97-b2cc-ab3346cbafcd</ftc:DocRefId>
        </ftc:DocSpec>
        <ftc:AccountNumber>0001630422</ftc:AccountNumber>
        <ftc:AccountHolder>
          <ftc:Organisation>
            <sfa:Name>Chakkaphan Phisutcharoenphong</sfa:Name>
            <sfa:Address>
              <sfa:CountryCode>TH</sfa:CountryCode>
              <sfa:AddressFree>518/759 Ladprao32 Chankasem Chatuchak Bangkok</sfa:AddressFree>
            </sfa:Address>
          </ftc:Organisation>
        </ftc:AccountHolder>
        <ftc:AccountBalance currCode="THB">1000000</ftc:AccountBalance>
      </ftc:AccountReport>
    </ftc:ReportingGroup>
  </ftc:FATCA>
</ftc:FATCA_OECD>