﻿<?xml version="1.0"?>
<doc>
<assembly>
<name>
MKTNet
</name>
</assembly>
<members>
<member name="M:MKTNet.Class_Excel.GetTableCreationSql(System.Data.DataTable)">
 
 form a string which should be the sqlCommand for creating Table in oleDB
 
 
 create table [tableName] ( Column1 type, ..., Columnn Type)

</member><member name="M:MKTNet.Class_Excel.GetInsertSql(System.Data.DataTable)">
 
 form a insert statement to insert data into oleDB
 
 
 Insert Into tableName ([ColumnName1], [ColumnName2] ,...[ColumnNamen]) values (?,?,..,?) 

</member><member name="M:MKTNet.MktService.Service_MktEnq.#ctor">
	<remarks/>
</member><member name="E:MKTNet.MktService.Service_MktEnq.CustDataCompleted">
	<remarks/>
</member><member name="E:MKTNet.MktService.Service_MktEnq.MShare_DetailCompleted">
	<remarks/>
</member><member name="E:MKTNet.MktService.Service_MktEnq.Fund_ReturnCompleted">
	<remarks/>
</member><member name="E:MKTNet.MktService.Service_MktEnq.GetStatementMonthlyCompleted">
	<remarks/>
</member><member name="E:MKTNet.MktService.Service_MktEnq.GetLastWorkingDayCompleted">
	<remarks/>
</member><member name="E:MKTNet.MktService.Service_MktEnq.GetCustomerInsurancePlanCompleted">
	<remarks/>
</member><member name="E:MKTNet.MktService.Service_MktEnq.CheckOutstandingDividendCompleted">
	<remarks/>
</member><member name="M:MKTNet.MktService.Service_MktEnq.CustData(System.String,System.String)">
	<remarks/>
</member><member name="M:MKTNet.MktService.Service_MktEnq.BeginCustData(System.String,System.String,System.AsyncCallback,System.Object)">
	<remarks/>
</member><member name="M:MKTNet.MktService.Service_MktEnq.EndCustData(System.IAsyncResult)">
	<remarks/>
</member><member name="M:MKTNet.MktService.Service_MktEnq.CustDataAsync(System.String,System.String)">
	<remarks/>
</member><member name="M:MKTNet.MktService.Service_MktEnq.CustDataAsync(System.String,System.String,System.Object)">
	<remarks/>
</member><member name="M:MKTNet.MktService.Service_MktEnq.MShare_Detail(System.String,System.String,System.Boolean)">
	<remarks/>
</member><member name="M:MKTNet.MktService.Service_MktEnq.BeginMShare_Detail(System.String,System.String,System.Boolean,System.AsyncCallback,System.Object)">
	<remarks/>
</member><member name="M:MKTNet.MktService.Service_MktEnq.EndMShare_Detail(System.IAsyncResult)">
	<remarks/>
</member><member name="M:MKTNet.MktService.Service_MktEnq.MShare_DetailAsync(System.String,System.String,System.Boolean)">
	<remarks/>
</member><member name="M:MKTNet.MktService.Service_MktEnq.MShare_DetailAsync(System.String,System.String,System.Boolean,System.Object)">
	<remarks/>
</member><member name="M:MKTNet.MktService.Service_MktEnq.Fund_Return(System.String,System.String,System.String)">
	<remarks/>
</member><member name="M:MKTNet.MktService.Service_MktEnq.BeginFund_Return(System.String,System.String,System.String,System.AsyncCallback,System.Object)">
	<remarks/>
</member><member name="M:MKTNet.MktService.Service_MktEnq.EndFund_Return(System.IAsyncResult)">
	<remarks/>
</member><member name="M:MKTNet.MktService.Service_MktEnq.Fund_ReturnAsync(System.String,System.String,System.String)">
	<remarks/>
</member><member name="M:MKTNet.MktService.Service_MktEnq.Fund_ReturnAsync(System.String,System.String,System.String,System.Object)">
	<remarks/>
</member><member name="M:MKTNet.MktService.Service_MktEnq.GetStatementMonthly(System.String,System.DateTime)">
	<remarks/>
</member><member name="M:MKTNet.MktService.Service_MktEnq.BeginGetStatementMonthly(System.String,System.DateTime,System.AsyncCallback,System.Object)">
	<remarks/>
</member><member name="M:MKTNet.MktService.Service_MktEnq.EndGetStatementMonthly(System.IAsyncResult)">
	<remarks/>
</member><member name="M:MKTNet.MktService.Service_MktEnq.GetStatementMonthlyAsync(System.String,System.DateTime)">
	<remarks/>
</member><member name="M:MKTNet.MktService.Service_MktEnq.GetStatementMonthlyAsync(System.String,System.DateTime,System.Object)">
	<remarks/>
</member><member name="M:MKTNet.MktService.Service_MktEnq.GetLastWorkingDay">
	<remarks/>
</member><member name="M:MKTNet.MktService.Service_MktEnq.BeginGetLastWorkingDay(System.AsyncCallback,System.Object)">
	<remarks/>
</member><member name="M:MKTNet.MktService.Service_MktEnq.EndGetLastWorkingDay(System.IAsyncResult)">
	<remarks/>
</member><member name="M:MKTNet.MktService.Service_MktEnq.GetLastWorkingDayAsync">
	<remarks/>
</member><member name="M:MKTNet.MktService.Service_MktEnq.GetLastWorkingDayAsync(System.Object)">
	<remarks/>
</member><member name="M:MKTNet.MktService.Service_MktEnq.GetCustomerInsurancePlan(System.String)">
	<remarks/>
</member><member name="M:MKTNet.MktService.Service_MktEnq.BeginGetCustomerInsurancePlan(System.String,System.AsyncCallback,System.Object)">
	<remarks/>
</member><member name="M:MKTNet.MktService.Service_MktEnq.EndGetCustomerInsurancePlan(System.IAsyncResult)">
	<remarks/>
</member><member name="M:MKTNet.MktService.Service_MktEnq.GetCustomerInsurancePlanAsync(System.String)">
	<remarks/>
</member><member name="M:MKTNet.MktService.Service_MktEnq.GetCustomerInsurancePlanAsync(System.String,System.Object)">
	<remarks/>
</member><member name="M:MKTNet.MktService.Service_MktEnq.CheckOutstandingDividend(System.String)">
	<remarks/>
</member><member name="M:MKTNet.MktService.Service_MktEnq.BeginCheckOutstandingDividend(System.String,System.AsyncCallback,System.Object)">
	<remarks/>
</member><member name="M:MKTNet.MktService.Service_MktEnq.EndCheckOutstandingDividend(System.IAsyncResult)">
	<remarks/>
</member><member name="M:MKTNet.MktService.Service_MktEnq.CheckOutstandingDividendAsync(System.String)">
	<remarks/>
</member><member name="M:MKTNet.MktService.Service_MktEnq.CheckOutstandingDividendAsync(System.String,System.Object)">
	<remarks/>
</member><member name="M:MKTNet.MktService.Service_MktEnq.CancelAsync(System.Object)">
	<remarks/>
</member><member name="T:MKTNet.MktService.Service_MktEnq">
	<remarks/>
</member><member name="T:MKTNet.MktService.CustDataCompletedEventHandler">
	<remarks/>
</member><member name="P:MKTNet.MktService.CustDataCompletedEventArgs.Result">
	<remarks/>
</member><member name="T:MKTNet.MktService.CustDataCompletedEventArgs">
	<remarks/>
</member><member name="T:MKTNet.MktService.MShare_DetailCompletedEventHandler">
	<remarks/>
</member><member name="P:MKTNet.MktService.MShare_DetailCompletedEventArgs.Result">
	<remarks/>
</member><member name="T:MKTNet.MktService.MShare_DetailCompletedEventArgs">
	<remarks/>
</member><member name="T:MKTNet.MktService.Fund_ReturnCompletedEventHandler">
	<remarks/>
</member><member name="P:MKTNet.MktService.Fund_ReturnCompletedEventArgs.Result">
	<remarks/>
</member><member name="T:MKTNet.MktService.Fund_ReturnCompletedEventArgs">
	<remarks/>
</member><member name="T:MKTNet.MktService.GetStatementMonthlyCompletedEventHandler">
	<remarks/>
</member><member name="P:MKTNet.MktService.GetStatementMonthlyCompletedEventArgs.Result">
	<remarks/>
</member><member name="T:MKTNet.MktService.GetStatementMonthlyCompletedEventArgs">
	<remarks/>
</member><member name="T:MKTNet.MktService.GetLastWorkingDayCompletedEventHandler">
	<remarks/>
</member><member name="P:MKTNet.MktService.GetLastWorkingDayCompletedEventArgs.Result">
	<remarks/>
</member><member name="T:MKTNet.MktService.GetLastWorkingDayCompletedEventArgs">
	<remarks/>
</member><member name="T:MKTNet.MktService.GetCustomerInsurancePlanCompletedEventHandler">
	<remarks/>
</member><member name="P:MKTNet.MktService.GetCustomerInsurancePlanCompletedEventArgs.Result">
	<remarks/>
</member><member name="T:MKTNet.MktService.GetCustomerInsurancePlanCompletedEventArgs">
	<remarks/>
</member><member name="T:MKTNet.MktService.CheckOutstandingDividendCompletedEventHandler">
	<remarks/>
</member><member name="P:MKTNet.MktService.CheckOutstandingDividendCompletedEventArgs.Result">
	<remarks/>
</member><member name="T:MKTNet.MktService.CheckOutstandingDividendCompletedEventArgs">
	<remarks/>
</member><member name="T:MKTNet.Class_Mail.LibSendMail">
	<summary>
 Summary description for LibSendMail.
 </summary>
</member><member name="M:MKTNet.mkt_show_order.ComputeSelling2(System.Data.DataTable)">
	<summary>
 Calculate summary Order BUY SELL
 By Chakkaphan 17/09/2016
 </summary>
	<param name="dtSelling"></param>
	<remarks></remarks>
</member><member name="M:MKTNet.mkt_show_order.ComputeOper2(System.Data.DataTable)">
	<summary>
 Calculate summary Allotment BUY SELL
 By Chakkaphan 16/03/2016 
 </summary>
	<param name="dtOper"></param>
	<remarks></remarks>
</member><member name="M:MKTNet.mktnetPVSVC.mktnetPVSVC.#ctor">
	<remarks/>
</member><member name="E:MKTNet.mktnetPVSVC.mktnetPVSVC.CheckMKTPVCustCompleted">
	<remarks/>
</member><member name="E:MKTNet.mktnetPVSVC.mktnetPVSVC.GetMKTPVCustCompleted">
	<remarks/>
</member><member name="E:MKTNet.mktnetPVSVC.mktnetPVSVC.GetMKTPVCustMFCompleted">
	<remarks/>
</member><member name="E:MKTNet.mktnetPVSVC.mktnetPVSVC.GetMKTPVCustMFbyREFCompleted">
	<remarks/>
</member><member name="M:MKTNet.mktnetPVSVC.mktnetPVSVC.CheckMKTPVCust(System.String,System.String)">
	<remarks/>
</member><member name="M:MKTNet.mktnetPVSVC.mktnetPVSVC.BeginCheckMKTPVCust(System.String,System.String,System.AsyncCallback,System.Object)">
	<remarks/>
</member><member name="M:MKTNet.mktnetPVSVC.mktnetPVSVC.EndCheckMKTPVCust(System.IAsyncResult)">
	<remarks/>
</member><member name="M:MKTNet.mktnetPVSVC.mktnetPVSVC.CheckMKTPVCustAsync(System.String,System.String)">
	<remarks/>
</member><member name="M:MKTNet.mktnetPVSVC.mktnetPVSVC.CheckMKTPVCustAsync(System.String,System.String,System.Object)">
	<remarks/>
</member><member name="M:MKTNet.mktnetPVSVC.mktnetPVSVC.GetMKTPVCust(System.String,System.String)">
	<remarks/>
</member><member name="M:MKTNet.mktnetPVSVC.mktnetPVSVC.BeginGetMKTPVCust(System.String,System.String,System.AsyncCallback,System.Object)">
	<remarks/>
</member><member name="M:MKTNet.mktnetPVSVC.mktnetPVSVC.EndGetMKTPVCust(System.IAsyncResult)">
	<remarks/>
</member><member name="M:MKTNet.mktnetPVSVC.mktnetPVSVC.GetMKTPVCustAsync(System.String,System.String)">
	<remarks/>
</member><member name="M:MKTNet.mktnetPVSVC.mktnetPVSVC.GetMKTPVCustAsync(System.String,System.String,System.Object)">
	<remarks/>
</member><member name="M:MKTNet.mktnetPVSVC.mktnetPVSVC.GetMKTPVCustMF(System.String,System.String)">
	<remarks/>
</member><member name="M:MKTNet.mktnetPVSVC.mktnetPVSVC.BeginGetMKTPVCustMF(System.String,System.String,System.AsyncCallback,System.Object)">
	<remarks/>
</member><member name="M:MKTNet.mktnetPVSVC.mktnetPVSVC.EndGetMKTPVCustMF(System.IAsyncResult)">
	<remarks/>
</member><member name="M:MKTNet.mktnetPVSVC.mktnetPVSVC.GetMKTPVCustMFAsync(System.String,System.String)">
	<remarks/>
</member><member name="M:MKTNet.mktnetPVSVC.mktnetPVSVC.GetMKTPVCustMFAsync(System.String,System.String,System.Object)">
	<remarks/>
</member><member name="M:MKTNet.mktnetPVSVC.mktnetPVSVC.GetMKTPVCustMFbyREF(System.String,System.String,System.String)">
	<remarks/>
</member><member name="M:MKTNet.mktnetPVSVC.mktnetPVSVC.BeginGetMKTPVCustMFbyREF(System.String,System.String,System.String,System.AsyncCallback,System.Object)">
	<remarks/>
</member><member name="M:MKTNet.mktnetPVSVC.mktnetPVSVC.EndGetMKTPVCustMFbyREF(System.IAsyncResult)">
	<remarks/>
</member><member name="M:MKTNet.mktnetPVSVC.mktnetPVSVC.GetMKTPVCustMFbyREFAsync(System.String,System.String,System.String)">
	<remarks/>
</member><member name="M:MKTNet.mktnetPVSVC.mktnetPVSVC.GetMKTPVCustMFbyREFAsync(System.String,System.String,System.String,System.Object)">
	<remarks/>
</member><member name="M:MKTNet.mktnetPVSVC.mktnetPVSVC.CancelAsync(System.Object)">
	<remarks/>
</member><member name="T:MKTNet.mktnetPVSVC.mktnetPVSVC">
	<remarks/>
</member><member name="T:MKTNet.mktnetPVSVC.CheckMKTPVCustCompletedEventHandler">
	<remarks/>
</member><member name="P:MKTNet.mktnetPVSVC.CheckMKTPVCustCompletedEventArgs.Result">
	<remarks/>
</member><member name="T:MKTNet.mktnetPVSVC.CheckMKTPVCustCompletedEventArgs">
	<remarks/>
</member><member name="T:MKTNet.mktnetPVSVC.GetMKTPVCustCompletedEventHandler">
	<remarks/>
</member><member name="P:MKTNet.mktnetPVSVC.GetMKTPVCustCompletedEventArgs.Result">
	<remarks/>
</member><member name="T:MKTNet.mktnetPVSVC.GetMKTPVCustCompletedEventArgs">
	<remarks/>
</member><member name="T:MKTNet.mktnetPVSVC.GetMKTPVCustMFCompletedEventHandler">
	<remarks/>
</member><member name="P:MKTNet.mktnetPVSVC.GetMKTPVCustMFCompletedEventArgs.Result">
	<remarks/>
</member><member name="T:MKTNet.mktnetPVSVC.GetMKTPVCustMFCompletedEventArgs">
	<remarks/>
</member><member name="T:MKTNet.mktnetPVSVC.GetMKTPVCustMFbyREFCompletedEventHandler">
	<remarks/>
</member><member name="P:MKTNet.mktnetPVSVC.GetMKTPVCustMFbyREFCompletedEventArgs.Result">
	<remarks/>
</member><member name="T:MKTNet.mktnetPVSVC.GetMKTPVCustMFbyREFCompletedEventArgs">
	<remarks/>
</member><member name="M:MKTNet.mktnetRMFLTFsvc.mktnetRMFLTFSVC.#ctor">
	<remarks/>
</member><member name="E:MKTNet.mktnetRMFLTFsvc.mktnetRMFLTFSVC.GetCustLTFCompleted">
	<remarks/>
</member><member name="E:MKTNet.mktnetRMFLTFsvc.mktnetRMFLTFSVC.GetCustLTFbyFundCompleted">
	<remarks/>
</member><member name="E:MKTNet.mktnetRMFLTFsvc.mktnetRMFLTFSVC.GetCustLTFFundCompleted">
	<remarks/>
</member><member name="E:MKTNet.mktnetRMFLTFsvc.mktnetRMFLTFSVC.GetCustLTFSummaryCompleted">
	<remarks/>
</member><member name="E:MKTNet.mktnetRMFLTFsvc.mktnetRMFLTFSVC.GetCustLTFCertCompleted">
	<remarks/>
</member><member name="E:MKTNet.mktnetRMFLTFsvc.mktnetRMFLTFSVC.GetCustLTFCertByYearCompleted">
	<remarks/>
</member><member name="E:MKTNet.mktnetRMFLTFsvc.mktnetRMFLTFSVC.GetCustLTFCertDetailCompleted">
	<remarks/>
</member><member name="E:MKTNet.mktnetRMFLTFsvc.mktnetRMFLTFSVC.GetCustLTFRedeemCompleted">
	<remarks/>
</member><member name="E:MKTNet.mktnetRMFLTFsvc.mktnetRMFLTFSVC.GetCustLTFRedeemByYearCompleted">
	<remarks/>
</member><member name="E:MKTNet.mktnetRMFLTFsvc.mktnetRMFLTFSVC.GetCustLTFRedeemDetailCompleted">
	<remarks/>
</member><member name="E:MKTNet.mktnetRMFLTFsvc.mktnetRMFLTFSVC.GetCustLTFRedeemDetail2Completed">
	<remarks/>
</member><member name="E:MKTNet.mktnetRMFLTFsvc.mktnetRMFLTFSVC.GetCustLTFSwithInCompleted">
	<remarks/>
</member><member name="E:MKTNet.mktnetRMFLTFsvc.mktnetRMFLTFSVC.GetCustLTFSwithInByCisCompleted">
	<remarks/>
</member><member name="E:MKTNet.mktnetRMFLTFsvc.mktnetRMFLTFSVC.GetCustRMFCompleted">
	<remarks/>
</member><member name="E:MKTNet.mktnetRMFLTFsvc.mktnetRMFLTFSVC.GetCustRMFbyFundCompleted">
	<remarks/>
</member><member name="E:MKTNet.mktnetRMFLTFsvc.mktnetRMFLTFSVC.GetCustRMFFundCompleted">
	<remarks/>
</member><member name="E:MKTNet.mktnetRMFLTFsvc.mktnetRMFLTFSVC.GetCustRMFSummaryCompleted">
	<remarks/>
</member><member name="E:MKTNet.mktnetRMFLTFsvc.mktnetRMFLTFSVC.GetCustRMFCertCompleted">
	<remarks/>
</member><member name="E:MKTNet.mktnetRMFLTFsvc.mktnetRMFLTFSVC.GetCustRMFCertByYearCompleted">
	<remarks/>
</member><member name="E:MKTNet.mktnetRMFLTFsvc.mktnetRMFLTFSVC.GetCustRMFCertDetailCompleted">
	<remarks/>
</member><member name="E:MKTNet.mktnetRMFLTFsvc.mktnetRMFLTFSVC.GetCustRMFRedeemCompleted">
	<remarks/>
</member><member name="E:MKTNet.mktnetRMFLTFsvc.mktnetRMFLTFSVC.GetCustRMFRedeemByYearCompleted">
	<remarks/>
</member><member name="E:MKTNet.mktnetRMFLTFsvc.mktnetRMFLTFSVC.GetCustRMFRedeemDetailCompleted">
	<remarks/>
</member><member name="E:MKTNet.mktnetRMFLTFsvc.mktnetRMFLTFSVC.GetCustRMFRedeemDetail2Completed">
	<remarks/>
</member><member name="E:MKTNet.mktnetRMFLTFsvc.mktnetRMFLTFSVC.GetCustRMFSwithInCompleted">
	<remarks/>
</member><member name="E:MKTNet.mktnetRMFLTFsvc.mktnetRMFLTFSVC.GetCustRMFSwithInByCisCompleted">
	<remarks/>
</member><member name="E:MKTNet.mktnetRMFLTFsvc.mktnetRMFLTFSVC.GetRefNoCompleted">
	<remarks/>
</member><member name="E:MKTNet.mktnetRMFLTFsvc.mktnetRMFLTFSVC.GetRMFFirstDateCompleted">
	<remarks/>
</member><member name="E:MKTNet.mktnetRMFLTFsvc.mktnetRMFLTFSVC.GetCustAgeCompleted">
	<remarks/>
</member><member name="E:MKTNet.mktnetRMFLTFsvc.mktnetRMFLTFSVC.TEST2Completed">
	<remarks/>
</member><member name="M:MKTNet.mktnetRMFLTFsvc.mktnetRMFLTFSVC.GetCustLTF(System.String,System.String,System.String)">
	<remarks/>
</member><member name="M:MKTNet.mktnetRMFLTFsvc.mktnetRMFLTFSVC.BeginGetCustLTF(System.String,System.String,System.String,System.AsyncCallback,System.Object)">
	<remarks/>
</member><member name="M:MKTNet.mktnetRMFLTFsvc.mktnetRMFLTFSVC.EndGetCustLTF(System.IAsyncResult)">
	<remarks/>
</member><member name="M:MKTNet.mktnetRMFLTFsvc.mktnetRMFLTFSVC.GetCustLTFAsync(System.String,System.String,System.String)">
	<remarks/>
</member><member name="M:MKTNet.mktnetRMFLTFsvc.mktnetRMFLTFSVC.GetCustLTFAsync(System.String,System.String,System.String,System.Object)">
	<remarks/>
</member><member name="M:MKTNet.mktnetRMFLTFsvc.mktnetRMFLTFSVC.GetCustLTFbyFund(System.String,System.String,System.String,System.String)">
	<remarks/>
</member><member name="M:MKTNet.mktnetRMFLTFsvc.mktnetRMFLTFSVC.BeginGetCustLTFbyFund(System.String,System.String,System.String,System.String,System.AsyncCallback,System.Object)">
	<remarks/>
</member><member name="M:MKTNet.mktnetRMFLTFsvc.mktnetRMFLTFSVC.EndGetCustLTFbyFund(System.IAsyncResult)">
	<remarks/>
</member><member name="M:MKTNet.mktnetRMFLTFsvc.mktnetRMFLTFSVC.GetCustLTFbyFundAsync(System.String,System.String,System.String,System.String)">
	<remarks/>
</member><member name="M:MKTNet.mktnetRMFLTFsvc.mktnetRMFLTFSVC.GetCustLTFbyFundAsync(System.String,System.String,System.String,System.String,System.Object)">
	<remarks/>
</member><member name="M:MKTNet.mktnetRMFLTFsvc.mktnetRMFLTFSVC.GetCustLTFFund(System.String,System.String,System.String)">
	<remarks/>
</member><member name="M:MKTNet.mktnetRMFLTFsvc.mktnetRMFLTFSVC.BeginGetCustLTFFund(System.String,System.String,System.String,System.AsyncCallback,System.Object)">
	<remarks/>
</member><member name="M:MKTNet.mktnetRMFLTFsvc.mktnetRMFLTFSVC.EndGetCustLTFFund(System.IAsyncResult)">
	<remarks/>
</member><member name="M:MKTNet.mktnetRMFLTFsvc.mktnetRMFLTFSVC.GetCustLTFFundAsync(System.String,System.String,System.String)">
	<remarks/>
</member><member name="M:MKTNet.mktnetRMFLTFsvc.mktnetRMFLTFSVC.GetCustLTFFundAsync(System.String,System.String,System.String,System.Object)">
	<remarks/>
</member><member name="M:MKTNet.mktnetRMFLTFsvc.mktnetRMFLTFSVC.GetCustLTFSummary(System.String,System.String,System.String)">
	<remarks/>
</member><member name="M:MKTNet.mktnetRMFLTFsvc.mktnetRMFLTFSVC.BeginGetCustLTFSummary(System.String,System.String,System.String,System.AsyncCallback,System.Object)">
	<remarks/>
</member><member name="M:MKTNet.mktnetRMFLTFsvc.mktnetRMFLTFSVC.EndGetCustLTFSummary(System.IAsyncResult)">
	<remarks/>
</member><member name="M:MKTNet.mktnetRMFLTFsvc.mktnetRMFLTFSVC.GetCustLTFSummaryAsync(System.String,System.String,System.String)">
	<remarks/>
</member><member name="M:MKTNet.mktnetRMFLTFsvc.mktnetRMFLTFSVC.GetCustLTFSummaryAsync(System.String,System.String,System.String,System.Object)">
	<remarks/>
</member><member name="M:MKTNet.mktnetRMFLTFsvc.mktnetRMFLTFSVC.GetCustLTFCert(System.String,System.String,System.String)">
	<remarks/>
</member><member name="M:MKTNet.mktnetRMFLTFsvc.mktnetRMFLTFSVC.BeginGetCustLTFCert(System.String,System.String,System.String,System.AsyncCallback,System.Object)">
	<remarks/>
</member><member name="M:MKTNet.mktnetRMFLTFsvc.mktnetRMFLTFSVC.EndGetCustLTFCert(System.IAsyncResult)">
	<remarks/>
</member><member name="M:MKTNet.mktnetRMFLTFsvc.mktnetRMFLTFSVC.GetCustLTFCertAsync(System.String,System.String,System.String)">
	<remarks/>
</member><member name="M:MKTNet.mktnetRMFLTFsvc.mktnetRMFLTFSVC.GetCustLTFCertAsync(System.String,System.String,System.String,System.Object)">
	<remarks/>
</member><member name="M:MKTNet.mktnetRMFLTFsvc.mktnetRMFLTFSVC.GetCustLTFCertByYear(System.String,System.String,System.String,System.String)">
	<remarks/>
</member><member name="M:MKTNet.mktnetRMFLTFsvc.mktnetRMFLTFSVC.BeginGetCustLTFCertByYear(System.String,System.String,System.String,System.String,System.AsyncCallback,System.Object)">
	<remarks/>
</member><member name="M:MKTNet.mktnetRMFLTFsvc.mktnetRMFLTFSVC.EndGetCustLTFCertByYear(System.IAsyncResult)">
	<remarks/>
</member><member name="M:MKTNet.mktnetRMFLTFsvc.mktnetRMFLTFSVC.GetCustLTFCertByYearAsync(System.String,System.String,System.String,System.String)">
	<remarks/>
</member><member name="M:MKTNet.mktnetRMFLTFsvc.mktnetRMFLTFSVC.GetCustLTFCertByYearAsync(System.String,System.String,System.String,System.String,System.Object)">
	<remarks/>
</member><member name="M:MKTNet.mktnetRMFLTFsvc.mktnetRMFLTFSVC.GetCustLTFCertDetail(System.String,System.String,System.String,System.String,System.String)">
	<remarks/>
</member><member name="M:MKTNet.mktnetRMFLTFsvc.mktnetRMFLTFSVC.BeginGetCustLTFCertDetail(System.String,System.String,System.String,System.String,System.String,System.AsyncCallback,System.Object)">
	<remarks/>
</member><member name="M:MKTNet.mktnetRMFLTFsvc.mktnetRMFLTFSVC.EndGetCustLTFCertDetail(System.IAsyncResult)">
	<remarks/>
</member><member name="M:MKTNet.mktnetRMFLTFsvc.mktnetRMFLTFSVC.GetCustLTFCertDetailAsync(System.String,System.String,System.String,System.String,System.String)">
	<remarks/>
</member><member name="M:MKTNet.mktnetRMFLTFsvc.mktnetRMFLTFSVC.GetCustLTFCertDetailAsync(System.String,System.String,System.String,System.String,System.String,System.Object)">
	<remarks/>
</member><member name="M:MKTNet.mktnetRMFLTFsvc.mktnetRMFLTFSVC.GetCustLTFRedeem(System.String,System.String,System.String)">
	<remarks/>
</member><member name="M:MKTNet.mktnetRMFLTFsvc.mktnetRMFLTFSVC.BeginGetCustLTFRedeem(System.String,System.String,System.String,System.AsyncCallback,System.Object)">
	<remarks/>
</member><member name="M:MKTNet.mktnetRMFLTFsvc.mktnetRMFLTFSVC.EndGetCustLTFRedeem(System.IAsyncResult)">
	<remarks/>
</member><member name="M:MKTNet.mktnetRMFLTFsvc.mktnetRMFLTFSVC.GetCustLTFRedeemAsync(System.String,System.String,System.String)">
	<remarks/>
</member><member name="M:MKTNet.mktnetRMFLTFsvc.mktnetRMFLTFSVC.GetCustLTFRedeemAsync(System.String,System.String,System.String,System.Object)">
	<remarks/>
</member><member name="M:MKTNet.mktnetRMFLTFsvc.mktnetRMFLTFSVC.GetCustLTFRedeemByYear(System.String,System.String,System.String,System.String)">
	<remarks/>
</member><member name="M:MKTNet.mktnetRMFLTFsvc.mktnetRMFLTFSVC.BeginGetCustLTFRedeemByYear(System.String,System.String,System.String,System.String,System.AsyncCallback,System.Object)">
	<remarks/>
</member><member name="M:MKTNet.mktnetRMFLTFsvc.mktnetRMFLTFSVC.EndGetCustLTFRedeemByYear(System.IAsyncResult)">
	<remarks/>
</member><member name="M:MKTNet.mktnetRMFLTFsvc.mktnetRMFLTFSVC.GetCustLTFRedeemByYearAsync(System.String,System.String,System.String,System.String)">
	<remarks/>
</member><member name="M:MKTNet.mktnetRMFLTFsvc.mktnetRMFLTFSVC.GetCustLTFRedeemByYearAsync(System.String,System.String,System.String,System.String,System.Object)">
	<remarks/>
</member><member name="M:MKTNet.mktnetRMFLTFsvc.mktnetRMFLTFSVC.GetCustLTFRedeemDetail(System.String,System.String,System.String,System.String,System.String)">
	<remarks/>
</member><member name="M:MKTNet.mktnetRMFLTFsvc.mktnetRMFLTFSVC.BeginGetCustLTFRedeemDetail(System.String,System.String,System.String,System.String,System.String,System.AsyncCallback,System.Object)">
	<remarks/>
</member><member name="M:MKTNet.mktnetRMFLTFsvc.mktnetRMFLTFSVC.EndGetCustLTFRedeemDetail(System.IAsyncResult)">
	<remarks/>
</member><member name="M:MKTNet.mktnetRMFLTFsvc.mktnetRMFLTFSVC.GetCustLTFRedeemDetailAsync(System.String,System.String,System.String,System.String,System.String)">
	<remarks/>
</member><member name="M:MKTNet.mktnetRMFLTFsvc.mktnetRMFLTFSVC.GetCustLTFRedeemDetailAsync(System.String,System.String,System.String,System.String,System.String,System.Object)">
	<remarks/>
</member><member name="M:MKTNet.mktnetRMFLTFsvc.mktnetRMFLTFSVC.GetCustLTFRedeemDetail2(System.String,System.String,System.String,System.String,System.String,System.String)">
	<remarks/>
</member><member name="M:MKTNet.mktnetRMFLTFsvc.mktnetRMFLTFSVC.BeginGetCustLTFRedeemDetail2(System.String,System.String,System.String,System.String,System.String,System.String,System.AsyncCallback,System.Object)">
	<remarks/>
</member><member name="M:MKTNet.mktnetRMFLTFsvc.mktnetRMFLTFSVC.EndGetCustLTFRedeemDetail2(System.IAsyncResult)">
	<remarks/>
</member><member name="M:MKTNet.mktnetRMFLTFsvc.mktnetRMFLTFSVC.GetCustLTFRedeemDetail2Async(System.String,System.String,System.String,System.String,System.String,System.String)">
	<remarks/>
</member><member name="M:MKTNet.mktnetRMFLTFsvc.mktnetRMFLTFSVC.GetCustLTFRedeemDetail2Async(System.String,System.String,System.String,System.String,System.String,System.String,System.Object)">
	<remarks/>
</member><member name="M:MKTNet.mktnetRMFLTFsvc.mktnetRMFLTFSVC.GetCustLTFSwithIn(System.String,System.String,System.String)">
	<remarks/>
</member><member name="M:MKTNet.mktnetRMFLTFsvc.mktnetRMFLTFSVC.BeginGetCustLTFSwithIn(System.String,System.String,System.String,System.AsyncCallback,System.Object)">
	<remarks/>
</member><member name="M:MKTNet.mktnetRMFLTFsvc.mktnetRMFLTFSVC.EndGetCustLTFSwithIn(System.IAsyncResult)">
	<remarks/>
</member><member name="M:MKTNet.mktnetRMFLTFsvc.mktnetRMFLTFSVC.GetCustLTFSwithInAsync(System.String,System.String,System.String)">
	<remarks/>
</member><member name="M:MKTNet.mktnetRMFLTFsvc.mktnetRMFLTFSVC.GetCustLTFSwithInAsync(System.String,System.String,System.String,System.Object)">
	<remarks/>
</member><member name="M:MKTNet.mktnetRMFLTFsvc.mktnetRMFLTFSVC.GetCustLTFSwithInByCis(System.String,System.String,System.String)">
	<remarks/>
</member><member name="M:MKTNet.mktnetRMFLTFsvc.mktnetRMFLTFSVC.BeginGetCustLTFSwithInByCis(System.String,System.String,System.String,System.AsyncCallback,System.Object)">
	<remarks/>
</member><member name="M:MKTNet.mktnetRMFLTFsvc.mktnetRMFLTFSVC.EndGetCustLTFSwithInByCis(System.IAsyncResult)">
	<remarks/>
</member><member name="M:MKTNet.mktnetRMFLTFsvc.mktnetRMFLTFSVC.GetCustLTFSwithInByCisAsync(System.String,System.String,System.String)">
	<remarks/>
</member><member name="M:MKTNet.mktnetRMFLTFsvc.mktnetRMFLTFSVC.GetCustLTFSwithInByCisAsync(System.String,System.String,System.String,System.Object)">
	<remarks/>
</member><member name="M:MKTNet.mktnetRMFLTFsvc.mktnetRMFLTFSVC.GetCustRMF(System.String,System.String,System.String)">
	<remarks/>
</member><member name="M:MKTNet.mktnetRMFLTFsvc.mktnetRMFLTFSVC.BeginGetCustRMF(System.String,System.String,System.String,System.AsyncCallback,System.Object)">
	<remarks/>
</member><member name="M:MKTNet.mktnetRMFLTFsvc.mktnetRMFLTFSVC.EndGetCustRMF(System.IAsyncResult)">
	<remarks/>
</member><member name="M:MKTNet.mktnetRMFLTFsvc.mktnetRMFLTFSVC.GetCustRMFAsync(System.String,System.String,System.String)">
	<remarks/>
</member><member name="M:MKTNet.mktnetRMFLTFsvc.mktnetRMFLTFSVC.GetCustRMFAsync(System.String,System.String,System.String,System.Object)">
	<remarks/>
</member><member name="M:MKTNet.mktnetRMFLTFsvc.mktnetRMFLTFSVC.GetCustRMFbyFund(System.String,System.String,System.String,System.String)">
	<remarks/>
</member><member name="M:MKTNet.mktnetRMFLTFsvc.mktnetRMFLTFSVC.BeginGetCustRMFbyFund(System.String,System.String,System.String,System.String,System.AsyncCallback,System.Object)">
	<remarks/>
</member><member name="M:MKTNet.mktnetRMFLTFsvc.mktnetRMFLTFSVC.EndGetCustRMFbyFund(System.IAsyncResult)">
	<remarks/>
</member><member name="M:MKTNet.mktnetRMFLTFsvc.mktnetRMFLTFSVC.GetCustRMFbyFundAsync(System.String,System.String,System.String,System.String)">
	<remarks/>
</member><member name="M:MKTNet.mktnetRMFLTFsvc.mktnetRMFLTFSVC.GetCustRMFbyFundAsync(System.String,System.String,System.String,System.String,System.Object)">
	<remarks/>
</member><member name="M:MKTNet.mktnetRMFLTFsvc.mktnetRMFLTFSVC.GetCustRMFFund(System.String,System.String,System.String)">
	<remarks/>
</member><member name="M:MKTNet.mktnetRMFLTFsvc.mktnetRMFLTFSVC.BeginGetCustRMFFund(System.String,System.String,System.String,System.AsyncCallback,System.Object)">
	<remarks/>
</member><member name="M:MKTNet.mktnetRMFLTFsvc.mktnetRMFLTFSVC.EndGetCustRMFFund(System.IAsyncResult)">
	<remarks/>
</member><member name="M:MKTNet.mktnetRMFLTFsvc.mktnetRMFLTFSVC.GetCustRMFFundAsync(System.String,System.String,System.String)">
	<remarks/>
</member><member name="M:MKTNet.mktnetRMFLTFsvc.mktnetRMFLTFSVC.GetCustRMFFundAsync(System.String,System.String,System.String,System.Object)">
	<remarks/>
</member><member name="M:MKTNet.mktnetRMFLTFsvc.mktnetRMFLTFSVC.GetCustRMFSummary(System.String,System.String,System.String)">
	<remarks/>
</member><member name="M:MKTNet.mktnetRMFLTFsvc.mktnetRMFLTFSVC.BeginGetCustRMFSummary(System.String,System.String,System.String,System.AsyncCallback,System.Object)">
	<remarks/>
</member><member name="M:MKTNet.mktnetRMFLTFsvc.mktnetRMFLTFSVC.EndGetCustRMFSummary(System.IAsyncResult)">
	<remarks/>
</member><member name="M:MKTNet.mktnetRMFLTFsvc.mktnetRMFLTFSVC.GetCustRMFSummaryAsync(System.String,System.String,System.String)">
	<remarks/>
</member><member name="M:MKTNet.mktnetRMFLTFsvc.mktnetRMFLTFSVC.GetCustRMFSummaryAsync(System.String,System.String,System.String,System.Object)">
	<remarks/>
</member><member name="M:MKTNet.mktnetRMFLTFsvc.mktnetRMFLTFSVC.GetCustRMFCert(System.String,System.String,System.String)">
	<remarks/>
</member><member name="M:MKTNet.mktnetRMFLTFsvc.mktnetRMFLTFSVC.BeginGetCustRMFCert(System.String,System.String,System.String,System.AsyncCallback,System.Object)">
	<remarks/>
</member><member name="M:MKTNet.mktnetRMFLTFsvc.mktnetRMFLTFSVC.EndGetCustRMFCert(System.IAsyncResult)">
	<remarks/>
</member><member name="M:MKTNet.mktnetRMFLTFsvc.mktnetRMFLTFSVC.GetCustRMFCertAsync(System.String,System.String,System.String)">
	<remarks/>
</member><member name="M:MKTNet.mktnetRMFLTFsvc.mktnetRMFLTFSVC.GetCustRMFCertAsync(System.String,System.String,System.String,System.Object)">
	<remarks/>
</member><member name="M:MKTNet.mktnetRMFLTFsvc.mktnetRMFLTFSVC.GetCustRMFCertByYear(System.String,System.String,System.String,System.String)">
	<remarks/>
</member><member name="M:MKTNet.mktnetRMFLTFsvc.mktnetRMFLTFSVC.BeginGetCustRMFCertByYear(System.String,System.String,System.String,System.String,System.AsyncCallback,System.Object)">
	<remarks/>
</member><member name="M:MKTNet.mktnetRMFLTFsvc.mktnetRMFLTFSVC.EndGetCustRMFCertByYear(System.IAsyncResult)">
	<remarks/>
</member><member name="M:MKTNet.mktnetRMFLTFsvc.mktnetRMFLTFSVC.GetCustRMFCertByYearAsync(System.String,System.String,System.String,System.String)">
	<remarks/>
</member><member name="M:MKTNet.mktnetRMFLTFsvc.mktnetRMFLTFSVC.GetCustRMFCertByYearAsync(System.String,System.String,System.String,System.String,System.Object)">
	<remarks/>
</member><member name="M:MKTNet.mktnetRMFLTFsvc.mktnetRMFLTFSVC.GetCustRMFCertDetail(System.String,System.String,System.String,System.String,System.String)">
	<remarks/>
</member><member name="M:MKTNet.mktnetRMFLTFsvc.mktnetRMFLTFSVC.BeginGetCustRMFCertDetail(System.String,System.String,System.String,System.String,System.String,System.AsyncCallback,System.Object)">
	<remarks/>
</member><member name="M:MKTNet.mktnetRMFLTFsvc.mktnetRMFLTFSVC.EndGetCustRMFCertDetail(System.IAsyncResult)">
	<remarks/>
</member><member name="M:MKTNet.mktnetRMFLTFsvc.mktnetRMFLTFSVC.GetCustRMFCertDetailAsync(System.String,System.String,System.String,System.String,System.String)">
	<remarks/>
</member><member name="M:MKTNet.mktnetRMFLTFsvc.mktnetRMFLTFSVC.GetCustRMFCertDetailAsync(System.String,System.String,System.String,System.String,System.String,System.Object)">
	<remarks/>
</member><member name="M:MKTNet.mktnetRMFLTFsvc.mktnetRMFLTFSVC.GetCustRMFRedeem(System.String,System.String,System.String)">
	<remarks/>
</member><member name="M:MKTNet.mktnetRMFLTFsvc.mktnetRMFLTFSVC.BeginGetCustRMFRedeem(System.String,System.String,System.String,System.AsyncCallback,System.Object)">
	<remarks/>
</member><member name="M:MKTNet.mktnetRMFLTFsvc.mktnetRMFLTFSVC.EndGetCustRMFRedeem(System.IAsyncResult)">
	<remarks/>
</member><member name="M:MKTNet.mktnetRMFLTFsvc.mktnetRMFLTFSVC.GetCustRMFRedeemAsync(System.String,System.String,System.String)">
	<remarks/>
</member><member name="M:MKTNet.mktnetRMFLTFsvc.mktnetRMFLTFSVC.GetCustRMFRedeemAsync(System.String,System.String,System.String,System.Object)">
	<remarks/>
</member><member name="M:MKTNet.mktnetRMFLTFsvc.mktnetRMFLTFSVC.GetCustRMFRedeemByYear(System.String,System.String,System.String,System.String)">
	<remarks/>
</member><member name="M:MKTNet.mktnetRMFLTFsvc.mktnetRMFLTFSVC.BeginGetCustRMFRedeemByYear(System.String,System.String,System.String,System.String,System.AsyncCallback,System.Object)">
	<remarks/>
</member><member name="M:MKTNet.mktnetRMFLTFsvc.mktnetRMFLTFSVC.EndGetCustRMFRedeemByYear(System.IAsyncResult)">
	<remarks/>
</member><member name="M:MKTNet.mktnetRMFLTFsvc.mktnetRMFLTFSVC.GetCustRMFRedeemByYearAsync(System.String,System.String,System.String,System.String)">
	<remarks/>
</member><member name="M:MKTNet.mktnetRMFLTFsvc.mktnetRMFLTFSVC.GetCustRMFRedeemByYearAsync(System.String,System.String,System.String,System.String,System.Object)">
	<remarks/>
</member><member name="M:MKTNet.mktnetRMFLTFsvc.mktnetRMFLTFSVC.GetCustRMFRedeemDetail(System.String,System.String,System.String,System.String,System.String)">
	<remarks/>
</member><member name="M:MKTNet.mktnetRMFLTFsvc.mktnetRMFLTFSVC.BeginGetCustRMFRedeemDetail(System.String,System.String,System.String,System.String,System.String,System.AsyncCallback,System.Object)">
	<remarks/>
</member><member name="M:MKTNet.mktnetRMFLTFsvc.mktnetRMFLTFSVC.EndGetCustRMFRedeemDetail(System.IAsyncResult)">
	<remarks/>
</member><member name="M:MKTNet.mktnetRMFLTFsvc.mktnetRMFLTFSVC.GetCustRMFRedeemDetailAsync(System.String,System.String,System.String,System.String,System.String)">
	<remarks/>
</member><member name="M:MKTNet.mktnetRMFLTFsvc.mktnetRMFLTFSVC.GetCustRMFRedeemDetailAsync(System.String,System.String,System.String,System.String,System.String,System.Object)">
	<remarks/>
</member><member name="M:MKTNet.mktnetRMFLTFsvc.mktnetRMFLTFSVC.GetCustRMFRedeemDetail2(System.String,System.String,System.String,System.String,System.String,System.String)">
	<remarks/>
</member><member name="M:MKTNet.mktnetRMFLTFsvc.mktnetRMFLTFSVC.BeginGetCustRMFRedeemDetail2(System.String,System.String,System.String,System.String,System.String,System.String,System.AsyncCallback,System.Object)">
	<remarks/>
</member><member name="M:MKTNet.mktnetRMFLTFsvc.mktnetRMFLTFSVC.EndGetCustRMFRedeemDetail2(System.IAsyncResult)">
	<remarks/>
</member><member name="M:MKTNet.mktnetRMFLTFsvc.mktnetRMFLTFSVC.GetCustRMFRedeemDetail2Async(System.String,System.String,System.String,System.String,System.String,System.String)">
	<remarks/>
</member><member name="M:MKTNet.mktnetRMFLTFsvc.mktnetRMFLTFSVC.GetCustRMFRedeemDetail2Async(System.String,System.String,System.String,System.String,System.String,System.String,System.Object)">
	<remarks/>
</member><member name="M:MKTNet.mktnetRMFLTFsvc.mktnetRMFLTFSVC.GetCustRMFSwithIn(System.String,System.String,System.String)">
	<remarks/>
</member><member name="M:MKTNet.mktnetRMFLTFsvc.mktnetRMFLTFSVC.BeginGetCustRMFSwithIn(System.String,System.String,System.String,System.AsyncCallback,System.Object)">
	<remarks/>
</member><member name="M:MKTNet.mktnetRMFLTFsvc.mktnetRMFLTFSVC.EndGetCustRMFSwithIn(System.IAsyncResult)">
	<remarks/>
</member><member name="M:MKTNet.mktnetRMFLTFsvc.mktnetRMFLTFSVC.GetCustRMFSwithInAsync(System.String,System.String,System.String)">
	<remarks/>
</member><member name="M:MKTNet.mktnetRMFLTFsvc.mktnetRMFLTFSVC.GetCustRMFSwithInAsync(System.String,System.String,System.String,System.Object)">
	<remarks/>
</member><member name="M:MKTNet.mktnetRMFLTFsvc.mktnetRMFLTFSVC.GetCustRMFSwithInByCis(System.String,System.String,System.String)">
	<remarks/>
</member><member name="M:MKTNet.mktnetRMFLTFsvc.mktnetRMFLTFSVC.BeginGetCustRMFSwithInByCis(System.String,System.String,System.String,System.AsyncCallback,System.Object)">
	<remarks/>
</member><member name="M:MKTNet.mktnetRMFLTFsvc.mktnetRMFLTFSVC.EndGetCustRMFSwithInByCis(System.IAsyncResult)">
	<remarks/>
</member><member name="M:MKTNet.mktnetRMFLTFsvc.mktnetRMFLTFSVC.GetCustRMFSwithInByCisAsync(System.String,System.String,System.String)">
	<remarks/>
</member><member name="M:MKTNet.mktnetRMFLTFsvc.mktnetRMFLTFSVC.GetCustRMFSwithInByCisAsync(System.String,System.String,System.String,System.Object)">
	<remarks/>
</member><member name="M:MKTNet.mktnetRMFLTFsvc.mktnetRMFLTFSVC.GetRefNo(System.String,System.String,System.String)">
	<remarks/>
</member><member name="M:MKTNet.mktnetRMFLTFsvc.mktnetRMFLTFSVC.BeginGetRefNo(System.String,System.String,System.String,System.AsyncCallback,System.Object)">
	<remarks/>
</member><member name="M:MKTNet.mktnetRMFLTFsvc.mktnetRMFLTFSVC.EndGetRefNo(System.IAsyncResult)">
	<remarks/>
</member><member name="M:MKTNet.mktnetRMFLTFsvc.mktnetRMFLTFSVC.GetRefNoAsync(System.String,System.String,System.String)">
	<remarks/>
</member><member name="M:MKTNet.mktnetRMFLTFsvc.mktnetRMFLTFSVC.GetRefNoAsync(System.String,System.String,System.String,System.Object)">
	<remarks/>
</member><member name="M:MKTNet.mktnetRMFLTFsvc.mktnetRMFLTFSVC.GetRMFFirstDate(System.String,System.String,System.String)">
	<remarks/>
</member><member name="M:MKTNet.mktnetRMFLTFsvc.mktnetRMFLTFSVC.BeginGetRMFFirstDate(System.String,System.String,System.String,System.AsyncCallback,System.Object)">
	<remarks/>
</member><member name="M:MKTNet.mktnetRMFLTFsvc.mktnetRMFLTFSVC.EndGetRMFFirstDate(System.IAsyncResult)">
	<remarks/>
</member><member name="M:MKTNet.mktnetRMFLTFsvc.mktnetRMFLTFSVC.GetRMFFirstDateAsync(System.String,System.String,System.String)">
	<remarks/>
</member><member name="M:MKTNet.mktnetRMFLTFsvc.mktnetRMFLTFSVC.GetRMFFirstDateAsync(System.String,System.String,System.String,System.Object)">
	<remarks/>
</member><member name="M:MKTNet.mktnetRMFLTFsvc.mktnetRMFLTFSVC.GetCustAge(System.String)">
	<remarks/>
</member><member name="M:MKTNet.mktnetRMFLTFsvc.mktnetRMFLTFSVC.BeginGetCustAge(System.String,System.AsyncCallback,System.Object)">
	<remarks/>
</member><member name="M:MKTNet.mktnetRMFLTFsvc.mktnetRMFLTFSVC.EndGetCustAge(System.IAsyncResult)">
	<remarks/>
</member><member name="M:MKTNet.mktnetRMFLTFsvc.mktnetRMFLTFSVC.GetCustAgeAsync(System.String)">
	<remarks/>
</member><member name="M:MKTNet.mktnetRMFLTFsvc.mktnetRMFLTFSVC.GetCustAgeAsync(System.String,System.Object)">
	<remarks/>
</member><member name="M:MKTNet.mktnetRMFLTFsvc.mktnetRMFLTFSVC.TEST2(System.String)">
	<remarks/>
</member><member name="M:MKTNet.mktnetRMFLTFsvc.mktnetRMFLTFSVC.BeginTEST2(System.String,System.AsyncCallback,System.Object)">
	<remarks/>
</member><member name="M:MKTNet.mktnetRMFLTFsvc.mktnetRMFLTFSVC.EndTEST2(System.IAsyncResult)">
	<remarks/>
</member><member name="M:MKTNet.mktnetRMFLTFsvc.mktnetRMFLTFSVC.TEST2Async(System.String)">
	<remarks/>
</member><member name="M:MKTNet.mktnetRMFLTFsvc.mktnetRMFLTFSVC.TEST2Async(System.String,System.Object)">
	<remarks/>
</member><member name="M:MKTNet.mktnetRMFLTFsvc.mktnetRMFLTFSVC.CancelAsync(System.Object)">
	<remarks/>
</member><member name="T:MKTNet.mktnetRMFLTFsvc.mktnetRMFLTFSVC">
	<remarks/>
</member><member name="T:MKTNet.mktnetRMFLTFsvc.GetCustLTFCompletedEventHandler">
	<remarks/>
</member><member name="P:MKTNet.mktnetRMFLTFsvc.GetCustLTFCompletedEventArgs.Result">
	<remarks/>
</member><member name="T:MKTNet.mktnetRMFLTFsvc.GetCustLTFCompletedEventArgs">
	<remarks/>
</member><member name="T:MKTNet.mktnetRMFLTFsvc.GetCustLTFbyFundCompletedEventHandler">
	<remarks/>
</member><member name="P:MKTNet.mktnetRMFLTFsvc.GetCustLTFbyFundCompletedEventArgs.Result">
	<remarks/>
</member><member name="T:MKTNet.mktnetRMFLTFsvc.GetCustLTFbyFundCompletedEventArgs">
	<remarks/>
</member><member name="T:MKTNet.mktnetRMFLTFsvc.GetCustLTFFundCompletedEventHandler">
	<remarks/>
</member><member name="P:MKTNet.mktnetRMFLTFsvc.GetCustLTFFundCompletedEventArgs.Result">
	<remarks/>
</member><member name="T:MKTNet.mktnetRMFLTFsvc.GetCustLTFFundCompletedEventArgs">
	<remarks/>
</member><member name="T:MKTNet.mktnetRMFLTFsvc.GetCustLTFSummaryCompletedEventHandler">
	<remarks/>
</member><member name="P:MKTNet.mktnetRMFLTFsvc.GetCustLTFSummaryCompletedEventArgs.Result">
	<remarks/>
</member><member name="T:MKTNet.mktnetRMFLTFsvc.GetCustLTFSummaryCompletedEventArgs">
	<remarks/>
</member><member name="T:MKTNet.mktnetRMFLTFsvc.GetCustLTFCertCompletedEventHandler">
	<remarks/>
</member><member name="P:MKTNet.mktnetRMFLTFsvc.GetCustLTFCertCompletedEventArgs.Result">
	<remarks/>
</member><member name="T:MKTNet.mktnetRMFLTFsvc.GetCustLTFCertCompletedEventArgs">
	<remarks/>
</member><member name="T:MKTNet.mktnetRMFLTFsvc.GetCustLTFCertByYearCompletedEventHandler">
	<remarks/>
</member><member name="P:MKTNet.mktnetRMFLTFsvc.GetCustLTFCertByYearCompletedEventArgs.Result">
	<remarks/>
</member><member name="T:MKTNet.mktnetRMFLTFsvc.GetCustLTFCertByYearCompletedEventArgs">
	<remarks/>
</member><member name="T:MKTNet.mktnetRMFLTFsvc.GetCustLTFCertDetailCompletedEventHandler">
	<remarks/>
</member><member name="P:MKTNet.mktnetRMFLTFsvc.GetCustLTFCertDetailCompletedEventArgs.Result">
	<remarks/>
</member><member name="T:MKTNet.mktnetRMFLTFsvc.GetCustLTFCertDetailCompletedEventArgs">
	<remarks/>
</member><member name="T:MKTNet.mktnetRMFLTFsvc.GetCustLTFRedeemCompletedEventHandler">
	<remarks/>
</member><member name="P:MKTNet.mktnetRMFLTFsvc.GetCustLTFRedeemCompletedEventArgs.Result">
	<remarks/>
</member><member name="T:MKTNet.mktnetRMFLTFsvc.GetCustLTFRedeemCompletedEventArgs">
	<remarks/>
</member><member name="T:MKTNet.mktnetRMFLTFsvc.GetCustLTFRedeemByYearCompletedEventHandler">
	<remarks/>
</member><member name="P:MKTNet.mktnetRMFLTFsvc.GetCustLTFRedeemByYearCompletedEventArgs.Result">
	<remarks/>
</member><member name="T:MKTNet.mktnetRMFLTFsvc.GetCustLTFRedeemByYearCompletedEventArgs">
	<remarks/>
</member><member name="T:MKTNet.mktnetRMFLTFsvc.GetCustLTFRedeemDetailCompletedEventHandler">
	<remarks/>
</member><member name="P:MKTNet.mktnetRMFLTFsvc.GetCustLTFRedeemDetailCompletedEventArgs.Result">
	<remarks/>
</member><member name="T:MKTNet.mktnetRMFLTFsvc.GetCustLTFRedeemDetailCompletedEventArgs">
	<remarks/>
</member><member name="T:MKTNet.mktnetRMFLTFsvc.GetCustLTFRedeemDetail2CompletedEventHandler">
	<remarks/>
</member><member name="P:MKTNet.mktnetRMFLTFsvc.GetCustLTFRedeemDetail2CompletedEventArgs.Result">
	<remarks/>
</member><member name="T:MKTNet.mktnetRMFLTFsvc.GetCustLTFRedeemDetail2CompletedEventArgs">
	<remarks/>
</member><member name="T:MKTNet.mktnetRMFLTFsvc.GetCustLTFSwithInCompletedEventHandler">
	<remarks/>
</member><member name="P:MKTNet.mktnetRMFLTFsvc.GetCustLTFSwithInCompletedEventArgs.Result">
	<remarks/>
</member><member name="T:MKTNet.mktnetRMFLTFsvc.GetCustLTFSwithInCompletedEventArgs">
	<remarks/>
</member><member name="T:MKTNet.mktnetRMFLTFsvc.GetCustLTFSwithInByCisCompletedEventHandler">
	<remarks/>
</member><member name="P:MKTNet.mktnetRMFLTFsvc.GetCustLTFSwithInByCisCompletedEventArgs.Result">
	<remarks/>
</member><member name="T:MKTNet.mktnetRMFLTFsvc.GetCustLTFSwithInByCisCompletedEventArgs">
	<remarks/>
</member><member name="T:MKTNet.mktnetRMFLTFsvc.GetCustRMFCompletedEventHandler">
	<remarks/>
</member><member name="P:MKTNet.mktnetRMFLTFsvc.GetCustRMFCompletedEventArgs.Result">
	<remarks/>
</member><member name="T:MKTNet.mktnetRMFLTFsvc.GetCustRMFCompletedEventArgs">
	<remarks/>
</member><member name="T:MKTNet.mktnetRMFLTFsvc.GetCustRMFbyFundCompletedEventHandler">
	<remarks/>
</member><member name="P:MKTNet.mktnetRMFLTFsvc.GetCustRMFbyFundCompletedEventArgs.Result">
	<remarks/>
</member><member name="T:MKTNet.mktnetRMFLTFsvc.GetCustRMFbyFundCompletedEventArgs">
	<remarks/>
</member><member name="T:MKTNet.mktnetRMFLTFsvc.GetCustRMFFundCompletedEventHandler">
	<remarks/>
</member><member name="P:MKTNet.mktnetRMFLTFsvc.GetCustRMFFundCompletedEventArgs.Result">
	<remarks/>
</member><member name="T:MKTNet.mktnetRMFLTFsvc.GetCustRMFFundCompletedEventArgs">
	<remarks/>
</member><member name="T:MKTNet.mktnetRMFLTFsvc.GetCustRMFSummaryCompletedEventHandler">
	<remarks/>
</member><member name="P:MKTNet.mktnetRMFLTFsvc.GetCustRMFSummaryCompletedEventArgs.Result">
	<remarks/>
</member><member name="T:MKTNet.mktnetRMFLTFsvc.GetCustRMFSummaryCompletedEventArgs">
	<remarks/>
</member><member name="T:MKTNet.mktnetRMFLTFsvc.GetCustRMFCertCompletedEventHandler">
	<remarks/>
</member><member name="P:MKTNet.mktnetRMFLTFsvc.GetCustRMFCertCompletedEventArgs.Result">
	<remarks/>
</member><member name="T:MKTNet.mktnetRMFLTFsvc.GetCustRMFCertCompletedEventArgs">
	<remarks/>
</member><member name="T:MKTNet.mktnetRMFLTFsvc.GetCustRMFCertByYearCompletedEventHandler">
	<remarks/>
</member><member name="P:MKTNet.mktnetRMFLTFsvc.GetCustRMFCertByYearCompletedEventArgs.Result">
	<remarks/>
</member><member name="T:MKTNet.mktnetRMFLTFsvc.GetCustRMFCertByYearCompletedEventArgs">
	<remarks/>
</member><member name="T:MKTNet.mktnetRMFLTFsvc.GetCustRMFCertDetailCompletedEventHandler">
	<remarks/>
</member><member name="P:MKTNet.mktnetRMFLTFsvc.GetCustRMFCertDetailCompletedEventArgs.Result">
	<remarks/>
</member><member name="T:MKTNet.mktnetRMFLTFsvc.GetCustRMFCertDetailCompletedEventArgs">
	<remarks/>
</member><member name="T:MKTNet.mktnetRMFLTFsvc.GetCustRMFRedeemCompletedEventHandler">
	<remarks/>
</member><member name="P:MKTNet.mktnetRMFLTFsvc.GetCustRMFRedeemCompletedEventArgs.Result">
	<remarks/>
</member><member name="T:MKTNet.mktnetRMFLTFsvc.GetCustRMFRedeemCompletedEventArgs">
	<remarks/>
</member><member name="T:MKTNet.mktnetRMFLTFsvc.GetCustRMFRedeemByYearCompletedEventHandler">
	<remarks/>
</member><member name="P:MKTNet.mktnetRMFLTFsvc.GetCustRMFRedeemByYearCompletedEventArgs.Result">
	<remarks/>
</member><member name="T:MKTNet.mktnetRMFLTFsvc.GetCustRMFRedeemByYearCompletedEventArgs">
	<remarks/>
</member><member name="T:MKTNet.mktnetRMFLTFsvc.GetCustRMFRedeemDetailCompletedEventHandler">
	<remarks/>
</member><member name="P:MKTNet.mktnetRMFLTFsvc.GetCustRMFRedeemDetailCompletedEventArgs.Result">
	<remarks/>
</member><member name="T:MKTNet.mktnetRMFLTFsvc.GetCustRMFRedeemDetailCompletedEventArgs">
	<remarks/>
</member><member name="T:MKTNet.mktnetRMFLTFsvc.GetCustRMFRedeemDetail2CompletedEventHandler">
	<remarks/>
</member><member name="P:MKTNet.mktnetRMFLTFsvc.GetCustRMFRedeemDetail2CompletedEventArgs.Result">
	<remarks/>
</member><member name="T:MKTNet.mktnetRMFLTFsvc.GetCustRMFRedeemDetail2CompletedEventArgs">
	<remarks/>
</member><member name="T:MKTNet.mktnetRMFLTFsvc.GetCustRMFSwithInCompletedEventHandler">
	<remarks/>
</member><member name="P:MKTNet.mktnetRMFLTFsvc.GetCustRMFSwithInCompletedEventArgs.Result">
	<remarks/>
</member><member name="T:MKTNet.mktnetRMFLTFsvc.GetCustRMFSwithInCompletedEventArgs">
	<remarks/>
</member><member name="T:MKTNet.mktnetRMFLTFsvc.GetCustRMFSwithInByCisCompletedEventHandler">
	<remarks/>
</member><member name="P:MKTNet.mktnetRMFLTFsvc.GetCustRMFSwithInByCisCompletedEventArgs.Result">
	<remarks/>
</member><member name="T:MKTNet.mktnetRMFLTFsvc.GetCustRMFSwithInByCisCompletedEventArgs">
	<remarks/>
</member><member name="T:MKTNet.mktnetRMFLTFsvc.GetRefNoCompletedEventHandler">
	<remarks/>
</member><member name="P:MKTNet.mktnetRMFLTFsvc.GetRefNoCompletedEventArgs.Result">
	<remarks/>
</member><member name="T:MKTNet.mktnetRMFLTFsvc.GetRefNoCompletedEventArgs">
	<remarks/>
</member><member name="T:MKTNet.mktnetRMFLTFsvc.GetRMFFirstDateCompletedEventHandler">
	<remarks/>
</member><member name="P:MKTNet.mktnetRMFLTFsvc.GetRMFFirstDateCompletedEventArgs.Result">
	<remarks/>
</member><member name="T:MKTNet.mktnetRMFLTFsvc.GetRMFFirstDateCompletedEventArgs">
	<remarks/>
</member><member name="T:MKTNet.mktnetRMFLTFsvc.GetCustAgeCompletedEventHandler">
	<remarks/>
</member><member name="P:MKTNet.mktnetRMFLTFsvc.GetCustAgeCompletedEventArgs.Result">
	<remarks/>
</member><member name="T:MKTNet.mktnetRMFLTFsvc.GetCustAgeCompletedEventArgs">
	<remarks/>
</member><member name="T:MKTNet.mktnetRMFLTFsvc.TEST2CompletedEventHandler">
	<remarks/>
</member><member name="P:MKTNet.mktnetRMFLTFsvc.TEST2CompletedEventArgs.Result">
	<remarks/>
</member><member name="T:MKTNet.mktnetRMFLTFsvc.TEST2CompletedEventArgs">
	<remarks/>
</member><member name="M:MKTNet.SUIT_SERVICE_INTERNAL.SUIT_SERVICE_TRADE.#ctor">
	<remarks/>
</member><member name="E:MKTNet.SUIT_SERVICE_INTERNAL.SUIT_SERVICE_TRADE.CHECK_AGENT_SUITCompleted">
	<remarks/>
</member><member name="E:MKTNet.SUIT_SERVICE_INTERNAL.SUIT_SERVICE_TRADE.CHECK_SUITCompleted">
	<remarks/>
</member><member name="E:MKTNet.SUIT_SERVICE_INTERNAL.SUIT_SERVICE_TRADE.GET_INV_LIMITCompleted">
	<remarks/>
</member><member name="E:MKTNet.SUIT_SERVICE_INTERNAL.SUIT_SERVICE_TRADE.CHECK_CUS_SUITCompleted">
	<remarks/>
</member><member name="E:MKTNet.SUIT_SERVICE_INTERNAL.SUIT_SERVICE_TRADE.GET_RPT_C_SUITCompleted">
	<remarks/>
</member><member name="E:MKTNet.SUIT_SERVICE_INTERNAL.SUIT_SERVICE_TRADE.REDIRECT_SUITCompleted">
	<remarks/>
</member><member name="E:MKTNet.SUIT_SERVICE_INTERNAL.SUIT_SERVICE_TRADE.GET_URL_QEUSTIONNAIRESCompleted">
	<remarks/>
</member><member name="E:MKTNet.SUIT_SERVICE_INTERNAL.SUIT_SERVICE_TRADE.Encrypt_StrCompleted">
	<remarks/>
</member><member name="E:MKTNet.SUIT_SERVICE_INTERNAL.SUIT_SERVICE_TRADE.Decrypt_strCompleted">
	<remarks/>
</member><member name="E:MKTNet.SUIT_SERVICE_INTERNAL.SUIT_SERVICE_TRADE.ClientIPCompleted">
	<remarks/>
</member><member name="M:MKTNet.SUIT_SERVICE_INTERNAL.SUIT_SERVICE_TRADE.CHECK_AGENT_SUIT(System.String)">
	<remarks/>
</member><member name="M:MKTNet.SUIT_SERVICE_INTERNAL.SUIT_SERVICE_TRADE.BeginCHECK_AGENT_SUIT(System.String,System.AsyncCallback,System.Object)">
	<remarks/>
</member><member name="M:MKTNet.SUIT_SERVICE_INTERNAL.SUIT_SERVICE_TRADE.EndCHECK_AGENT_SUIT(System.IAsyncResult)">
	<remarks/>
</member><member name="M:MKTNet.SUIT_SERVICE_INTERNAL.SUIT_SERVICE_TRADE.CHECK_AGENT_SUITAsync(System.String)">
	<remarks/>
</member><member name="M:MKTNet.SUIT_SERVICE_INTERNAL.SUIT_SERVICE_TRADE.CHECK_AGENT_SUITAsync(System.String,System.Object)">
	<remarks/>
</member><member name="M:MKTNet.SUIT_SERVICE_INTERNAL.SUIT_SERVICE_TRADE.CHECK_SUIT(System.String,System.String)">
	<remarks/>
</member><member name="M:MKTNet.SUIT_SERVICE_INTERNAL.SUIT_SERVICE_TRADE.BeginCHECK_SUIT(System.String,System.String,System.AsyncCallback,System.Object)">
	<remarks/>
</member><member name="M:MKTNet.SUIT_SERVICE_INTERNAL.SUIT_SERVICE_TRADE.EndCHECK_SUIT(System.IAsyncResult)">
	<remarks/>
</member><member name="M:MKTNet.SUIT_SERVICE_INTERNAL.SUIT_SERVICE_TRADE.CHECK_SUITAsync(System.String,System.String)">
	<remarks/>
</member><member name="M:MKTNet.SUIT_SERVICE_INTERNAL.SUIT_SERVICE_TRADE.CHECK_SUITAsync(System.String,System.String,System.Object)">
	<remarks/>
</member><member name="M:MKTNet.SUIT_SERVICE_INTERNAL.SUIT_SERVICE_TRADE.GET_INV_LIMIT(System.String,System.String)">
	<remarks/>
</member><member name="M:MKTNet.SUIT_SERVICE_INTERNAL.SUIT_SERVICE_TRADE.BeginGET_INV_LIMIT(System.String,System.String,System.AsyncCallback,System.Object)">
	<remarks/>
</member><member name="M:MKTNet.SUIT_SERVICE_INTERNAL.SUIT_SERVICE_TRADE.EndGET_INV_LIMIT(System.IAsyncResult)">
	<remarks/>
</member><member name="M:MKTNet.SUIT_SERVICE_INTERNAL.SUIT_SERVICE_TRADE.GET_INV_LIMITAsync(System.String,System.String)">
	<remarks/>
</member><member name="M:MKTNet.SUIT_SERVICE_INTERNAL.SUIT_SERVICE_TRADE.GET_INV_LIMITAsync(System.String,System.String,System.Object)">
	<remarks/>
</member><member name="M:MKTNet.SUIT_SERVICE_INTERNAL.SUIT_SERVICE_TRADE.CHECK_CUS_SUIT(System.String)">
	<remarks/>
</member><member name="M:MKTNet.SUIT_SERVICE_INTERNAL.SUIT_SERVICE_TRADE.BeginCHECK_CUS_SUIT(System.String,System.AsyncCallback,System.Object)">
	<remarks/>
</member><member name="M:MKTNet.SUIT_SERVICE_INTERNAL.SUIT_SERVICE_TRADE.EndCHECK_CUS_SUIT(System.IAsyncResult)">
	<remarks/>
</member><member name="M:MKTNet.SUIT_SERVICE_INTERNAL.SUIT_SERVICE_TRADE.CHECK_CUS_SUITAsync(System.String)">
	<remarks/>
</member><member name="M:MKTNet.SUIT_SERVICE_INTERNAL.SUIT_SERVICE_TRADE.CHECK_CUS_SUITAsync(System.String,System.Object)">
	<remarks/>
</member><member name="M:MKTNet.SUIT_SERVICE_INTERNAL.SUIT_SERVICE_TRADE.GET_RPT_C_SUIT(System.String,System.String,System.String,System.String,System.String,System.String)">
	<remarks/>
</member><member name="M:MKTNet.SUIT_SERVICE_INTERNAL.SUIT_SERVICE_TRADE.BeginGET_RPT_C_SUIT(System.String,System.String,System.String,System.String,System.String,System.String,System.AsyncCallback,System.Object)">
	<remarks/>
</member><member name="M:MKTNet.SUIT_SERVICE_INTERNAL.SUIT_SERVICE_TRADE.EndGET_RPT_C_SUIT(System.IAsyncResult)">
	<remarks/>
</member><member name="M:MKTNet.SUIT_SERVICE_INTERNAL.SUIT_SERVICE_TRADE.GET_RPT_C_SUITAsync(System.String,System.String,System.String,System.String,System.String,System.String)">
	<remarks/>
</member><member name="M:MKTNet.SUIT_SERVICE_INTERNAL.SUIT_SERVICE_TRADE.GET_RPT_C_SUITAsync(System.String,System.String,System.String,System.String,System.String,System.String,System.Object)">
	<remarks/>
</member><member name="M:MKTNet.SUIT_SERVICE_INTERNAL.SUIT_SERVICE_TRADE.REDIRECT_SUIT(System.String,System.String,System.String,System.String)">
	<remarks/>
</member><member name="M:MKTNet.SUIT_SERVICE_INTERNAL.SUIT_SERVICE_TRADE.BeginREDIRECT_SUIT(System.String,System.String,System.String,System.String,System.AsyncCallback,System.Object)">
	<remarks/>
</member><member name="M:MKTNet.SUIT_SERVICE_INTERNAL.SUIT_SERVICE_TRADE.EndREDIRECT_SUIT(System.IAsyncResult)">
	<remarks/>
</member><member name="M:MKTNet.SUIT_SERVICE_INTERNAL.SUIT_SERVICE_TRADE.REDIRECT_SUITAsync(System.String,System.String,System.String,System.String)">
	<remarks/>
</member><member name="M:MKTNet.SUIT_SERVICE_INTERNAL.SUIT_SERVICE_TRADE.REDIRECT_SUITAsync(System.String,System.String,System.String,System.String,System.Object)">
	<remarks/>
</member><member name="M:MKTNet.SUIT_SERVICE_INTERNAL.SUIT_SERVICE_TRADE.GET_URL_QEUSTIONNAIRES(System.String,System.String)">
	<remarks/>
</member><member name="M:MKTNet.SUIT_SERVICE_INTERNAL.SUIT_SERVICE_TRADE.BeginGET_URL_QEUSTIONNAIRES(System.String,System.String,System.AsyncCallback,System.Object)">
	<remarks/>
</member><member name="M:MKTNet.SUIT_SERVICE_INTERNAL.SUIT_SERVICE_TRADE.EndGET_URL_QEUSTIONNAIRES(System.IAsyncResult)">
	<remarks/>
</member><member name="M:MKTNet.SUIT_SERVICE_INTERNAL.SUIT_SERVICE_TRADE.GET_URL_QEUSTIONNAIRESAsync(System.String,System.String)">
	<remarks/>
</member><member name="M:MKTNet.SUIT_SERVICE_INTERNAL.SUIT_SERVICE_TRADE.GET_URL_QEUSTIONNAIRESAsync(System.String,System.String,System.Object)">
	<remarks/>
</member><member name="M:MKTNet.SUIT_SERVICE_INTERNAL.SUIT_SERVICE_TRADE.Encrypt_Str(System.String,System.String)">
	<remarks/>
</member><member name="M:MKTNet.SUIT_SERVICE_INTERNAL.SUIT_SERVICE_TRADE.BeginEncrypt_Str(System.String,System.String,System.AsyncCallback,System.Object)">
	<remarks/>
</member><member name="M:MKTNet.SUIT_SERVICE_INTERNAL.SUIT_SERVICE_TRADE.EndEncrypt_Str(System.IAsyncResult)">
	<remarks/>
</member><member name="M:MKTNet.SUIT_SERVICE_INTERNAL.SUIT_SERVICE_TRADE.Encrypt_StrAsync(System.String,System.String)">
	<remarks/>
</member><member name="M:MKTNet.SUIT_SERVICE_INTERNAL.SUIT_SERVICE_TRADE.Encrypt_StrAsync(System.String,System.String,System.Object)">
	<remarks/>
</member><member name="M:MKTNet.SUIT_SERVICE_INTERNAL.SUIT_SERVICE_TRADE.Decrypt_str(System.String,System.String)">
	<remarks/>
</member><member name="M:MKTNet.SUIT_SERVICE_INTERNAL.SUIT_SERVICE_TRADE.BeginDecrypt_str(System.String,System.String,System.AsyncCallback,System.Object)">
	<remarks/>
</member><member name="M:MKTNet.SUIT_SERVICE_INTERNAL.SUIT_SERVICE_TRADE.EndDecrypt_str(System.IAsyncResult)">
	<remarks/>
</member><member name="M:MKTNet.SUIT_SERVICE_INTERNAL.SUIT_SERVICE_TRADE.Decrypt_strAsync(System.String,System.String)">
	<remarks/>
</member><member name="M:MKTNet.SUIT_SERVICE_INTERNAL.SUIT_SERVICE_TRADE.Decrypt_strAsync(System.String,System.String,System.Object)">
	<remarks/>
</member><member name="M:MKTNet.SUIT_SERVICE_INTERNAL.SUIT_SERVICE_TRADE.ClientIP">
	<remarks/>
</member><member name="M:MKTNet.SUIT_SERVICE_INTERNAL.SUIT_SERVICE_TRADE.BeginClientIP(System.AsyncCallback,System.Object)">
	<remarks/>
</member><member name="M:MKTNet.SUIT_SERVICE_INTERNAL.SUIT_SERVICE_TRADE.EndClientIP(System.IAsyncResult)">
	<remarks/>
</member><member name="M:MKTNet.SUIT_SERVICE_INTERNAL.SUIT_SERVICE_TRADE.ClientIPAsync">
	<remarks/>
</member><member name="M:MKTNet.SUIT_SERVICE_INTERNAL.SUIT_SERVICE_TRADE.ClientIPAsync(System.Object)">
	<remarks/>
</member><member name="M:MKTNet.SUIT_SERVICE_INTERNAL.SUIT_SERVICE_TRADE.CancelAsync(System.Object)">
	<remarks/>
</member><member name="T:MKTNet.SUIT_SERVICE_INTERNAL.SUIT_SERVICE_TRADE">
	<remarks/>
</member><member name="T:MKTNet.SUIT_SERVICE_INTERNAL.CHECK_AGENT_SUITCompletedEventHandler">
	<remarks/>
</member><member name="P:MKTNet.SUIT_SERVICE_INTERNAL.CHECK_AGENT_SUITCompletedEventArgs.Result">
	<remarks/>
</member><member name="T:MKTNet.SUIT_SERVICE_INTERNAL.CHECK_AGENT_SUITCompletedEventArgs">
	<remarks/>
</member><member name="T:MKTNet.SUIT_SERVICE_INTERNAL.CHECK_SUITCompletedEventHandler">
	<remarks/>
</member><member name="P:MKTNet.SUIT_SERVICE_INTERNAL.CHECK_SUITCompletedEventArgs.Result">
	<remarks/>
</member><member name="T:MKTNet.SUIT_SERVICE_INTERNAL.CHECK_SUITCompletedEventArgs">
	<remarks/>
</member><member name="T:MKTNet.SUIT_SERVICE_INTERNAL.GET_INV_LIMITCompletedEventHandler">
	<remarks/>
</member><member name="P:MKTNet.SUIT_SERVICE_INTERNAL.GET_INV_LIMITCompletedEventArgs.Result">
	<remarks/>
</member><member name="T:MKTNet.SUIT_SERVICE_INTERNAL.GET_INV_LIMITCompletedEventArgs">
	<remarks/>
</member><member name="T:MKTNet.SUIT_SERVICE_INTERNAL.CHECK_CUS_SUITCompletedEventHandler">
	<remarks/>
</member><member name="P:MKTNet.SUIT_SERVICE_INTERNAL.CHECK_CUS_SUITCompletedEventArgs.Result">
	<remarks/>
</member><member name="T:MKTNet.SUIT_SERVICE_INTERNAL.CHECK_CUS_SUITCompletedEventArgs">
	<remarks/>
</member><member name="T:MKTNet.SUIT_SERVICE_INTERNAL.GET_RPT_C_SUITCompletedEventHandler">
	<remarks/>
</member><member name="P:MKTNet.SUIT_SERVICE_INTERNAL.GET_RPT_C_SUITCompletedEventArgs.Result">
	<remarks/>
</member><member name="T:MKTNet.SUIT_SERVICE_INTERNAL.GET_RPT_C_SUITCompletedEventArgs">
	<remarks/>
</member><member name="T:MKTNet.SUIT_SERVICE_INTERNAL.REDIRECT_SUITCompletedEventHandler">
	<remarks/>
</member><member name="P:MKTNet.SUIT_SERVICE_INTERNAL.REDIRECT_SUITCompletedEventArgs.Result">
	<remarks/>
</member><member name="T:MKTNet.SUIT_SERVICE_INTERNAL.REDIRECT_SUITCompletedEventArgs">
	<remarks/>
</member><member name="T:MKTNet.SUIT_SERVICE_INTERNAL.GET_URL_QEUSTIONNAIRESCompletedEventHandler">
	<remarks/>
</member><member name="P:MKTNet.SUIT_SERVICE_INTERNAL.GET_URL_QEUSTIONNAIRESCompletedEventArgs.Result">
	<remarks/>
</member><member name="T:MKTNet.SUIT_SERVICE_INTERNAL.GET_URL_QEUSTIONNAIRESCompletedEventArgs">
	<remarks/>
</member><member name="T:MKTNet.SUIT_SERVICE_INTERNAL.Encrypt_StrCompletedEventHandler">
	<remarks/>
</member><member name="P:MKTNet.SUIT_SERVICE_INTERNAL.Encrypt_StrCompletedEventArgs.Result">
	<remarks/>
</member><member name="T:MKTNet.SUIT_SERVICE_INTERNAL.Encrypt_StrCompletedEventArgs">
	<remarks/>
</member><member name="T:MKTNet.SUIT_SERVICE_INTERNAL.Decrypt_strCompletedEventHandler">
	<remarks/>
</member><member name="P:MKTNet.SUIT_SERVICE_INTERNAL.Decrypt_strCompletedEventArgs.Result">
	<remarks/>
</member><member name="T:MKTNet.SUIT_SERVICE_INTERNAL.Decrypt_strCompletedEventArgs">
	<remarks/>
</member><member name="T:MKTNet.SUIT_SERVICE_INTERNAL.ClientIPCompletedEventHandler">
	<remarks/>
</member><member name="P:MKTNet.SUIT_SERVICE_INTERNAL.ClientIPCompletedEventArgs.Result">
	<remarks/>
</member><member name="T:MKTNet.SUIT_SERVICE_INTERNAL.ClientIPCompletedEventArgs">
	<remarks/>
</member><member name="M:MKTNet.SUIT_SERVICE_RETRIEVE.SUIT_WS_INTERNAL.#ctor">
	<remarks/>
</member><member name="E:MKTNet.SUIT_SERVICE_RETRIEVE.SUIT_WS_INTERNAL.GetQuizCompleted">
	<remarks/>
</member><member name="E:MKTNet.SUIT_SERVICE_RETRIEVE.SUIT_WS_INTERNAL.GetScoreByAnswerCompleted">
	<remarks/>
</member><member name="E:MKTNet.SUIT_SERVICE_RETRIEVE.SUIT_WS_INTERNAL.SaveSuitabilityCompleted">
	<remarks/>
</member><member name="E:MKTNet.SUIT_SERVICE_RETRIEVE.SUIT_WS_INTERNAL.CHECK_SUITCompleted">
	<remarks/>
</member><member name="E:MKTNet.SUIT_SERVICE_RETRIEVE.SUIT_WS_INTERNAL.CHK_NEW_CUSCompleted">
	<remarks/>
</member><member name="E:MKTNet.SUIT_SERVICE_RETRIEVE.SUIT_WS_INTERNAL.CHECK_SUIT_BY_AUTHENCompleted">
	<remarks/>
</member><member name="E:MKTNet.SUIT_SERVICE_RETRIEVE.SUIT_WS_INTERNAL.GET_INFO_CUST_BY_CISNOCompleted">
	<remarks/>
</member><member name="E:MKTNet.SUIT_SERVICE_RETRIEVE.SUIT_WS_INTERNAL.GET_UNAPPROVEQCompleted">
	<remarks/>
</member><member name="E:MKTNet.SUIT_SERVICE_RETRIEVE.SUIT_WS_INTERNAL.DEL_SUITABILITYCompleted">
	<remarks/>
</member><member name="E:MKTNet.SUIT_SERVICE_RETRIEVE.SUIT_WS_INTERNAL.APPROVE_SUITABILITYCompleted">
	<remarks/>
</member><member name="E:MKTNet.SUIT_SERVICE_RETRIEVE.SUIT_WS_INTERNAL.GET_MUSERCompleted">
	<remarks/>
</member><member name="E:MKTNet.SUIT_SERVICE_RETRIEVE.SUIT_WS_INTERNAL.GET_AUTHEN_SUITCompleted">
	<remarks/>
</member><member name="E:MKTNet.SUIT_SERVICE_RETRIEVE.SUIT_WS_INTERNAL.GET_AUTHEN_SUIT_COUNTERCompleted">
	<remarks/>
</member><member name="E:MKTNet.SUIT_SERVICE_RETRIEVE.SUIT_WS_INTERNAL.GET_RPT_SUMMARY_SUITCompleted">
	<remarks/>
</member><member name="E:MKTNet.SUIT_SERVICE_RETRIEVE.SUIT_WS_INTERNAL.GET_QHOLDER_TYPECompleted">
	<remarks/>
</member><member name="E:MKTNet.SUIT_SERVICE_RETRIEVE.SUIT_WS_INTERNAL.CHECK_AGENT_SUITCompleted">
	<remarks/>
</member><member name="E:MKTNet.SUIT_SERVICE_RETRIEVE.SUIT_WS_INTERNAL.GET_INV_LIMITCompleted">
	<remarks/>
</member><member name="E:MKTNet.SUIT_SERVICE_RETRIEVE.SUIT_WS_INTERNAL.GET_RPT_C_SUITCompleted">
	<remarks/>
</member><member name="E:MKTNet.SUIT_SERVICE_RETRIEVE.SUIT_WS_INTERNAL.GET_RPT_TBL_Q_NowCompleted">
	<remarks/>
</member><member name="E:MKTNet.SUIT_SERVICE_RETRIEVE.SUIT_WS_INTERNAL.GET_AGENT_MHOLDCompleted">
	<remarks/>
</member><member name="E:MKTNet.SUIT_SERVICE_RETRIEVE.SUIT_WS_INTERNAL.GET_SUIT_OWNERCompleted">
	<remarks/>
</member><member name="E:MKTNet.SUIT_SERVICE_RETRIEVE.SUIT_WS_INTERNAL.GetReturnCodeCompleted">
	<remarks/>
</member><member name="E:MKTNet.SUIT_SERVICE_RETRIEVE.SUIT_WS_INTERNAL.GetSuitReturnDocCompleted">
	<remarks/>
</member><member name="E:MKTNet.SUIT_SERVICE_RETRIEVE.SUIT_WS_INTERNAL.GetKYCReturnDocCompleted">
	<remarks/>
</member><member name="E:MKTNet.SUIT_SERVICE_RETRIEVE.SUIT_WS_INTERNAL.UPDSuitReturnDocCompleted">
	<remarks/>
</member><member name="E:MKTNet.SUIT_SERVICE_RETRIEVE.SUIT_WS_INTERNAL.UPDKYCReturnDocCompleted">
	<remarks/>
</member><member name="M:MKTNet.SUIT_SERVICE_RETRIEVE.SUIT_WS_INTERNAL.GetQuiz(System.String,System.String,System.String,System.String)">
	<remarks/>
</member><member name="M:MKTNet.SUIT_SERVICE_RETRIEVE.SUIT_WS_INTERNAL.BeginGetQuiz(System.String,System.String,System.String,System.String,System.AsyncCallback,System.Object)">
	<remarks/>
</member><member name="M:MKTNet.SUIT_SERVICE_RETRIEVE.SUIT_WS_INTERNAL.EndGetQuiz(System.IAsyncResult)">
	<remarks/>
</member><member name="M:MKTNet.SUIT_SERVICE_RETRIEVE.SUIT_WS_INTERNAL.GetQuizAsync(System.String,System.String,System.String,System.String)">
	<remarks/>
</member><member name="M:MKTNet.SUIT_SERVICE_RETRIEVE.SUIT_WS_INTERNAL.GetQuizAsync(System.String,System.String,System.String,System.String,System.Object)">
	<remarks/>
</member><member name="M:MKTNet.SUIT_SERVICE_RETRIEVE.SUIT_WS_INTERNAL.GetScoreByAnswer(System.String,System.String)">
	<remarks/>
</member><member name="M:MKTNet.SUIT_SERVICE_RETRIEVE.SUIT_WS_INTERNAL.BeginGetScoreByAnswer(System.String,System.String,System.AsyncCallback,System.Object)">
	<remarks/>
</member><member name="M:MKTNet.SUIT_SERVICE_RETRIEVE.SUIT_WS_INTERNAL.EndGetScoreByAnswer(System.IAsyncResult)">
	<remarks/>
</member><member name="M:MKTNet.SUIT_SERVICE_RETRIEVE.SUIT_WS_INTERNAL.GetScoreByAnswerAsync(System.String,System.String)">
	<remarks/>
</member><member name="M:MKTNet.SUIT_SERVICE_RETRIEVE.SUIT_WS_INTERNAL.GetScoreByAnswerAsync(System.String,System.String,System.Object)">
	<remarks/>
</member><member name="M:MKTNet.SUIT_SERVICE_RETRIEVE.SUIT_WS_INTERNAL.SaveSuitability(System.String,System.String,System.String,System.String,System.String,System.String,System.DateTime,System.String,System.String,System.String,System.String)">
	<remarks/>
</member><member name="M:MKTNet.SUIT_SERVICE_RETRIEVE.SUIT_WS_INTERNAL.BeginSaveSuitability(System.String,System.String,System.String,System.String,System.String,System.String,System.DateTime,System.String,System.String,System.String,System.String,System.AsyncCallback,System.Object)">
	<remarks/>
</member><member name="M:MKTNet.SUIT_SERVICE_RETRIEVE.SUIT_WS_INTERNAL.EndSaveSuitability(System.IAsyncResult)">
	<remarks/>
</member><member name="M:MKTNet.SUIT_SERVICE_RETRIEVE.SUIT_WS_INTERNAL.SaveSuitabilityAsync(System.String,System.String,System.String,System.String,System.String,System.String,System.DateTime,System.String,System.String,System.String,System.String)">
	<remarks/>
</member><member name="M:MKTNet.SUIT_SERVICE_RETRIEVE.SUIT_WS_INTERNAL.SaveSuitabilityAsync(System.String,System.String,System.String,System.String,System.String,System.String,System.DateTime,System.String,System.String,System.String,System.String,System.Object)">
	<remarks/>
</member><member name="M:MKTNet.SUIT_SERVICE_RETRIEVE.SUIT_WS_INTERNAL.CHECK_SUIT(System.String,System.String)">
	<remarks/>
</member><member name="M:MKTNet.SUIT_SERVICE_RETRIEVE.SUIT_WS_INTERNAL.BeginCHECK_SUIT(System.String,System.String,System.AsyncCallback,System.Object)">
	<remarks/>
</member><member name="M:MKTNet.SUIT_SERVICE_RETRIEVE.SUIT_WS_INTERNAL.EndCHECK_SUIT(System.IAsyncResult)">
	<remarks/>
</member><member name="M:MKTNet.SUIT_SERVICE_RETRIEVE.SUIT_WS_INTERNAL.CHECK_SUITAsync(System.String,System.String)">
	<remarks/>
</member><member name="M:MKTNet.SUIT_SERVICE_RETRIEVE.SUIT_WS_INTERNAL.CHECK_SUITAsync(System.String,System.String,System.Object)">
	<remarks/>
</member><member name="M:MKTNet.SUIT_SERVICE_RETRIEVE.SUIT_WS_INTERNAL.CHK_NEW_CUS(System.String@,System.String@,System.String@)">
	<remarks/>
</member><member name="M:MKTNet.SUIT_SERVICE_RETRIEVE.SUIT_WS_INTERNAL.BeginCHK_NEW_CUS(System.String,System.String,System.String,System.AsyncCallback,System.Object)">
	<remarks/>
</member><member name="M:MKTNet.SUIT_SERVICE_RETRIEVE.SUIT_WS_INTERNAL.EndCHK_NEW_CUS(System.IAsyncResult,System.String@,System.String@,System.String@)">
	<remarks/>
</member><member name="M:MKTNet.SUIT_SERVICE_RETRIEVE.SUIT_WS_INTERNAL.CHK_NEW_CUSAsync(System.String,System.String,System.String)">
	<remarks/>
</member><member name="M:MKTNet.SUIT_SERVICE_RETRIEVE.SUIT_WS_INTERNAL.CHK_NEW_CUSAsync(System.String,System.String,System.String,System.Object)">
	<remarks/>
</member><member name="M:MKTNet.SUIT_SERVICE_RETRIEVE.SUIT_WS_INTERNAL.CHECK_SUIT_BY_AUTHEN(System.String@,System.String@,System.String,System.String,System.String,System.String@,System.Int32@,System.String@)">
	<remarks/>
</member><member name="M:MKTNet.SUIT_SERVICE_RETRIEVE.SUIT_WS_INTERNAL.BeginCHECK_SUIT_BY_AUTHEN(System.String,System.String,System.String,System.String,System.String,System.String,System.Int32,System.String,System.AsyncCallback,System.Object)">
	<remarks/>
</member><member name="M:MKTNet.SUIT_SERVICE_RETRIEVE.SUIT_WS_INTERNAL.EndCHECK_SUIT_BY_AUTHEN(System.IAsyncResult,System.String@,System.String@,System.String@,System.Int32@,System.String@)">
	<remarks/>
</member><member name="M:MKTNet.SUIT_SERVICE_RETRIEVE.SUIT_WS_INTERNAL.CHECK_SUIT_BY_AUTHENAsync(System.String,System.String,System.String,System.String,System.String,System.String,System.Int32,System.String)">
	<remarks/>
</member><member name="M:MKTNet.SUIT_SERVICE_RETRIEVE.SUIT_WS_INTERNAL.CHECK_SUIT_BY_AUTHENAsync(System.String,System.String,System.String,System.String,System.String,System.String,System.Int32,System.String,System.Object)">
	<remarks/>
</member><member name="M:MKTNet.SUIT_SERVICE_RETRIEVE.SUIT_WS_INTERNAL.GET_INFO_CUST_BY_CISNO(System.String,System.String@,System.Int32@,System.String@)">
	<remarks/>
</member><member name="M:MKTNet.SUIT_SERVICE_RETRIEVE.SUIT_WS_INTERNAL.BeginGET_INFO_CUST_BY_CISNO(System.String,System.String,System.Int32,System.String,System.AsyncCallback,System.Object)">
	<remarks/>
</member><member name="M:MKTNet.SUIT_SERVICE_RETRIEVE.SUIT_WS_INTERNAL.EndGET_INFO_CUST_BY_CISNO(System.IAsyncResult,System.String@,System.Int32@,System.String@)">
	<remarks/>
</member><member name="M:MKTNet.SUIT_SERVICE_RETRIEVE.SUIT_WS_INTERNAL.GET_INFO_CUST_BY_CISNOAsync(System.String,System.String,System.Int32,System.String)">
	<remarks/>
</member><member name="M:MKTNet.SUIT_SERVICE_RETRIEVE.SUIT_WS_INTERNAL.GET_INFO_CUST_BY_CISNOAsync(System.String,System.String,System.Int32,System.String,System.Object)">
	<remarks/>
</member><member name="M:MKTNet.SUIT_SERVICE_RETRIEVE.SUIT_WS_INTERNAL.GET_UNAPPROVEQ(System.String,System.String,System.String,System.String,System.String,System.String,System.String,System.String,System.String)">
	<remarks/>
</member><member name="M:MKTNet.SUIT_SERVICE_RETRIEVE.SUIT_WS_INTERNAL.BeginGET_UNAPPROVEQ(System.String,System.String,System.String,System.String,System.String,System.String,System.String,System.String,System.String,System.AsyncCallback,System.Object)">
	<remarks/>
</member><member name="M:MKTNet.SUIT_SERVICE_RETRIEVE.SUIT_WS_INTERNAL.EndGET_UNAPPROVEQ(System.IAsyncResult)">
	<remarks/>
</member><member name="M:MKTNet.SUIT_SERVICE_RETRIEVE.SUIT_WS_INTERNAL.GET_UNAPPROVEQAsync(System.String,System.String,System.String,System.String,System.String,System.String,System.String,System.String,System.String)">
	<remarks/>
</member><member name="M:MKTNet.SUIT_SERVICE_RETRIEVE.SUIT_WS_INTERNAL.GET_UNAPPROVEQAsync(System.String,System.String,System.String,System.String,System.String,System.String,System.String,System.String,System.String,System.Object)">
	<remarks/>
</member><member name="M:MKTNet.SUIT_SERVICE_RETRIEVE.SUIT_WS_INTERNAL.DEL_SUITABILITY(System.String,System.String,System.String,System.DateTime,System.String,System.String)">
	<remarks/>
</member><member name="M:MKTNet.SUIT_SERVICE_RETRIEVE.SUIT_WS_INTERNAL.BeginDEL_SUITABILITY(System.String,System.String,System.String,System.DateTime,System.String,System.String,System.AsyncCallback,System.Object)">
	<remarks/>
</member><member name="M:MKTNet.SUIT_SERVICE_RETRIEVE.SUIT_WS_INTERNAL.EndDEL_SUITABILITY(System.IAsyncResult)">
	<remarks/>
</member><member name="M:MKTNet.SUIT_SERVICE_RETRIEVE.SUIT_WS_INTERNAL.DEL_SUITABILITYAsync(System.String,System.String,System.String,System.DateTime,System.String,System.String)">
	<remarks/>
</member><member name="M:MKTNet.SUIT_SERVICE_RETRIEVE.SUIT_WS_INTERNAL.DEL_SUITABILITYAsync(System.String,System.String,System.String,System.DateTime,System.String,System.String,System.Object)">
	<remarks/>
</member><member name="M:MKTNet.SUIT_SERVICE_RETRIEVE.SUIT_WS_INTERNAL.APPROVE_SUITABILITY(System.String,System.String,System.String,System.DateTime,System.String,System.String)">
	<remarks/>
</member><member name="M:MKTNet.SUIT_SERVICE_RETRIEVE.SUIT_WS_INTERNAL.BeginAPPROVE_SUITABILITY(System.String,System.String,System.String,System.DateTime,System.String,System.String,System.AsyncCallback,System.Object)">
	<remarks/>
</member><member name="M:MKTNet.SUIT_SERVICE_RETRIEVE.SUIT_WS_INTERNAL.EndAPPROVE_SUITABILITY(System.IAsyncResult)">
	<remarks/>
</member><member name="M:MKTNet.SUIT_SERVICE_RETRIEVE.SUIT_WS_INTERNAL.APPROVE_SUITABILITYAsync(System.String,System.String,System.String,System.DateTime,System.String,System.String)">
	<remarks/>
</member><member name="M:MKTNet.SUIT_SERVICE_RETRIEVE.SUIT_WS_INTERNAL.APPROVE_SUITABILITYAsync(System.String,System.String,System.String,System.DateTime,System.String,System.String,System.Object)">
	<remarks/>
</member><member name="M:MKTNet.SUIT_SERVICE_RETRIEVE.SUIT_WS_INTERNAL.GET_MUSER(System.String,System.String,System.String)">
	<remarks/>
</member><member name="M:MKTNet.SUIT_SERVICE_RETRIEVE.SUIT_WS_INTERNAL.BeginGET_MUSER(System.String,System.String,System.String,System.AsyncCallback,System.Object)">
	<remarks/>
</member><member name="M:MKTNet.SUIT_SERVICE_RETRIEVE.SUIT_WS_INTERNAL.EndGET_MUSER(System.IAsyncResult)">
	<remarks/>
</member><member name="M:MKTNet.SUIT_SERVICE_RETRIEVE.SUIT_WS_INTERNAL.GET_MUSERAsync(System.String,System.String,System.String)">
	<remarks/>
</member><member name="M:MKTNet.SUIT_SERVICE_RETRIEVE.SUIT_WS_INTERNAL.GET_MUSERAsync(System.String,System.String,System.String,System.Object)">
	<remarks/>
</member><member name="M:MKTNet.SUIT_SERVICE_RETRIEVE.SUIT_WS_INTERNAL.GET_AUTHEN_SUIT(System.String,System.String,System.String,System.String@,System.String@,System.String@,System.String@,System.String@,System.String@,System.String@)">
	<remarks/>
</member><member name="M:MKTNet.SUIT_SERVICE_RETRIEVE.SUIT_WS_INTERNAL.BeginGET_AUTHEN_SUIT(System.String,System.String,System.String,System.String,System.String,System.String,System.String,System.String,System.String,System.String,System.AsyncCallback,System.Object)">
	<remarks/>
</member><member name="M:MKTNet.SUIT_SERVICE_RETRIEVE.SUIT_WS_INTERNAL.EndGET_AUTHEN_SUIT(System.IAsyncResult,System.String@,System.String@,System.String@,System.String@,System.String@,System.String@,System.String@)">
	<remarks/>
</member><member name="M:MKTNet.SUIT_SERVICE_RETRIEVE.SUIT_WS_INTERNAL.GET_AUTHEN_SUITAsync(System.String,System.String,System.String,System.String,System.String,System.String,System.String,System.String,System.String,System.String)">
	<remarks/>
</member><member name="M:MKTNet.SUIT_SERVICE_RETRIEVE.SUIT_WS_INTERNAL.GET_AUTHEN_SUITAsync(System.String,System.String,System.String,System.String,System.String,System.String,System.String,System.String,System.String,System.String,System.Object)">
	<remarks/>
</member><member name="M:MKTNet.SUIT_SERVICE_RETRIEVE.SUIT_WS_INTERNAL.GET_AUTHEN_SUIT_COUNTER(System.String,System.String,System.String)">
	<remarks/>
</member><member name="M:MKTNet.SUIT_SERVICE_RETRIEVE.SUIT_WS_INTERNAL.BeginGET_AUTHEN_SUIT_COUNTER(System.String,System.String,System.String,System.AsyncCallback,System.Object)">
	<remarks/>
</member><member name="M:MKTNet.SUIT_SERVICE_RETRIEVE.SUIT_WS_INTERNAL.EndGET_AUTHEN_SUIT_COUNTER(System.IAsyncResult)">
	<remarks/>
</member><member name="M:MKTNet.SUIT_SERVICE_RETRIEVE.SUIT_WS_INTERNAL.GET_AUTHEN_SUIT_COUNTERAsync(System.String,System.String,System.String)">
	<remarks/>
</member><member name="M:MKTNet.SUIT_SERVICE_RETRIEVE.SUIT_WS_INTERNAL.GET_AUTHEN_SUIT_COUNTERAsync(System.String,System.String,System.String,System.Object)">
	<remarks/>
</member><member name="M:MKTNet.SUIT_SERVICE_RETRIEVE.SUIT_WS_INTERNAL.GET_RPT_SUMMARY_SUIT(System.String,System.String,System.Int32)">
	<remarks/>
</member><member name="M:MKTNet.SUIT_SERVICE_RETRIEVE.SUIT_WS_INTERNAL.BeginGET_RPT_SUMMARY_SUIT(System.String,System.String,System.Int32,System.AsyncCallback,System.Object)">
	<remarks/>
</member><member name="M:MKTNet.SUIT_SERVICE_RETRIEVE.SUIT_WS_INTERNAL.EndGET_RPT_SUMMARY_SUIT(System.IAsyncResult)">
	<remarks/>
</member><member name="M:MKTNet.SUIT_SERVICE_RETRIEVE.SUIT_WS_INTERNAL.GET_RPT_SUMMARY_SUITAsync(System.String,System.String,System.Int32)">
	<remarks/>
</member><member name="M:MKTNet.SUIT_SERVICE_RETRIEVE.SUIT_WS_INTERNAL.GET_RPT_SUMMARY_SUITAsync(System.String,System.String,System.Int32,System.Object)">
	<remarks/>
</member><member name="M:MKTNet.SUIT_SERVICE_RETRIEVE.SUIT_WS_INTERNAL.GET_QHOLDER_TYPE(System.String)">
	<remarks/>
</member><member name="M:MKTNet.SUIT_SERVICE_RETRIEVE.SUIT_WS_INTERNAL.BeginGET_QHOLDER_TYPE(System.String,System.AsyncCallback,System.Object)">
	<remarks/>
</member><member name="M:MKTNet.SUIT_SERVICE_RETRIEVE.SUIT_WS_INTERNAL.EndGET_QHOLDER_TYPE(System.IAsyncResult)">
	<remarks/>
</member><member name="M:MKTNet.SUIT_SERVICE_RETRIEVE.SUIT_WS_INTERNAL.GET_QHOLDER_TYPEAsync(System.String)">
	<remarks/>
</member><member name="M:MKTNet.SUIT_SERVICE_RETRIEVE.SUIT_WS_INTERNAL.GET_QHOLDER_TYPEAsync(System.String,System.Object)">
	<remarks/>
</member><member name="M:MKTNet.SUIT_SERVICE_RETRIEVE.SUIT_WS_INTERNAL.CHECK_AGENT_SUIT(System.String,System.Int32@,System.String@)">
	<remarks/>
</member><member name="M:MKTNet.SUIT_SERVICE_RETRIEVE.SUIT_WS_INTERNAL.BeginCHECK_AGENT_SUIT(System.String,System.Int32,System.String,System.AsyncCallback,System.Object)">
	<remarks/>
</member><member name="M:MKTNet.SUIT_SERVICE_RETRIEVE.SUIT_WS_INTERNAL.EndCHECK_AGENT_SUIT(System.IAsyncResult,System.Int32@,System.String@)">
	<remarks/>
</member><member name="M:MKTNet.SUIT_SERVICE_RETRIEVE.SUIT_WS_INTERNAL.CHECK_AGENT_SUITAsync(System.String,System.Int32,System.String)">
	<remarks/>
</member><member name="M:MKTNet.SUIT_SERVICE_RETRIEVE.SUIT_WS_INTERNAL.CHECK_AGENT_SUITAsync(System.String,System.Int32,System.String,System.Object)">
	<remarks/>
</member><member name="M:MKTNet.SUIT_SERVICE_RETRIEVE.SUIT_WS_INTERNAL.GET_INV_LIMIT(System.String,System.String)">
	<remarks/>
</member><member name="M:MKTNet.SUIT_SERVICE_RETRIEVE.SUIT_WS_INTERNAL.BeginGET_INV_LIMIT(System.String,System.String,System.AsyncCallback,System.Object)">
	<remarks/>
</member><member name="M:MKTNet.SUIT_SERVICE_RETRIEVE.SUIT_WS_INTERNAL.EndGET_INV_LIMIT(System.IAsyncResult)">
	<remarks/>
</member><member name="M:MKTNet.SUIT_SERVICE_RETRIEVE.SUIT_WS_INTERNAL.GET_INV_LIMITAsync(System.String,System.String)">
	<remarks/>
</member><member name="M:MKTNet.SUIT_SERVICE_RETRIEVE.SUIT_WS_INTERNAL.GET_INV_LIMITAsync(System.String,System.String,System.Object)">
	<remarks/>
</member><member name="M:MKTNet.SUIT_SERVICE_RETRIEVE.SUIT_WS_INTERNAL.GET_RPT_C_SUIT(System.String,System.String,System.String,System.String,System.String,System.String)">
	<remarks/>
</member><member name="M:MKTNet.SUIT_SERVICE_RETRIEVE.SUIT_WS_INTERNAL.BeginGET_RPT_C_SUIT(System.String,System.String,System.String,System.String,System.String,System.String,System.AsyncCallback,System.Object)">
	<remarks/>
</member><member name="M:MKTNet.SUIT_SERVICE_RETRIEVE.SUIT_WS_INTERNAL.EndGET_RPT_C_SUIT(System.IAsyncResult)">
	<remarks/>
</member><member name="M:MKTNet.SUIT_SERVICE_RETRIEVE.SUIT_WS_INTERNAL.GET_RPT_C_SUITAsync(System.String,System.String,System.String,System.String,System.String,System.String)">
	<remarks/>
</member><member name="M:MKTNet.SUIT_SERVICE_RETRIEVE.SUIT_WS_INTERNAL.GET_RPT_C_SUITAsync(System.String,System.String,System.String,System.String,System.String,System.String,System.Object)">
	<remarks/>
</member><member name="M:MKTNet.SUIT_SERVICE_RETRIEVE.SUIT_WS_INTERNAL.GET_RPT_TBL_Q_Now(System.String,System.String,System.Int32)">
	<remarks/>
</member><member name="M:MKTNet.SUIT_SERVICE_RETRIEVE.SUIT_WS_INTERNAL.BeginGET_RPT_TBL_Q_Now(System.String,System.String,System.Int32,System.AsyncCallback,System.Object)">
	<remarks/>
</member><member name="M:MKTNet.SUIT_SERVICE_RETRIEVE.SUIT_WS_INTERNAL.EndGET_RPT_TBL_Q_Now(System.IAsyncResult)">
	<remarks/>
</member><member name="M:MKTNet.SUIT_SERVICE_RETRIEVE.SUIT_WS_INTERNAL.GET_RPT_TBL_Q_NowAsync(System.String,System.String,System.Int32)">
	<remarks/>
</member><member name="M:MKTNet.SUIT_SERVICE_RETRIEVE.SUIT_WS_INTERNAL.GET_RPT_TBL_Q_NowAsync(System.String,System.String,System.Int32,System.Object)">
	<remarks/>
</member><member name="M:MKTNet.SUIT_SERVICE_RETRIEVE.SUIT_WS_INTERNAL.GET_AGENT_MHOLD(System.String,System.Int32@,System.String@)">
	<remarks/>
</member><member name="M:MKTNet.SUIT_SERVICE_RETRIEVE.SUIT_WS_INTERNAL.BeginGET_AGENT_MHOLD(System.String,System.Int32,System.String,System.AsyncCallback,System.Object)">
	<remarks/>
</member><member name="M:MKTNet.SUIT_SERVICE_RETRIEVE.SUIT_WS_INTERNAL.EndGET_AGENT_MHOLD(System.IAsyncResult,System.Int32@,System.String@)">
	<remarks/>
</member><member name="M:MKTNet.SUIT_SERVICE_RETRIEVE.SUIT_WS_INTERNAL.GET_AGENT_MHOLDAsync(System.String,System.Int32,System.String)">
	<remarks/>
</member><member name="M:MKTNet.SUIT_SERVICE_RETRIEVE.SUIT_WS_INTERNAL.GET_AGENT_MHOLDAsync(System.String,System.Int32,System.String,System.Object)">
	<remarks/>
</member><member name="M:MKTNet.SUIT_SERVICE_RETRIEVE.SUIT_WS_INTERNAL.GET_SUIT_OWNER(System.String)">
	<remarks/>
</member><member name="M:MKTNet.SUIT_SERVICE_RETRIEVE.SUIT_WS_INTERNAL.BeginGET_SUIT_OWNER(System.String,System.AsyncCallback,System.Object)">
	<remarks/>
</member><member name="M:MKTNet.SUIT_SERVICE_RETRIEVE.SUIT_WS_INTERNAL.EndGET_SUIT_OWNER(System.IAsyncResult)">
	<remarks/>
</member><member name="M:MKTNet.SUIT_SERVICE_RETRIEVE.SUIT_WS_INTERNAL.GET_SUIT_OWNERAsync(System.String)">
	<remarks/>
</member><member name="M:MKTNet.SUIT_SERVICE_RETRIEVE.SUIT_WS_INTERNAL.GET_SUIT_OWNERAsync(System.String,System.Object)">
	<remarks/>
</member><member name="M:MKTNet.SUIT_SERVICE_RETRIEVE.SUIT_WS_INTERNAL.GetReturnCode">
	<remarks/>
</member><member name="M:MKTNet.SUIT_SERVICE_RETRIEVE.SUIT_WS_INTERNAL.BeginGetReturnCode(System.AsyncCallback,System.Object)">
	<remarks/>
</member><member name="M:MKTNet.SUIT_SERVICE_RETRIEVE.SUIT_WS_INTERNAL.EndGetReturnCode(System.IAsyncResult)">
	<remarks/>
</member><member name="M:MKTNet.SUIT_SERVICE_RETRIEVE.SUIT_WS_INTERNAL.GetReturnCodeAsync">
	<remarks/>
</member><member name="M:MKTNet.SUIT_SERVICE_RETRIEVE.SUIT_WS_INTERNAL.GetReturnCodeAsync(System.Object)">
	<remarks/>
</member><member name="M:MKTNet.SUIT_SERVICE_RETRIEVE.SUIT_WS_INTERNAL.GetSuitReturnDoc(System.String,System.String,System.String)">
	<remarks/>
</member><member name="M:MKTNet.SUIT_SERVICE_RETRIEVE.SUIT_WS_INTERNAL.BeginGetSuitReturnDoc(System.String,System.String,System.String,System.AsyncCallback,System.Object)">
	<remarks/>
</member><member name="M:MKTNet.SUIT_SERVICE_RETRIEVE.SUIT_WS_INTERNAL.EndGetSuitReturnDoc(System.IAsyncResult)">
	<remarks/>
</member><member name="M:MKTNet.SUIT_SERVICE_RETRIEVE.SUIT_WS_INTERNAL.GetSuitReturnDocAsync(System.String,System.String,System.String)">
	<remarks/>
</member><member name="M:MKTNet.SUIT_SERVICE_RETRIEVE.SUIT_WS_INTERNAL.GetSuitReturnDocAsync(System.String,System.String,System.String,System.Object)">
	<remarks/>
</member><member name="M:MKTNet.SUIT_SERVICE_RETRIEVE.SUIT_WS_INTERNAL.GetKYCReturnDoc(System.String,System.String,System.String)">
	<remarks/>
</member><member name="M:MKTNet.SUIT_SERVICE_RETRIEVE.SUIT_WS_INTERNAL.BeginGetKYCReturnDoc(System.String,System.String,System.String,System.AsyncCallback,System.Object)">
	<remarks/>
</member><member name="M:MKTNet.SUIT_SERVICE_RETRIEVE.SUIT_WS_INTERNAL.EndGetKYCReturnDoc(System.IAsyncResult)">
	<remarks/>
</member><member name="M:MKTNet.SUIT_SERVICE_RETRIEVE.SUIT_WS_INTERNAL.GetKYCReturnDocAsync(System.String,System.String,System.String)">
	<remarks/>
</member><member name="M:MKTNet.SUIT_SERVICE_RETRIEVE.SUIT_WS_INTERNAL.GetKYCReturnDocAsync(System.String,System.String,System.String,System.Object)">
	<remarks/>
</member><member name="M:MKTNet.SUIT_SERVICE_RETRIEVE.SUIT_WS_INTERNAL.UPDSuitReturnDoc(System.String,System.String,System.String,System.String,System.String,System.DateTime)">
	<remarks/>
</member><member name="M:MKTNet.SUIT_SERVICE_RETRIEVE.SUIT_WS_INTERNAL.BeginUPDSuitReturnDoc(System.String,System.String,System.String,System.String,System.String,System.DateTime,System.AsyncCallback,System.Object)">
	<remarks/>
</member><member name="M:MKTNet.SUIT_SERVICE_RETRIEVE.SUIT_WS_INTERNAL.EndUPDSuitReturnDoc(System.IAsyncResult)">
	<remarks/>
</member><member name="M:MKTNet.SUIT_SERVICE_RETRIEVE.SUIT_WS_INTERNAL.UPDSuitReturnDocAsync(System.String,System.String,System.String,System.String,System.String,System.DateTime)">
	<remarks/>
</member><member name="M:MKTNet.SUIT_SERVICE_RETRIEVE.SUIT_WS_INTERNAL.UPDSuitReturnDocAsync(System.String,System.String,System.String,System.String,System.String,System.DateTime,System.Object)">
	<remarks/>
</member><member name="M:MKTNet.SUIT_SERVICE_RETRIEVE.SUIT_WS_INTERNAL.UPDKYCReturnDoc(System.String,System.String,System.String,System.DateTime)">
	<remarks/>
</member><member name="M:MKTNet.SUIT_SERVICE_RETRIEVE.SUIT_WS_INTERNAL.BeginUPDKYCReturnDoc(System.String,System.String,System.String,System.DateTime,System.AsyncCallback,System.Object)">
	<remarks/>
</member><member name="M:MKTNet.SUIT_SERVICE_RETRIEVE.SUIT_WS_INTERNAL.EndUPDKYCReturnDoc(System.IAsyncResult)">
	<remarks/>
</member><member name="M:MKTNet.SUIT_SERVICE_RETRIEVE.SUIT_WS_INTERNAL.UPDKYCReturnDocAsync(System.String,System.String,System.String,System.DateTime)">
	<remarks/>
</member><member name="M:MKTNet.SUIT_SERVICE_RETRIEVE.SUIT_WS_INTERNAL.UPDKYCReturnDocAsync(System.String,System.String,System.String,System.DateTime,System.Object)">
	<remarks/>
</member><member name="M:MKTNet.SUIT_SERVICE_RETRIEVE.SUIT_WS_INTERNAL.CancelAsync(System.Object)">
	<remarks/>
</member><member name="T:MKTNet.SUIT_SERVICE_RETRIEVE.SUIT_WS_INTERNAL">
	<remarks/>
</member><member name="T:MKTNet.SUIT_SERVICE_RETRIEVE.GetQuizCompletedEventHandler">
	<remarks/>
</member><member name="P:MKTNet.SUIT_SERVICE_RETRIEVE.GetQuizCompletedEventArgs.Result">
	<remarks/>
</member><member name="T:MKTNet.SUIT_SERVICE_RETRIEVE.GetQuizCompletedEventArgs">
	<remarks/>
</member><member name="T:MKTNet.SUIT_SERVICE_RETRIEVE.GetScoreByAnswerCompletedEventHandler">
	<remarks/>
</member><member name="P:MKTNet.SUIT_SERVICE_RETRIEVE.GetScoreByAnswerCompletedEventArgs.Result">
	<remarks/>
</member><member name="T:MKTNet.SUIT_SERVICE_RETRIEVE.GetScoreByAnswerCompletedEventArgs">
	<remarks/>
</member><member name="T:MKTNet.SUIT_SERVICE_RETRIEVE.SaveSuitabilityCompletedEventHandler">
	<remarks/>
</member><member name="P:MKTNet.SUIT_SERVICE_RETRIEVE.SaveSuitabilityCompletedEventArgs.Result">
	<remarks/>
</member><member name="T:MKTNet.SUIT_SERVICE_RETRIEVE.SaveSuitabilityCompletedEventArgs">
	<remarks/>
</member><member name="T:MKTNet.SUIT_SERVICE_RETRIEVE.CHECK_SUITCompletedEventHandler">
	<remarks/>
</member><member name="P:MKTNet.SUIT_SERVICE_RETRIEVE.CHECK_SUITCompletedEventArgs.Result">
	<remarks/>
</member><member name="T:MKTNet.SUIT_SERVICE_RETRIEVE.CHECK_SUITCompletedEventArgs">
	<remarks/>
</member><member name="T:MKTNet.SUIT_SERVICE_RETRIEVE.CHK_NEW_CUSCompletedEventHandler">
	<remarks/>
</member><member name="P:MKTNet.SUIT_SERVICE_RETRIEVE.CHK_NEW_CUSCompletedEventArgs.Result">
	<remarks/>
</member><member name="P:MKTNet.SUIT_SERVICE_RETRIEVE.CHK_NEW_CUSCompletedEventArgs.cisNo">
	<remarks/>
</member><member name="P:MKTNet.SUIT_SERVICE_RETRIEVE.CHK_NEW_CUSCompletedEventArgs.refNo">
	<remarks/>
</member><member name="P:MKTNet.SUIT_SERVICE_RETRIEVE.CHK_NEW_CUSCompletedEventArgs.agentCode">
	<remarks/>
</member><member name="T:MKTNet.SUIT_SERVICE_RETRIEVE.CHK_NEW_CUSCompletedEventArgs">
	<remarks/>
</member><member name="T:MKTNet.SUIT_SERVICE_RETRIEVE.CHECK_SUIT_BY_AUTHENCompletedEventHandler">
	<remarks/>
</member><member name="P:MKTNet.SUIT_SERVICE_RETRIEVE.CHECK_SUIT_BY_AUTHENCompletedEventArgs.Result">
	<remarks/>
</member><member name="P:MKTNet.SUIT_SERVICE_RETRIEVE.CHECK_SUIT_BY_AUTHENCompletedEventArgs.cisNo">
	<remarks/>
</member><member name="P:MKTNet.SUIT_SERVICE_RETRIEVE.CHECK_SUIT_BY_AUTHENCompletedEventArgs.refNo">
	<remarks/>
</member><member name="P:MKTNet.SUIT_SERVICE_RETRIEVE.CHECK_SUIT_BY_AUTHENCompletedEventArgs.BR_CODE">
	<remarks/>
</member><member name="P:MKTNet.SUIT_SERVICE_RETRIEVE.CHECK_SUIT_BY_AUTHENCompletedEventArgs.m_code">
	<remarks/>
</member><member name="P:MKTNet.SUIT_SERVICE_RETRIEVE.CHECK_SUIT_BY_AUTHENCompletedEventArgs.m_str">
	<remarks/>
</member><member name="T:MKTNet.SUIT_SERVICE_RETRIEVE.CHECK_SUIT_BY_AUTHENCompletedEventArgs">
	<remarks/>
</member><member name="T:MKTNet.SUIT_SERVICE_RETRIEVE.GET_INFO_CUST_BY_CISNOCompletedEventHandler">
	<remarks/>
</member><member name="P:MKTNet.SUIT_SERVICE_RETRIEVE.GET_INFO_CUST_BY_CISNOCompletedEventArgs.Result">
	<remarks/>
</member><member name="P:MKTNet.SUIT_SERVICE_RETRIEVE.GET_INFO_CUST_BY_CISNOCompletedEventArgs.REFNO">
	<remarks/>
</member><member name="P:MKTNet.SUIT_SERVICE_RETRIEVE.GET_INFO_CUST_BY_CISNOCompletedEventArgs.m_code">
	<remarks/>
</member><member name="P:MKTNet.SUIT_SERVICE_RETRIEVE.GET_INFO_CUST_BY_CISNOCompletedEventArgs.m_str">
	<remarks/>
</member><member name="T:MKTNet.SUIT_SERVICE_RETRIEVE.GET_INFO_CUST_BY_CISNOCompletedEventArgs">
	<remarks/>
</member><member name="T:MKTNet.SUIT_SERVICE_RETRIEVE.GET_UNAPPROVEQCompletedEventHandler">
	<remarks/>
</member><member name="P:MKTNet.SUIT_SERVICE_RETRIEVE.GET_UNAPPROVEQCompletedEventArgs.Result">
	<remarks/>
</member><member name="T:MKTNet.SUIT_SERVICE_RETRIEVE.GET_UNAPPROVEQCompletedEventArgs">
	<remarks/>
</member><member name="T:MKTNet.SUIT_SERVICE_RETRIEVE.DEL_SUITABILITYCompletedEventHandler">
	<remarks/>
</member><member name="P:MKTNet.SUIT_SERVICE_RETRIEVE.DEL_SUITABILITYCompletedEventArgs.Result">
	<remarks/>
</member><member name="T:MKTNet.SUIT_SERVICE_RETRIEVE.DEL_SUITABILITYCompletedEventArgs">
	<remarks/>
</member><member name="T:MKTNet.SUIT_SERVICE_RETRIEVE.APPROVE_SUITABILITYCompletedEventHandler">
	<remarks/>
</member><member name="P:MKTNet.SUIT_SERVICE_RETRIEVE.APPROVE_SUITABILITYCompletedEventArgs.Result">
	<remarks/>
</member><member name="T:MKTNet.SUIT_SERVICE_RETRIEVE.APPROVE_SUITABILITYCompletedEventArgs">
	<remarks/>
</member><member name="T:MKTNet.SUIT_SERVICE_RETRIEVE.GET_MUSERCompletedEventHandler">
	<remarks/>
</member><member name="P:MKTNet.SUIT_SERVICE_RETRIEVE.GET_MUSERCompletedEventArgs.Result">
	<remarks/>
</member><member name="T:MKTNet.SUIT_SERVICE_RETRIEVE.GET_MUSERCompletedEventArgs">
	<remarks/>
</member><member name="T:MKTNet.SUIT_SERVICE_RETRIEVE.GET_AUTHEN_SUITCompletedEventHandler">
	<remarks/>
</member><member name="P:MKTNet.SUIT_SERVICE_RETRIEVE.GET_AUTHEN_SUITCompletedEventArgs.Result">
	<remarks/>
</member><member name="P:MKTNet.SUIT_SERVICE_RETRIEVE.GET_AUTHEN_SUITCompletedEventArgs.mktDept">
	<remarks/>
</member><member name="P:MKTNet.SUIT_SERVICE_RETRIEVE.GET_AUTHEN_SUITCompletedEventArgs.agentCode">
	<remarks/>
</member><member name="P:MKTNet.SUIT_SERVICE_RETRIEVE.GET_AUTHEN_SUITCompletedEventArgs.agentID">
	<remarks/>
</member><member name="P:MKTNet.SUIT_SERVICE_RETRIEVE.GET_AUTHEN_SUITCompletedEventArgs.agentBran">
	<remarks/>
</member><member name="P:MKTNet.SUIT_SERVICE_RETRIEVE.GET_AUTHEN_SUITCompletedEventArgs.username">
	<remarks/>
</member><member name="P:MKTNet.SUIT_SERVICE_RETRIEVE.GET_AUTHEN_SUITCompletedEventArgs.level_code">
	<remarks/>
</member><member name="P:MKTNet.SUIT_SERVICE_RETRIEVE.GET_AUTHEN_SUITCompletedEventArgs.m_str">
	<remarks/>
</member><member name="T:MKTNet.SUIT_SERVICE_RETRIEVE.GET_AUTHEN_SUITCompletedEventArgs">
	<remarks/>
</member><member name="T:MKTNet.SUIT_SERVICE_RETRIEVE.GET_AUTHEN_SUIT_COUNTERCompletedEventHandler">
	<remarks/>
</member><member name="P:MKTNet.SUIT_SERVICE_RETRIEVE.GET_AUTHEN_SUIT_COUNTERCompletedEventArgs.Result">
	<remarks/>
</member><member name="T:MKTNet.SUIT_SERVICE_RETRIEVE.GET_AUTHEN_SUIT_COUNTERCompletedEventArgs">
	<remarks/>
</member><member name="T:MKTNet.SUIT_SERVICE_RETRIEVE.GET_RPT_SUMMARY_SUITCompletedEventHandler">
	<remarks/>
</member><member name="P:MKTNet.SUIT_SERVICE_RETRIEVE.GET_RPT_SUMMARY_SUITCompletedEventArgs.Result">
	<remarks/>
</member><member name="T:MKTNet.SUIT_SERVICE_RETRIEVE.GET_RPT_SUMMARY_SUITCompletedEventArgs">
	<remarks/>
</member><member name="T:MKTNet.SUIT_SERVICE_RETRIEVE.GET_QHOLDER_TYPECompletedEventHandler">
	<remarks/>
</member><member name="P:MKTNet.SUIT_SERVICE_RETRIEVE.GET_QHOLDER_TYPECompletedEventArgs.Result">
	<remarks/>
</member><member name="T:MKTNet.SUIT_SERVICE_RETRIEVE.GET_QHOLDER_TYPECompletedEventArgs">
	<remarks/>
</member><member name="T:MKTNet.SUIT_SERVICE_RETRIEVE.CHECK_AGENT_SUITCompletedEventHandler">
	<remarks/>
</member><member name="P:MKTNet.SUIT_SERVICE_RETRIEVE.CHECK_AGENT_SUITCompletedEventArgs.Result">
	<remarks/>
</member><member name="P:MKTNet.SUIT_SERVICE_RETRIEVE.CHECK_AGENT_SUITCompletedEventArgs.m_code">
	<remarks/>
</member><member name="P:MKTNet.SUIT_SERVICE_RETRIEVE.CHECK_AGENT_SUITCompletedEventArgs.m_str">
	<remarks/>
</member><member name="T:MKTNet.SUIT_SERVICE_RETRIEVE.CHECK_AGENT_SUITCompletedEventArgs">
	<remarks/>
</member><member name="T:MKTNet.SUIT_SERVICE_RETRIEVE.GET_INV_LIMITCompletedEventHandler">
	<remarks/>
</member><member name="P:MKTNet.SUIT_SERVICE_RETRIEVE.GET_INV_LIMITCompletedEventArgs.Result">
	<remarks/>
</member><member name="T:MKTNet.SUIT_SERVICE_RETRIEVE.GET_INV_LIMITCompletedEventArgs">
	<remarks/>
</member><member name="T:MKTNet.SUIT_SERVICE_RETRIEVE.GET_RPT_C_SUITCompletedEventHandler">
	<remarks/>
</member><member name="P:MKTNet.SUIT_SERVICE_RETRIEVE.GET_RPT_C_SUITCompletedEventArgs.Result">
	<remarks/>
</member><member name="T:MKTNet.SUIT_SERVICE_RETRIEVE.GET_RPT_C_SUITCompletedEventArgs">
	<remarks/>
</member><member name="T:MKTNet.SUIT_SERVICE_RETRIEVE.GET_RPT_TBL_Q_NowCompletedEventHandler">
	<remarks/>
</member><member name="P:MKTNet.SUIT_SERVICE_RETRIEVE.GET_RPT_TBL_Q_NowCompletedEventArgs.Result">
	<remarks/>
</member><member name="T:MKTNet.SUIT_SERVICE_RETRIEVE.GET_RPT_TBL_Q_NowCompletedEventArgs">
	<remarks/>
</member><member name="T:MKTNet.SUIT_SERVICE_RETRIEVE.GET_AGENT_MHOLDCompletedEventHandler">
	<remarks/>
</member><member name="P:MKTNet.SUIT_SERVICE_RETRIEVE.GET_AGENT_MHOLDCompletedEventArgs.Result">
	<remarks/>
</member><member name="P:MKTNet.SUIT_SERVICE_RETRIEVE.GET_AGENT_MHOLDCompletedEventArgs.m_code">
	<remarks/>
</member><member name="P:MKTNet.SUIT_SERVICE_RETRIEVE.GET_AGENT_MHOLDCompletedEventArgs.m_str">
	<remarks/>
</member><member name="T:MKTNet.SUIT_SERVICE_RETRIEVE.GET_AGENT_MHOLDCompletedEventArgs">
	<remarks/>
</member><member name="T:MKTNet.SUIT_SERVICE_RETRIEVE.GET_SUIT_OWNERCompletedEventHandler">
	<remarks/>
</member><member name="P:MKTNet.SUIT_SERVICE_RETRIEVE.GET_SUIT_OWNERCompletedEventArgs.Result">
	<remarks/>
</member><member name="T:MKTNet.SUIT_SERVICE_RETRIEVE.GET_SUIT_OWNERCompletedEventArgs">
	<remarks/>
</member><member name="T:MKTNet.SUIT_SERVICE_RETRIEVE.GetReturnCodeCompletedEventHandler">
	<remarks/>
</member><member name="P:MKTNet.SUIT_SERVICE_RETRIEVE.GetReturnCodeCompletedEventArgs.Result">
	<remarks/>
</member><member name="T:MKTNet.SUIT_SERVICE_RETRIEVE.GetReturnCodeCompletedEventArgs">
	<remarks/>
</member><member name="T:MKTNet.SUIT_SERVICE_RETRIEVE.GetSuitReturnDocCompletedEventHandler">
	<remarks/>
</member><member name="P:MKTNet.SUIT_SERVICE_RETRIEVE.GetSuitReturnDocCompletedEventArgs.Result">
	<remarks/>
</member><member name="T:MKTNet.SUIT_SERVICE_RETRIEVE.GetSuitReturnDocCompletedEventArgs">
	<remarks/>
</member><member name="T:MKTNet.SUIT_SERVICE_RETRIEVE.GetKYCReturnDocCompletedEventHandler">
	<remarks/>
</member><member name="P:MKTNet.SUIT_SERVICE_RETRIEVE.GetKYCReturnDocCompletedEventArgs.Result">
	<remarks/>
</member><member name="T:MKTNet.SUIT_SERVICE_RETRIEVE.GetKYCReturnDocCompletedEventArgs">
	<remarks/>
</member><member name="T:MKTNet.SUIT_SERVICE_RETRIEVE.UPDSuitReturnDocCompletedEventHandler">
	<remarks/>
</member><member name="P:MKTNet.SUIT_SERVICE_RETRIEVE.UPDSuitReturnDocCompletedEventArgs.Result">
	<remarks/>
</member><member name="T:MKTNet.SUIT_SERVICE_RETRIEVE.UPDSuitReturnDocCompletedEventArgs">
	<remarks/>
</member><member name="T:MKTNet.SUIT_SERVICE_RETRIEVE.UPDKYCReturnDocCompletedEventHandler">
	<remarks/>
</member><member name="P:MKTNet.SUIT_SERVICE_RETRIEVE.UPDKYCReturnDocCompletedEventArgs.Result">
	<remarks/>
</member><member name="T:MKTNet.SUIT_SERVICE_RETRIEVE.UPDKYCReturnDocCompletedEventArgs">
	<remarks/>
</member><member name="M:MKTNet.MKTChangePassword.ChkOldPassword(System.String,System.String,System.String)">
Private objUtil As New clsUtil
Private objMsg As New clsMSG
Private objAuthen As clsAuthorize

</member><member name="F:MKTNet.NoSession.form1">
	<summary>
form1 control.
</summary>
	<remarks>
Auto-generated field.
To modify move field declaration from designer file to code-behind file.
</remarks>
</member>
</members>
</doc>