﻿<?xml version="1.0"?>
<doc>
<assembly>
<name>
ReportLibrary
</name>
</assembly>
<members>
<member name="M:ReportLibrary.MktService.Service_MktEnq.#ctor">
	<remarks/>
</member><member name="E:ReportLibrary.MktService.Service_MktEnq.CustDataCompleted">
	<remarks/>
</member><member name="E:ReportLibrary.MktService.Service_MktEnq.MShare_DetailCompleted">
	<remarks/>
</member><member name="E:ReportLibrary.MktService.Service_MktEnq.Fund_ReturnCompleted">
	<remarks/>
</member><member name="M:ReportLibrary.MktService.Service_MktEnq.CustData(System.String,System.String)">
	<remarks/>
</member><member name="M:ReportLibrary.MktService.Service_MktEnq.BeginCustData(System.String,System.String,System.AsyncCallback,System.Object)">
	<remarks/>
</member><member name="M:ReportLibrary.MktService.Service_MktEnq.EndCustData(System.IAsyncResult)">
	<remarks/>
</member><member name="M:ReportLibrary.MktService.Service_MktEnq.CustDataAsync(System.String,System.String)">
	<remarks/>
</member><member name="M:ReportLibrary.MktService.Service_MktEnq.CustDataAsync(System.String,System.String,System.Object)">
	<remarks/>
</member><member name="M:ReportLibrary.MktService.Service_MktEnq.MShare_Detail(System.String,System.String,System.Boolean)">
	<remarks/>
</member><member name="M:ReportLibrary.MktService.Service_MktEnq.BeginMShare_Detail(System.String,System.String,System.Boolean,System.AsyncCallback,System.Object)">
	<remarks/>
</member><member name="M:ReportLibrary.MktService.Service_MktEnq.EndMShare_Detail(System.IAsyncResult)">
	<remarks/>
</member><member name="M:ReportLibrary.MktService.Service_MktEnq.MShare_DetailAsync(System.String,System.String,System.Boolean)">
	<remarks/>
</member><member name="M:ReportLibrary.MktService.Service_MktEnq.MShare_DetailAsync(System.String,System.String,System.Boolean,System.Object)">
	<remarks/>
</member><member name="M:ReportLibrary.MktService.Service_MktEnq.Fund_Return(System.String,System.String,System.String)">
	<remarks/>
</member><member name="M:ReportLibrary.MktService.Service_MktEnq.BeginFund_Return(System.String,System.String,System.String,System.AsyncCallback,System.Object)">
	<remarks/>
</member><member name="M:ReportLibrary.MktService.Service_MktEnq.EndFund_Return(System.IAsyncResult)">
	<remarks/>
</member><member name="M:ReportLibrary.MktService.Service_MktEnq.Fund_ReturnAsync(System.String,System.String,System.String)">
	<remarks/>
</member><member name="M:ReportLibrary.MktService.Service_MktEnq.Fund_ReturnAsync(System.String,System.String,System.String,System.Object)">
	<remarks/>
</member><member name="M:ReportLibrary.MktService.Service_MktEnq.CancelAsync(System.Object)">
	<remarks/>
</member><member name="T:ReportLibrary.MktService.Service_MktEnq">
	<remarks/>
</member><member name="T:ReportLibrary.MktService.CustDataCompletedEventHandler">
	<remarks/>
</member><member name="P:ReportLibrary.MktService.CustDataCompletedEventArgs.Result">
	<remarks/>
</member><member name="T:ReportLibrary.MktService.CustDataCompletedEventArgs">
	<remarks/>
</member><member name="T:ReportLibrary.MktService.MShare_DetailCompletedEventHandler">
	<remarks/>
</member><member name="P:ReportLibrary.MktService.MShare_DetailCompletedEventArgs.Result">
	<remarks/>
</member><member name="T:ReportLibrary.MktService.MShare_DetailCompletedEventArgs">
	<remarks/>
</member><member name="T:ReportLibrary.MktService.Fund_ReturnCompletedEventHandler">
	<remarks/>
</member><member name="P:ReportLibrary.MktService.Fund_ReturnCompletedEventArgs.Result">
	<remarks/>
</member><member name="T:ReportLibrary.MktService.Fund_ReturnCompletedEventArgs">
	<remarks/>
</member>
</members>
</doc>