<?xml version="1.0" encoding="utf-8"?>
<!-- edited with XMLSpy v2010 rel. 3 (http://www.altova.com) by Chakz (TFUND) -->
<Settings FirstValueValidation="^\S+$" FirstDataRow="2" xmlns:xsi="http://www.w3.org/2001/XMLSchema-instance" xsi:noNamespaceSchemaLocation="file:///C:/Projects/Chakkaphan/lib.tfund/lib.tfund.excel/ColumnSettings.xsd">
	<Column Index="1" Name="CIS_NO" Type="String" Description="GIIN"/>
	<Column Index="2" Name="FIRST_NAME" Type="String" Description="FIRST_NAME"/>
	<Column Index="3" Name="LAST_NAME" Type="String" Description="LAST_NAME"/>
	<Column Index="4" Name="PERSON_TYPE" Type="String" Description="PERSON_TYPE"/>
	<Column Index="5" Name="TIN" Type="String" Description="TIN" />
	<Column Index="6" Name="BTH_DATE" Type="String" Description="BTH_DATE"/>
	<Column Index="7" Name="ADDRESS" Type="String" Description="ADDRESS"/>
	<Column Index="8" Name="ADDRESS_COUNTRY" Type="String" Description="ADDRESS_COUNTRY"/>
	<Column Index="9" Name="OUTSTANDING_AMT" Type="String" Description="OUTSTANDING_AMT"/>
	<Column Index="10" Name="CURRENCY_CODE" Type="String" Description="CURRENCY_CODE" />
	<Column Index="11" Name="DIVIDEND_AMT" Type="String" Description="DIVIDEND_AMT"/>
	<Column Index="12" Name="AcctHolderType" Type="String" Description="AcctHolderType"/>
</Settings>
